name,area,lat,lng,capacity,phone,vulnerable
五峰活動中心,新竹縣,24.386,121.073,110,03-5851001,1
金門縣烈嶼鄉林湖村辦公處,金門縣烈嶼鄉林湖村,24.42833,118.24857,30,082-364503,1
南坑村集會所暨南外社區活動中心,新竹縣北埔鄉南坑村,24.6725,121.0561,20,03-5805355,
烏坵鄉小坵村活動中心,金門縣烏坵鄉小坵村,24.98,119.47,20,82666056,
金門縣烏坵鄉公所大廳,金門縣烏坵鄉大坵村,24.98874,119.45318,30,0826-66056,
霞雲社區活動中心,桃園市復興區霞雲里,24.81402,121.40624,36,,
澤仁里辦公處,桃園市復興區澤仁里,24.8206,121.35199,40,,
奎輝里活動中心,桃園市復興區奎輝里,24.79705,121.3343,50,,
高義教會,桃園市復興區高義里,24.70611,121.35446,61,,
東莒老人活動中心,連江縣莒光鄉大坪村,25.95667,119.97721,,0836-8914621,
福正風景管理處,連江縣莒光鄉福正村,25.96185,119.98535,,0836-89338,
莒光指揮部國軍文康中心,連江縣莒光鄉西坵村,25.97828,119.93212,,0836-89217,
田沃老人活動中心,連江縣莒光鄉田沃村,25.97244,119.94492,,0836-89146,
青帆老人活動中心,連江縣莒光鄉青帆村,25.97,119.93371,150,0836-89416,
敬恆國中小禮堂,連江縣莒光鄉青帆村,25.97082,119.93393,200,0836-88254,
東莒國小綜合教室,連江縣莒光鄉大坪村,25.95748,119.97711,200,0836-89043203,
石牌社區活動中心,桃園市新屋區石牌里,26.0,121.0513,50,4778168,1
上大社區活動中心,桃園市觀音區上大里,24.97823,121.14733,,919103049,
武威社區活動中心,桃園市觀音區武威里,25.02824,121.07332,,972196113,
塔腳社區活動中心,桃園市觀音區塔腳里,25.0493,121.15471,,932948680,
廣福社區活動中心,桃園市觀音區廣福里,25.01902,121.15338,,4983945,
草漯國民小學,桃園市觀音區草新里,25.04594,121.14294,100,,
上大國民小學,桃園市觀音區上大里,24.97913,121.14675,100,,
崙坪國民小學,桃園市觀音區崙坪里,24.9996,121.16268,100,,
富林國民小學,桃園市觀音區富林里,25.06219,121.1285,100,,
樹林國民小學,桃園市觀音區樹林里,25.06218,121.12847,100,,
觀音區公所綠資源中心,桃園市觀音區觀音里,25.02828,121.0836,,925629102,
高雄市前鎮區光華國民小學,高雄市前鎮區竹中里,22.615,120.32,300,7222846,1
大武國小,臺東縣大武鄉大武村,22.36501,120.9055,350,089-791826,1
尖山國小操場,苗栗縣頭份市尖下里,24.64686,120.89405,200,,1
高雄市小港區鳳林國民小學,高雄市小港區鳳源里,22.527,120.343,300,,
大武社區活動中心,屏東縣霧臺鄉大武村,22.75753,120.75478,30,932451102,1
和平國小,花蓮縣秀林鄉和平村,24.30807,121.74888,250,03-868113,
佳義社區活動中心,屏東縣瑪家鄉佳義村,22.65348,120.63087,,08-7990209,1
中東社區活動中心,彰化縣員林市中東里,23.97141,120.59969,30,8347171,
崇實高工體育館,彰化縣員林市三和里,23.96106,120.57485,80,8347171,
東芳國小,彰化縣彰化市東芳里,24.06254,120.51635,145,72221411710,
三義社區活動中心,彰化縣員林市三義里,23.95268,120.56353,200,8347171,
大同國中,彰化縣員林市三和里,23.96321,120.5795,200,8347171,
員林農工體育館,彰化縣員林市萬年里,23.95519,120.58169,200,8347171,
員林市員東國小,彰化縣員林市南東里,23.96188,120.58731,200,8347171,
員林市員林國中活動中心,彰化縣員林市南興里,23.97918,120.55709,200,8347171,
員林市員林國小,彰化縣員林市中正里,23.96006,120.57921,300,8347171,
健康公園,臺中市南區平和里,24.11976,120.66755,7500,04-22289111-33920,1
屏東市信義國小,屏東縣屏東市北勢里,22.68523,120.49197,965,,1
光隆營區,臺中市太平區黃竹里,24.1112,120.7305,80,,
大快官藝文館,彰化縣彰化市福田里,24.06865,120.61316,45,04-72221411710,
彰德國中勤學樓、育英樓穿堂,彰化縣彰化市香山里,24.08054,120.58934,45,,
介壽社區活動中心,彰化縣彰化市介壽里,24.07087,120.55173,45,04-72221411710,
國聖國小,彰化縣彰化市國聖里,24.09229,120.56809,54,04-72221411710,
石牌國小,彰化縣彰化市石牌里,24.05856,120.61494,63,04-72221411710,
茄苳社區活動中心,彰化縣彰化市茄苳里,24.10378,120.54794,64,04-72221411710,
三民國小,彰化縣彰化市田中里,24.08574,120.60455,77,04-72221411710,
南北管戲曲音樂館,彰化縣彰化市崙平里,24.06821,120.52985,77,04-7639509,
牛埔社區活動中心,彰化縣彰化市牛埔里,24.08137,120.59753,78,,
桃源社區活動中心,彰化縣彰化市桃源里,24.07255,120.55905,90,04-72221411710,
南興社區活動中心,彰化縣彰化市南興里,24.0566,120.53319,93,04-72221411718,
快官社區活動中心,彰化縣彰化市快官里,24.06842,120.61201,115,04-72221411710,
福山社區活動中心,彰化縣彰化市福山里,24.08267,120.57139,177,04-72221411710,
延和社區活動中心,彰化縣彰化市延和里,24.05931,120.53825,184,04-72221411710,
泰和國小,彰化縣彰化市阿夷里,24.0925,120.55168,203,04-72221411710,
彰興國中,彰化縣彰化市延和里,24.05927,120.53825,242,04-72221411710,
信義國中小,彰化縣彰化市向陽里,24.06272,120.52814,399,04-7221411710,
雅溝社區活動中心,彰化縣和美鎮雅溝里,24.09971,120.49252,150,7552354,
湖口鄉信勢國小禮堂,新竹縣湖口鄉信勢村,21.9002,121.0376,385,03-5993911,1
港口社區活動中心,屏東縣滿州鄉港口村,21.9912,120.8271,50,08-8801356,1
恆春國中收容所,屏東縣恆春鎮城南里,22.0031,120.7475,1400,08-8892039,1
恆春鎮公所,屏東縣恆春鎮城南里,22.0038,120.7474,220,08-8896883,1
永靖社區活動中心,屏東縣滿州鄉永靖村,22.0052,120.8092,30,08-8802248,
永港國民小學,屏東縣滿州鄉永靖村,22.00568,120.81738,100,,1
恒春國小收容所,屏東縣恆春鎮城北里,22.0064,120.7466,200,08-8892035,1
僑勇國小收容所,屏東縣恆春鎮城西里,22.0087,120.7442,430,08-8893034,1
滿州國民小學,屏東縣滿州鄉滿州村,22.02038,120.8381,100,,1
屏東縣滿州鄉公所,屏東縣滿州鄉滿州村,22.0209,120.8386,30,,1
舊蘭嶼國小,臺東縣蘭嶼鄉紅頭村,22.0211,121.5546,100,,
滿州社區活動中心,屏東縣滿州鄉滿州村,22.0233,120.8371,30,08-8801375,1
屏東縣滿州鄉圖書館,屏東縣滿州鄉滿州村,22.0243,120.8377,100,,1
滿州國民中學,屏東縣滿州鄉滿州村,22.0245,120.8397,100,,1
蘭恩活動中心,臺東縣蘭嶼鄉紅頭村,22.026,121.539,500,,
蘭嶼國民小學,臺東縣蘭嶼鄉紅頭村,22.0302,121.5266,100,,1
響林活動中心,屏東縣滿州鄉,22.0377,120.8335,50,08-8801348,1
椰油國民小學,臺東縣蘭嶼鄉椰油村,22.0453,121.5176,100,,1
蘭嶼完全高級中學,臺東縣蘭嶼鄉椰油村,22.0494,121.5126,500,,
屏東縣立車城國小保力分校,屏東縣車城鄉保力村,22.0561,120.7275,63,08-8821009,1
屏東縣立車城國小射寮分校,屏東縣車城鄉埔墘村,22.0567,120.7118,63,08-8821010,1
屏東縣立車城國中,屏東縣車城鄉福興村,22.0729,120.7165,350,08-8821045,1
高士國小牡林分校,屏東縣牡丹鄉四林村,22.0731,120.8139,304,08-8811160,1
長樂村長壽俱樂部,屏東縣滿州鄉長樂村,22.0742,120.8258,50,08-8811815,1
屏東縣立車城國小,屏東縣車城鄉福興村,22.0749,120.7146,250,08-8821006,1
長樂國小,屏東縣滿州鄉長樂村,22.0755,120.8286,120,,
車城福安宮香客大樓,屏東縣車城鄉福安村,22.0766,120.7119,100,08-8821345,1
朗島國小,臺東縣蘭嶼鄉朗島村,22.0792,121.5286,100,89732019,1
屏東縣立車城國小溫泉分校,屏東縣車城鄉溫泉村,22.096,120.7487,63,08-8821005,1
九棚永久屋大愛基地活動中心,屏東縣滿州鄉九棚村,22.11108,120.87378,100,,
高士國小,屏東縣牡丹鄉高士村,22.1248,120.847,350,08-8810497,1
石門村活動中心,屏東縣牡丹鄉石門村,22.1254,120.774,100,08-8831045,1
港仔活動中心,屏東縣滿州鄉港仔村,22.1334,120.8815,50,08-8810429,1
竹坑活動中心,屏東縣獅子鄉竹坑村,22.1454,120.7012,40,08-8770106,1
牡丹國小,屏東縣牡丹鄉牡丹村,22.1766,120.8377,350,08-8830057,1
楓港國民小學,屏東縣枋山鄉善餘村,22.1902,120.6922,90,08-8771158,1
旭海村活動中心,屏東縣牡丹鄉旭海村,22.1917,120.8786,250,08-8830117,1
楓港老人文康中心,屏東縣枋山鄉楓港村,22.193,120.6895,80,08-8772073,1
楓林國小,屏東縣獅子鄉楓林村,22.2022,120.7038,50,08-8771371,1
丹路國小,屏東縣獅子鄉丹路村,22.2034,120.7515,50,08-8771144,1
獅子鄉立綜合體育館,屏東縣獅子鄉楓林村,22.2051,120.7014,100,,1
東源村活動中心,屏東縣牡丹鄉東源村,22.2052,120.851,250,08-8830116,1
內文活動中心,屏東縣獅子鄉內文村,22.2183,120.8507,40,08-8700005,1
獅子活動中心,屏東縣獅子鄉獅子村,22.2323,120.6805,,08-8761194,
草埔活動中心,屏東縣獅子鄉草埔村,22.2341,120.8014,40,08-8701163,1
枋山鄉公所,屏東縣枋山鄉枋山村,22.26397,120.65242,50,07-8761107,1
枋寮高中正成分校,屏東縣枋山鄉枋山村,22.2643,120.6606,150,08-8761140,1
南田基督教會,臺東縣達仁鄉南田村,22.27668,120.89026,50,089-702116,
森永活動中心,臺東縣達仁鄉森永村,22.28064,120.86483,100,089-702136,
南田活動中心,臺東縣達仁鄉南田村,22.28651,120.88897,100,089-702285,
安朔基督教會,臺東縣達仁鄉森永村,22.293,120.86602,50,089-702277,
安朔集會所,臺東縣達仁鄉安朔村,22.2935,120.86775,50,089-702071,
安朔國小,臺東縣達仁鄉安朔村,22.29429,120.86828,200,089-702275,1
達仁鄉公所禮堂,臺東縣達仁鄉安朔村,22.297,120.88306,100,089-702249,
大南國民小學,臺東縣卑南鄉東興村,22.30165,121.01638,50,089-382402,
內獅國小,屏東縣獅子鄉內獅村,22.3052,120.6427,,08-8720034,1
南興村社區活動中心,臺東縣大武鄉南興村,22.3104,120.8867,200,089-702165,
南福社區活動中心,屏東縣琉球鄉南福村,22.3284,120.3634,50,8611579,1
加祿國民小學,屏東縣枋山鄉加祿村,22.3302,120.6211,60,08-8720060,1
大福社區活動中心,屏東縣琉球鄉大福村,22.3338,120.3708,100,8613920,1
琉球國中,屏東縣琉球鄉大福村,22.336,120.3685,200,8612509,1
琉球國小,屏東縣琉球鄉大福村,22.3371,120.3683,200,8612597,1
尚武村社區活動中心,臺東縣大武鄉尚武村,22.342,120.8818,100,089-791917,1
大武鄉立托兒所,臺東縣大武鄉尚武村,22.3425,120.8806,100,089-791721,
全德國小,屏東縣琉球鄉杉福村,22.3462,120.3692,200,8612534,1
琉球鄉公所,屏東縣琉球鄉中福村,22.3501,120.3837,150,08-8612501,1
老人文康活動中心,屏東縣枋寮鄉保生村,22.3562,120.5997,150,08-8782012,1
大武老人會館,臺東縣大武鄉大武村,22.3564,120.9038,150,089-791450,1
大武鄉多功能綜合活動中心暨避難收容所,臺東縣大武鄉大武村,22.3581,120.9064,300,089-792275,1
古華社區活動中心,屏東縣春日鄉古華村,22.3596,120.6281,100,08-8783276,1
大武村社區活動中心,臺東縣大武鄉大武村,22.3596,120.8975,100,089-791826,1
古華國民小學,屏東縣春日鄉古華村,22.361,120.626,200,08-8781040,1
僑德國小,屏東縣枋寮鄉隆山村,22.3631,120.6,320,08-8782096,
枋寮國小,屏東縣枋寮鄉枋寮村,22.3678,120.5908,189,08-8782034,
士文聚會所,屏東縣春日鄉士文村,22.3685,120.6639,50,8790009,1
古華國民小學-士文分校,屏東縣春日鄉士文村,22.3689,120.6635,60,08-8790029,1
春日社區活動中心,屏東縣春日鄉春日村,22.3703,120.6243,50,08-8785913,1
春日國民小學,屏東縣春日鄉春日村,22.3703,120.627,200,08-8782433,1
枋寮高中,屏東縣枋寮鄉新龍村,22.3711,120.5908,1136,08-8782095,
臺東縣立安朔國小新化分校,臺東縣達仁鄉新化村,22.38155,120.85677,200,089-792495,
建興國小,屏東縣枋寮鄉人和村,22.387,120.6019,162,08-87813562,
屏東市復興公園,屏東縣屏東市永安里,22.3931,120.2857,1067,,
國立屏東高級工業職業學校,屏東縣屏東市崇武里,22.3948,120.2912,2523,,
東海國小,屏東縣枋寮鄉東海村,22.4013,120.5773,524,08-8712209,
屏東市千禧公園,屏東縣屏東市豐榮里,22.4044,120.2952,1734,,
東海國小太源分校,屏東縣枋寮鄉太源村,22.4082,120.593,90,08-8711785,
國立佳冬高農,屏東縣佳冬鄉賴家村,22.409,120.5584,239,08-8662726-506,1
屏東市廣興公園,屏東縣屏東市廣興里,22.413,120.2915,755,,
加津林活動中心,臺東縣大武鄉大竹村,22.4162,120.9223,200,089-761098,
佳冬鄉立幼兒園,屏東縣佳冬鄉玉光村,22.423,120.5669,200,08-8660612,1
力里國民小學,屏東縣春日鄉七佳村,22.4277,120.629,200,08-8791020,1
春日鄉立老人文康中心,屏東縣春日鄉七佳村,22.428,120.6279,120,08-878214558,1
佳冬國中,屏東縣佳冬鄉玉光村,22.4285,120.5668,300,08-8662041,1
屏東縣林邊鄉崎峰活動中心,屏東縣林邊鄉崎?村,22.4298,120.4902,200,932782242,1
來義鄉文物館,屏東縣來義鄉南和村,22.435,120.6379,100,08-8791069,1
南和國小,屏東縣來義鄉南和村,22.4364,120.6426,200,08-8791069,
屏東縣林邊鄉仁和國民小學,屏東縣林邊鄉仁和村,22.4374,120.5114,200,08-8757745,
土?天主堂,臺東縣達仁鄉土?村,22.45385,120.88691,50,089-761129,
臺東縣立土?國小,臺東縣達仁鄉土?村,22.45385,120.88766,200,089-761225,
達仁鄉立土?托兒所,臺東縣達仁鄉土?村,22.4549,120.88598,160,089-761893,
大潭國小,屏東縣東港鎮大潭里,22.4568,120.49577,150,08-8324226,1
愛國蒲分校,臺東縣大武鄉大竹村,22.4575,120.9227,100,089-761007,1
以栗國小,屏東縣東港鎮船頭里,22.4624,120.4629,300,08-8322816,1
東隆宮香客大樓,屏東縣東港鎮東隆里,22.4631,120.4488,300,08-8353620,1
太麻里鄉多良村辦公處,臺東縣太麻里鄉多良村,22.4631,120.9414,80,089-761077,
東隆國小,屏東縣東港鎮共和里,22.46339,120.44994,500,08-8322064,1
望嘉警察派出所,屏東縣來義鄉望嘉村,22.4636,120.6218,100,08-7981551,1
屏東縣林邊鄉竹林國民小學,屏東縣林邊鄉竹林村,22.4642,120.5331,100,921696540,1
東港高中,屏東縣東港鎮船頭里,22.4652,120.4555,450,08-8322014,1
東光國小,屏東縣東港鎮興東里,22.4694,120.4596,150,08-8324927,1
東港國小,屏東縣東港鎮興東里,22.4707,120.4547,300,08-8322019,1
新埤鄉立幼兒園,屏東縣新埤鄉箕湖村,22.4754,120.611,250,08-7981398,1
臺東縣台?國民小學,臺東縣達仁鄉台?村,22.47755,120.9077,200,089-761252,
台?活動中心,臺東縣達仁鄉台?村,22.47805,120.9081,100,089-761320,
東興國小,屏東縣東港鎮興東里,22.4784,120.4657,461,08-8310406,1
北市大附小,臺北市中正區黎明里,22.4797,120.913,157,,
台?基督教會,臺東縣達仁鄉台?村,22.47984,120.91351,50,089-761487,
啦里吧活動中心,臺東縣達仁鄉台?村,22.48099,120.9136,100,089-761320,
新埤國小,屏東縣新埤鄉新埤村,22.4844,120.5653,450,08-7971027,1
高雄市立中芸國民中學,高雄市林園區中芸里,22.48588,120.39531,700,,
中芸國小,高雄市林園區中芸里,22.4871,120.3967,500,,1
烏龍國小,屏東縣新園鄉南龍村,22.4877,120.4581,100,,1
鹽洲國小,屏東縣新園鄉鹽埔村,22.4883,120.4408,50,,1
溪北社區活動中心,屏東縣南州鄉溪北村,22.4945,120.5111,50,08-8641070,1
溪北國小,屏東縣南州鄉溪北村,22.4957,120.5111,95,08-8642081,1
文樂活動中心,屏東縣來義鄉文樂村,22.4999,120.6243,50,08-7982350,1
高雄市林園區港埔國民小學,高雄市林園區頂厝里,22.5043,120.37859,690,07-2245398,1
高雄市林園區王公國民小學,高雄市林園區廣應里,22.5047,120.38825,1100,,1
高雄市林園區林園國民小學,高雄市林園區林園里,22.50678,120.3943,2000,6412290,1
林園區長青文康活動中心,高雄市林園區林園里,22.5087,120.3945,260,,1
港西國小,屏東縣新園鄉港西村,22.5087,120.4556,30,,1
來義鄉新來義部落多功能活動中心,屏東縣來義鄉義林村,22.5087,120.5825,500,08-7850251-127,
潮南國小,屏東縣潮州鎮興美里,22.51296,120.53467,1126,08-7882312,
南榮國中,屏東縣崁頂鄉園寮村,22.5134,120.5184,200,88631112,
崁頂國小,屏東縣崁頂鄉崁頂村,22.5141,120.5118,200,08-8631959,1
高雄市小港區鳳鳴國民小學,高雄市小港區龍鳳里,22.51508,120.35756,200,,
崁頂老人文康中心,屏東縣崁頂鄉崁頂村,22.5152,120.5069,150,08-8630164,1
高雄市立林園高級中學,高雄市林園區林園里,22.51673,120.39566,2600,,1
丹林活動中心,屏東縣來義鄉丹林村,22.5174,120.6348,50,08-7850255,1
高雄市小港區鳳林國民中學,高雄市小港區鳳興里,22.52185,120.34838,50,,
潮東國小,屏東縣潮州鎮九塊里,22.52309,120.56091,85,08-7871189,
新園國小,屏東縣新園鄉新園村,22.5241,120.4519,100,,1
歷坵活動中心 Liqiu Activity Center,臺東縣金峰鄉歷坵村,22.52638,120.92644,100,089-771439,
古樓國小,屏東縣來義鄉古樓村,22.5275,120.6258,200,08-7850318,1
高雄市林園區金潭國民小學,高雄市林園區中厝里,22.52805,120.39608,260,,
金崙溫泉長老教會,臺東縣太麻里鄉金崙村,22.53092,120.93767,20,089-771305,
賓茂國小 Binmao Elementary School,臺東縣金峰鄉賓茂村,22.5324,120.95583,100,089-771007,
賓茂活動中心 Binmao Activity Center,臺東縣金峰鄉賓茂村,22.53259,120.96171,100,089-771393,1
金崙活動中心,臺東縣太麻里鄉金崙村,22.53338,120.96436,80,089-781305,
光春國中,屏東縣潮州鎮光春里,22.53466,120.53976,600,,
力社國小,屏東縣崁頂鄉力社村,22.5388,120.5092,200,08-8631544,1
義仁里社區活動中心,高雄市大寮區義仁里,22.53923,120.40325,100,6424162,1
光春國小,屏東縣潮州鎮光春里,22.54038,120.53687,550,,
高雄市大寮區昭明國小,高雄市大寮區昭明里,22.54239,120.40851,350,,1
新園鄉公所,屏東縣新園鄉仙吉村,22.5438,120.4615,30,,1
仙吉國小,屏東縣新園鄉仙吉村,22.5443,120.4611,100,,1
四林國小,屏東縣潮州鎮泗林里,22.54459,120.56927,50,,1
新園國中,屏東縣新園鄉仙吉村,22.5452,120.461,300,,1
光華國小,屏東縣潮州鎮光華里,22.54727,120.54366,240,,
鎮立幼兒園,屏東縣潮州鎮三星里,22.54772,120.55082,300,08-7886964,1
潮州國小,屏東縣潮州鎮同榮里,22.54841,120.54114,285,,
佳佐國小中興分校,屏東縣萬巒鄉新置村,22.5491,120.6123,60,08-7832300,1
瓦?國小,屏東縣新園鄉瓦?村,22.5523,120.4747,50,,1
平和活動中心,屏東縣泰武鄉平和村,22.5527,120.6293,200,915605765,1
潮州國中,屏東縣潮州鎮三共里,22.55401,120.54295,250,,1
會結里社區活動中心,高雄市大寮區會結里,22.55483,120.42498,100,7870331,1
高雄市小港區青山國民小學,高雄市小港區濟南里,22.5559,118.56966,300,,
潮和國小,屏東縣潮州鎮三和里,22.5568,120.53804,630,08-7804052,
潮昇國小,屏東縣潮州鎮三共里,22.55703,120.54772,875,08-7880419,
新厝里社區活動中心,高雄市大寮區新厝里,22.56036,120.40918,20,7880698,1
高雄市小港區小港國民小學,高雄市小港區港正里,22.56103,120.33609,300,,
志成佛寺,屏東縣萬巒鄉鹿寮村,22.5614,120.5629,200,08-7811510,
高雄市小港區鳳陽國民小學,高雄市小港區山明里,22.56155,120.37039,600,,
潮寮老人活動中心,高雄市大寮區潮寮里,22.56209,120.4303,35,7877291,1
新庄國小,屏東縣萬丹鄉新庄村,22.5622,120.4803,60,08-7772230,1
高雄市立潮寮國民中學,高雄市大寮區潮寮里,22.56341,120.42517,60,,1
高雄市小港區二苓國民小學,高雄市小港區二苓里,22.5638,120.3533,1000,801683731,1
高雄市立小港高級中學,高雄市小港區二苓里,22.56525,120.35741,100,,
高雄市大寮區潮寮國小,高雄市大寮區潮寮里,22.56572,120.42514,240,,1
國立高雄餐旅大學附屬餐旅高級中等學校,高雄市小港區山明里,22.56622,120.37176,200,,
高雄市小港區漢民國民小學,高雄市小港區六苓里,22.56647,120.35926,200,,
高雄市立中山國民中學,高雄市小港區順苓里,22.56665,120.35642,700,8036006,
高雄市立小港國民中學,高雄市小港區港南里,22.56673,120.33806,720,,
高雄市小港區華山國民小學,高雄市小港區山明里,22.5677,120.3657,901,8062280731,1
高雄市小港區港和國民小學,高雄市小港區港南里,22.5681,120.3379,250,8131506333,1
佳興活動中心,屏東縣泰武鄉佳興村,22.5703,120.6631,100,978637308,1
佳佐國小,屏東縣萬巒鄉佳和村,22.5712,120.5956,100,08-7832018,
萬巒鄉公所展覽廳,屏東縣萬巒鄉萬和村,22.5725,120.5678,100,08-7812460,
高雄市前鎮區佛公國民小學,高雄市前鎮區草衙里,22.57265,120.32091,655,,
萬巒國小,屏東縣萬巒鄉萬全村,22.5727,120.5723,100,08-7811627,
大明國小,屏東縣竹田鄉泗洲村,22.5756,120.5251,200,08-7887780,1
過溪里社區活動中心,高雄市大寮區過溪里,22.57618,120.41889,150,7873668,1
武潭活動中心,屏東縣泰武鄉武潭村,22.578,120.6361,200,911917443,1
西方道堂,屏東縣萬巒鄉新厝村,22.5802,120.6297,300,08-7832248,1
高雄市前鎮區明正國民小學,高雄市前鎮區明正里,22.58024,120.32658,345,,
高雄市立明義國民中學,高雄市小港區孔宅里,22.58203,120.36828,1000,,
清山寺,高雄市大寮區拷潭里,22.58238,120.38546,80,8901608,1
萬丹國小,屏東縣萬丹鄉寶厝村,22.5826,120.4887,150,08-7772014,
竹田國小,屏東縣竹田鄉竹田村,22.5828,120.544,200,08-7710834,1
高雄市小港區桂林國民小學,高雄市小港區桂林里,22.58313,120.35043,1255,,
高雄市立前鎮國民中學,高雄市前鎮區明道里,22.58337,120.32103,1200,8217677,1
高雄市小港區明義國民小學,高雄市小港區孔宅里,22.5834,120.3678,200,7916119330,1
竹田鄉公所,屏東縣竹田鄉竹田村,22.5847,120.544,60,08-7711550,1
富翔天廈,高雄市大寮區拷潭里,22.58475,120.38031,70,973806883,1
高雄市前鎮區前鎮國民小學,高雄市前鎮區興化里,22.58544,120.3087,473,,
高雄市立興仁國民中學,高雄市前鎮區興仁里,22.5863,120.3139,945,,1
高雄市立前鎮高級中學,高雄市前鎮區平等里,22.58686,120.32001,2236,,
香蘭國小,臺東縣太麻里鄉香蘭村,22.58776,120.99345,80,089-781304,
高雄市旗津區大汕國民小學,高雄市旗津區南汕里,22.5879,120.2877,250,,1
高雄市立旗津國民中學,高雄市旗津區南汕里,22.5885,120.286,600,,1
萬巒鄉立幼兒園泗溝分班,屏東縣萬巒鄉泗溝村,22.5885,120.58,60,08-7812460,
圖書館,屏東縣萬丹鄉萬後村,22.589,120.4849,40,08-7771627,1
萬丹鄉行政中心,屏東縣萬丹鄉萬後村,22.5894,120.485,100,08-7772111,1
高雄市旗津區公所5樓大禮堂,高雄市旗津區南汕里,22.58997,120.28477,250,07-5712500309,1
佛聖宮,高雄市大寮區內坑里,22.59001,120.38114,200,932799319,1
高雄市鳳山區過埤國民小學,高雄市鳳山區過埤里,22.59038,120.3624,393,,1
高雄市立福誠高級中學,高雄市鳳山區福誠里,22.59049,120.32389,1139,,1
高雄市前鎮區鎮昌國民小學,高雄市前鎮區鎮海里,22.59055,120.31798,1200,,
五溝國小,屏東縣萬巒鄉五溝村,22.5908,120.594,30,08-7832285,1
高雄市大寮區大寮國民小學,高雄市大寮區大寮里,22.59086,120.41644,420,,1
佳平活動中心,屏東縣泰武鄉佳平村,22.59141,120.62895,100,928724018,1
大寮里社區活動中心,高雄市大寮區大寮里,22.59147,120.41664,150,7881231,1
泰武國中,屏東縣泰武鄉佳平村,22.5915,120.6333,300,08-7831025,1
澳洲特區,高雄市大寮區內坑里,22.59195,120.39683,100,7878390,1
荷蘭町,高雄市大寮區內坑里,22.59199,120.3997,200,7881811,1
興華國小,屏東縣萬丹鄉灣內村,22.5929,120.4615,400,08-7061481,1
高雄市政府社會局無障礙之家,高雄市前鎮區,22.5941,120.3153,3,,1
高雄市鳳山區南成國民小學,高雄市鳳山區南成里,22.59432,120.33549,1484,,1
龍成宮,高雄市鳳山區鎮南里,22.5945,120.3283,100,07-8312677,1
米蘭特區,高雄市大寮區內坑里,22.59465,120.38816,80,939307219,1
四維國小,屏東縣萬丹鄉四維村,22.595,120.49,50,08-7761987,1
僑智國小,屏東縣內埔鄉美和村,22.595,120.5566,120,08-7792544-14,
萬金天主教堂,屏東縣萬巒鄉萬金村,22.5951,120.6112,250,08-7832005,
嘉蘭國小 Jialan Elementary School,臺東縣金峰鄉嘉蘭村,22.59531,120.96152,100,089-751224,
高雄市鳳山區鳳翔國民小學,高雄市鳳山區二甲里,22.59533,120.3408,3106,,1
高雄市立鳳翔國民中學,高雄市鳳山區保安里,22.59641,120.3482,385,,
萬丹國中,屏東縣萬丹鄉四維村,22.5966,120.4881,500,08-7772020,1
嘉蘭村活動中心 Jialan Activity Center,臺東縣金峰鄉嘉蘭村,22.5967,120.95999,100,089-751069,
高雄市鳳山區福誠國民小學,高雄市鳳山區福誠里,22.59681,120.32506,1267,,1
高雄市立五甲國民中學,高雄市鳳山區龍成里,22.59811,120.32869,1178,8319676,1
高雄市鳳山區中崙國民小學,高雄市鳳山區中崙里,22.59943,120.3508,3054,07-7533244,
大發公有市場3樓,高雄市大寮區會社里,22.60059,120.39797,120,7866866,1
高雄市前鎮區瑞祥國民小學,高雄市前鎮區瑞祥里,22.60069,120.3268,1636,,
高雄市旗津區中洲國民小學,高雄市旗津區上竹里,22.6008,120.2764,600,,1
高雄市立瑞祥高級中學,高雄市前鎮區瑞南里,22.60221,120.32476,1000,,
高雄市立大寮幼兒園,高雄市大寮區上寮里,22.60281,120.42214,150,7877409,1
高雄市立大寮國民中學,高雄市大寮區永芳里,22.60293,120.39266,150,7818038,1
高雄市立中崙國民中學,高雄市鳳山區中榮里,22.6033,120.35356,469,,1
三隆里社區活動中心,高雄市大寮區三隆里,22.60349,120.40634,40,7816192,1
高雄市鳳山區正義國民小學,高雄市鳳山區正義里,22.604,120.34013,1025,,1
正興村活動中心Zhengxing Activity Center,臺東縣金峰鄉正興村,22.60409,120.99648,100,089-782497,1
泰武活動中心,屏東縣泰武鄉泰武村,22.6046,120.6117,300,921317840,
高雄市立獅甲國民中學,高雄市前鎮區建隆里,22.6051,120.3083,1200,,1
竹田鄉立幼兒園,屏東縣竹田鄉美崙村,22.60513,120.54762,200,08-7791130,1
高雄市大寮區永芳國民小學,高雄市大寮區永芳里,22.60528,120.3952,600,,1
高雄市前鎮區瑞豐國民小學,高雄市前鎮區瑞華里,22.6061,120.337,1781,,1
金湯營區,高雄市鳳山區,22.6077,120.3623,400,,1
中正營區,高雄市鳳山區,22.6077,120.3623,500,,1
高雄市大寮區山頂國民小學,高雄市大寮區山頂里,22.60781,120.38881,200,,1
高雄市前鎮區復興國民小學,高雄市前鎮區西山里,22.6082,120.31142,800,,
高雄市前鎮區樂群國民小學,高雄市前鎮區竹內里,22.60823,120.32249,300,7225846,1
山頂里社區活動中心,高雄市大寮區山頂里,22.60825,120.38852,250,7838787,1
高雄市前鎮區民權國民小學,高雄市前鎮區民權里,22.60848,120.31444,1568,,
高雄市旗津區旗津國民小學,高雄市旗津區慈愛里,22.609,120.2715,120,,1
高雄市竹西里活動中心,高雄市前鎮區竹西里,22.6093,120.31987,100,8215176,1
內埔國小,屏東縣內埔鄉內埔村,22.61,120.5659,120,,
高雄市立中正高級工業職業學校,高雄市前鎮區竹西里,22.61059,120.31763,1000,7232301,1
高雄市立光華國民中學,高雄市前鎮區竹東里,22.61083,120.32294,600,7222622,1
內埔鄉文康中心,屏東縣內埔鄉內埔村,22.611,120.5695,120,08-7781184,
高雄市立瑞豐國民中學,高雄市前鎮區瑞文里,22.61108,120.33109,200,07-7713181,
內埔國中,屏東縣內埔鄉內埔村,22.6113,120.5705,120,,
大王國小,臺東縣太麻里鄉大王村,22.6133,121.00369,100,089-781342,
高雄市鳳山區新甲國民小學,高雄市鳳山區新甲里,22.61377,120.33992,2199,,1
高雄市苓雅區成功國民小學,高雄市苓雅區苓東里,22.61393,120.29706,920,3341882130,1
高雄市前鎮區愛群國民小學,高雄市前鎮區忠孝里,22.61396,120.31272,1000,,
武侯宮,高雄市大寮區琉球里,22.61399,120.41117,200,7817327,1
光武里社區活動中心,高雄市大寮區光武里,22.61446,120.38466,20,7836672,1
高雄市苓洲國民小學,高雄市苓雅區城西里,22.6145,120.3005,855,3351804310,1
順安府,臺東縣太麻里鄉大王村,22.61494,120.99337,50,089-782297,1
太麻里鄉老人會館,臺東縣太麻里鄉大王村,22.61494,120.99337,100,089-781301,
社皮國小,屏東縣萬丹鄉社皮村,22.615,120.4681,100,08-7072162,1
高雄市立英明國民中學,高雄市苓雅區林貴里,22.61525,120.32439,1382,715094933,
東寧國小,屏東縣內埔鄉內田村,22.6155,120.5629,120,08-7785563,
老人文康活動中心,屏東縣萬丹鄉社皮村,22.6157,120.4691,150,08-7070982,1
廣安國小,屏東縣萬丹鄉廣安村,22.6157,120.4905,30,08-7772444,1
竹田國中,屏東縣竹田鄉西勢村,22.61572,120.52409,600,08-7792024,1
黃厝北極上帝殿,高雄市大寮區琉球里,22.61618,120.4105,200,7819915,1
富田國小,屏東縣內埔鄉富田村,22.6163,120.5401,120,08-7791034,1
高雄市大寮區忠義國民小學,高雄市大寮區忠義里,22.61635,120.38414,200,,1
高雄市立鳳甲國民中學,高雄市鳳山區新強里,22.61658,120.34259,1917,,1
高雄市鳳山區誠正國民小學,高雄市鳳山區生明里,22.61685,120.36387,641,,
高雄市鳳山區鳳西國民小學,高雄市鳳山區和興里,22.61715,120.35873,1711,,1
高雄市鳳山區忠孝國民小學,高雄市鳳山區國富里,22.61785,120.34943,1898,,
高雄市立苓雅國民中學,高雄市苓雅區華堂里,22.61805,120.30541,945,3353307,
忠義里里辦公處2樓,高雄市大寮區忠義里,22.61851,120.38248,20,7828959,1
中興里社區活動中心,高雄市大寮區中興里,22.61881,120.38746,25,7811786,1
高雄市苓雅區福康國民小學,高雄市苓雅區福康里,22.61896,120.32935,1764,,
黃埔營區,高雄市鳳山區誠正里,22.6192,120.3656,600,,1
高雄市立忠孝國民中學,高雄市鳳山區國隆里,22.61992,120.34645,1800,07-763525235,
新濱營區,高雄市鼓山區維生里,22.6202,120.2745,230,33683332060-2062,1
高雄市政府社會局安琪兒家園,高雄市苓雅區晴朗里,22.6205,120.312,3,07-3303353,1
高雄市政府社會局陽光家園,高雄市苓雅區晴朗里,22.6205,120.312,3,07-3303353,1
高雄市苓雅區五權國民小學,高雄市苓雅區林德里,22.62062,120.32417,582,751107431,1
育英國小,屏東縣內埔鄉興南村,22.6207,120.5815,120,,1
高雄市立高雄高級女子中學,高雄市前金區博孝里,22.6209,120.2927,1145,07-2115418,1
高雄市鹽埕區光榮國民小學,高雄市鹽埕區育仁里,22.621,120.288,200,5218625,1
謝府元帥廟,高雄市大寮區前庄里,22.62139,120.39378,50,7025519,1
高雄市鹽埕區忠孝國民小學,高雄市鹽埕區河濱里,22.6216,120.2852,563,,1
沙鹿幼兒園埔子分班,臺中市沙鹿區埔子里,22.6219,120.3381,116,04-26634853,
高雄市苓雅區四維國民小學,高雄市苓雅區林富里,22.62309,120.31265,2236,,
翁園里社區活動中心,高雄市大寮區翁園里,22.62325,120.40866,60,7813753,1
高雄市大寮區翁園國民小學,高雄市大寮區翁園里,22.62325,120.40866,400,,1
高雄市鼓山區鼓山國民小學,高雄市鼓山區惠安里,22.6236,120.2713,745,5217795,1
高雄市立鹽埕國民中學,高雄市鹽埕區育仁里,22.6236,120.2879,300,5517524,1
高雄市鹽埕區鹽埕國民小學,高雄市鹽埕區江南里,22.6237,120.2829,100,5210626110,1
高雄市鳳山區大東國民小學,高雄市鳳山區南興里,22.62385,120.36262,367,,
高雄市苓雅區福東國民小學,高雄市苓雅區福祥里,22.6241,120.3269,1087,,1
高雄市立新興高級中學,高雄市新興區玉衡里,22.6244,120.304,1091,,1
鹽埕區公所11樓大禮堂,高雄市鹽埕區光明里,22.6248,120.2868,50,5513316-100,1
高雄市鳳山區鳳山國民小學,高雄市鳳山區興仁里,22.62482,120.35651,873,,1
鳳山區公所大禮堂,高雄市鳳山區縣口里,22.6252,120.3592,200,07-7422111,1
高雄市立鳳山國民中學,高雄市鳳山區瑞竹里,22.62529,120.37201,2327,,1
高雄市立高雄高級高商職業學校,高雄市新興區浩然里,22.6257,120.3095,1036,,1
高雄市前金區前金國民小學,高雄市前金區國民里,22.62635,120.29392,1564,07-2829001,1
高雄市立中正高級中學,高雄市苓雅區正義里,22.62649,120.33879,3294,,
高雄市新興區新興國民小學,高雄市新興區永寧里,22.627,120.30532,1182,,1
萬安活動中心,屏東縣泰武鄉萬安村,22.6274,120.6384,100,08-7830328,1
前金區公所5樓大禮堂,高雄市前金區林投里,22.6276,120.2943,25,,1
高雄市新興區大同國民小學,高雄市新興區榮治里,22.628,120.2985,964,,1
高雄市鳳山區中正國民小學,高雄市鳳山區埤頂里,22.62825,120.37408,,,1
溪寮里社區活動中心,高雄市大寮區溪寮里,22.6284,120.42049,60,6517736,1
基督教鳳山長老教會,高雄市鳳山區光明里,22.6284,120.361,150,07-7462676,1
高雄市立前金國民中學,高雄市前金區後金里,22.6294,120.2905,1218,07-2725981,1
國立鳳山高級中學,高雄市鳳山區忠孝里,22.62989,120.34572,200,,1
排灣社區活動中心,屏東縣瑪家鄉排灣村,22.63,120.6264,148,08-7990107,1
高雄市苓雅區中正國民小學,高雄市苓雅區正大里,22.63018,120.33331,1855,7225936,
高雄市鳳山區瑞興國民小學,高雄市鳳山區瑞興里,22.63018,120.36835,1309,,1
鳳山街友服務中心,高雄市鳳山區,22.6303,120.3648,32,07-7190895,1
高雄市大寮區溪寮國民小學,高雄市大寮區溪寮里,22.63052,120.42044,100,,1
高雄市鳳山區中山國民小學,高雄市鳳山區忠孝里,22.63062,120.34991,1759,,
高雄市立青年國民中學,高雄市鳳山區忠孝里,22.63078,120.349,376,,1
泰安國小,屏東縣內埔鄉老埤村,22.6308,120.5943,120,,
北里活動中心,臺東縣太麻里鄉北里村,22.6313,120.9994,30,089-781302,1
高雄市新興區信義國民小學,高雄市新興區興昌里,22.6316,120.311,1091,,1
高雄市鼓山區壽山國民小學,高雄市鼓山區光化里,22.63176,120.28001,345,5514393,
高雄市前金區建國國民小學,高雄市前金區草江里,22.6324,120.2979,516,2860128,1
高雄市立壽山國民中學,高雄市鼓山區光化里,22.63301,120.27844,745,5519150,
高雄市三民區河濱國民小學,高雄市三民區立德里,22.634,120.2878,745,,1
高雄市新興區七賢國民小學,高雄市新興區中東里,22.634,120.307,1091,,1
高雄市鳳山區文華國民小學,高雄市鳳山區文華里,22.6344,120.35275,3170,7450949,1
高雄市大寮區中庄國民小學,高雄市大寮區中庄里,22.63472,120.3975,100,,1
"千歲,千北,立德,鳳南聯合里活動中心",高雄市三民區千歲里,22.6354,120.2906,200,2158892,1
三塊厝聯合里活動中心,高雄市三民區興德里,22.6361,120.2958,500,07-2852190,1
高雄市苓雅區凱旋國民小學,高雄市苓雅區民主里,22.63641,120.31994,1273,2235181,
高雄市立中庄國民中學,高雄市大寮區中庄里,22.63642,120.40184,800,,1
高雄市三民區三民國民小學,高雄市三民區千北里,22.6367,120.2911,818,,1
鼓山區行政中心七樓大禮堂,高雄市鼓山區寶樹里,22.6368,120.281,20,5311191,1
江山里社區活動中心,高雄市大寮區江山里,22.63768,120.41138,30,7016158,1
高雄市大寮區後庄國民小學,高雄市大寮區後庄里,22.63782,120.3895,360,7035278,1
屏東市公館國小,屏東縣屏東市龍華里,22.6379,120.4822,630,,1
高雄市立高雄高級中學,高雄市三民區建東里,22.6382,120.298,2794,,1
高雄市三民區光武國民小學,高雄市三民區寶德里,22.6388,120.3343,1564,,1
北辰宮,高雄市鳳山區鎮北里,22.6393,120.3658,100,07-7451531,1
高雄市鼓山區鼓岩國民小學,高雄市鼓山區河邊里,22.6401,120.283,364,5515513,1
高雄市立民族國民中學,高雄市三民區寶德里,22.64051,120.33318,1673,,
"德北,十全,十美聯合里活動中心",高雄市三民區德北里,22.6406,120.2951,200,910720976,1
高雄市鳳山區文德國民小學,高雄市鳳山區文德里,22.64069,120.35393,250,,1
寶安里活動中心,高雄市三民區寶安里,22.6407,120.3289,50,07-3891818,1
後庄老人活動中心,高雄市大寮區後庄里,22.64074,120.3902,150,7012766,1
麟洛鄉公所,屏東縣麟洛鄉麟蹄村,22.641,120.536,50,08-7222553,
國立屏東科技大學孟祥體育館,屏東縣內埔鄉老埤村,22.6412,120.59608,500,08-7740150,1
屏東縣立公正國中,屏東縣屏東市公館里,22.6412,120.4842,2413,,1
義和代天府,高雄市大寮區義和里,22.64142,120.42093,30,6514033,1
高雄市鳳山區鎮北國民小學,高雄市鳳山區鎮北里,22.64265,120.36805,1767,,
新興國小 Xingxing Elementary School,臺東縣金峰鄉新興村,22.64298,121.00286,100,089-781687,
"德智,德仁里活動中心",高雄市三民區德智里,22.643,120.3088,200,07-3214842,1
寶珠溝里活動中心,高雄市三民區寶德里,22.6431,120.3339,500,3859911,1
高雄市立陽明國民中學,高雄市三民區本上里,22.64313,120.34042,2130,,
高雄市三民區民族國民小學,高雄市三民區安發里,22.6435,120.3202,1582,,1
高雄市避難收容暨備災訓練中心,高雄市鳳山區忠誠里,22.6436,120.3648,400,,1
中都地區聯合里活動中心,高雄市三民區川東里,22.6442,120.283,500,3128598,1
高雄市立正興國民中學,高雄市三民區正興里,22.64446,120.31968,1455,,
高雄市三民區愛國國民小學,高雄市三民區同德里,22.6445,120.3137,709,,1
高雄市三民區博愛國民小學,高雄市三民區安東里,22.6453,120.3067,982,,1
高雄市三民區陽明國民小學,高雄市三民區寶玉里,22.6457,120.3356,1527,,1
高雄市三民區正興國民小學,高雄市三民區寶興里,22.6463,120.3261,1818,,1
高雄市立三民國民中學,高雄市三民區安東里,22.64653,120.30668,964,,
高雄市三民區十全國民小學,高雄市三民區安宜里,22.6467,120.2987,1509,3214366131,1
"安東,安和,達明聯合里活動中心",高雄市三民區安和里,22.6467,120.304,100,3226166,1
高雄市三民區公所,高雄市三民區安邦里,22.6476,120.2998,100,,1
麟洛國中,屏東縣麟洛鄉麟蹄村,22.648,120.5227,150,,1
高雄市立文山高級中學,高雄市鳥松區鳥松里,22.64819,120.35279,1020,,
寶盛里活動中心,高雄市三民區寶盛里,22.6483,120.3263,100,3854453,1
高雄市三民區東光國民小學,高雄市三民區本安里,22.649,120.3397,2036,,1
安宜里活動中心,高雄市三民區安宜里,22.6498,120.2967,300,07-3229476,1
屏東市前進國小,屏東縣屏東市前進里,22.6502,120.4583,439,,1
高雄市立高雄高級工業職業學校,高雄市三民區寶珠里,22.65063,120.32645,1309,,
麟洛鄉圖書館,屏東縣麟洛鄉麟蹄村,22.6507,120.5272,30,08-7222553-40,1
麟洛國小,屏東縣麟洛鄉麟趾村,22.6507,120.5272,150,08-7221670,1
老人文康活動中心,高雄市鳥松區仁美里,22.6511,120.3953,150,7328948,1
高雄市立鼓山高級中學,高雄市鼓山區正德里,22.65142,120.27469,1222,5213258,
高雄市鼓山區九如國民小學,高雄市鼓山區平和里,22.65215,120.27871,836,5317186,
佳義基督長老教會教育館,屏東縣瑪家鄉佳義村,22.6536,120.6311,100,08-7990103,1
高雄市鳥松區大華國民小學,高雄市鳥松區大華里,22.65373,120.3405,160,,1
高雄市鼓山區龍華國民小學,高雄市鼓山區龍子里,22.655,120.2977,1400,5553086-31,1
本和里活動中心,高雄市三民區本和里,22.6555,120.3261,300,3959028,1
高雄市立鼎金國民中學,高雄市三民區灣成里,22.65559,120.3205,1273,,
本館里集會所,高雄市三民區本館里,22.6557,120.3315,50,3816463,1
高雄市大樹區九曲國民小學,高雄市大樹區九曲里,22.65589,120.42334,2075,,
高雄市立鼎金國民中學,高雄市三民區灣成里,22.6561,120.322,1345,,1
台灣基督教長老教會仁美教會短期收,高雄市鳥松區仁美里,22.6562,120.3933,96,7313037,1
高雄市三民區莊敬國民小學,高雄市三民區本和里,22.6563,120.3241,2036,,1
高雄市鼓山區內惟國民小學,高雄市鼓山區建國里,22.6565,120.2762,1091,5515405-31,1
大樹區綜合體育館,高雄市大樹區九曲里,22.6569,120.4245,200,,1
高雄市立大樹國民中學,高雄市大樹區九曲里,22.65701,120.42275,1200,,
高雄市立七賢國民中學,高雄市鼓山區龍水里,22.65759,120.28928,1036,5559329,
灣愛里活動中心,高雄市三民區灣愛里,22.6579,120.3213,200,3831695,1
仁美營區,高雄市大樹區久堂里,22.6579,120.4137,200,,1
高雄市立龍華國民中學,高雄市左營區新上里,22.65815,120.30955,1600,,1
高雄市鳥松區仁美國民小學,高雄市鳥松區華美里,22.65843,120.39414,520,,
屏東大學屏商校區活動中心,屏東縣屏東市瑞光里,22.65861,120.5122,89,,1
屏東縣立鶴聲國中,屏東縣屏東市清溪里,22.6595,120.4725,1098,,
屏東市復興國小,屏東縣屏東市永安里,22.6599,120.4862,535,,
鳥松區公所三樓,高雄市鳥松區鳥松里,22.66,120.3643,50,07-7314191,1
屏東市民生國小,屏東縣屏東市瑞光里,22.6609,120.509,265,,1
高雄市立明華國民中學,高雄市鼓山區明誠里,22.6619,120.30153,927,5502001,
華源活動中心,臺東縣太麻里鄉華源村,22.66242,121.02779,70,89781301,
屏東市公所,屏東縣屏東市義勇里,22.6626,120.4915,734,08-7560101,
高雄市鳥松區鳥松國民小學（備用）,高雄市鳥松區鳥松里,22.66308,120.36172,50,,1
高雄市立三民高級中學,高雄市三民區鼎西里,22.6631,120.32672,886,,
空軍綠島探空分隊,臺東縣綠島鄉南寮村,22.6644,121.4718,300,089-672210,
屏東大學民生校區體育館,屏東縣屏東市瑞光里,22.66539,120.50447,178,,1
屏東市建國國小,屏東縣屏東市萬年里,22.6654,120.4866,593,,1
屏東市鶴聲國小,屏東縣屏東市厚生里,22.6656,120.4797,1459,,1
高雄市立三民高級家事商業職業學校,高雄市左營區新下里,22.66601,120.30061,1018,,
高雄市立鳥松國民中學,高雄市鳥松區鳥松里,22.66647,120.37107,844,,
"鼎中,鼎力,鼎膝,鼎金,鼎強,鼎盛聯合里",高雄市三民區鼎中里,22.6667,120.3217,400,3421318,1
屏東市大同國小,屏東縣屏東市安鎮里,22.6668,120.476,846,,
崇文國小,屏東縣內埔鄉龍泉村,22.6669,120.6002,120,,
新生國小,屏東縣內埔鄉大新村,22.6673,120.5909,120,08-7708211,
高雄市大樹區水寮國民小學,高雄市大樹區水寮里,22.66799,120.40785,1079,,
三民街友服務中心,高雄市三民區鼎泰里,22.6684,120.3157,80,07-3432263,1
南寮社區活動中心,臺東縣綠島鄉南寮村,22.6686,121.4687,50,089-672358,1
財團法人玄光聖堂短期收容,高雄市鳥松區鳥松里,22.66878,120.39,100,07-7310395,1
高雄市鼓山區中山國民小學,高雄市鼓山區龍水里,22.6691,120.2848,1364,5505850,1
高雄市左營區新莊國民小學,高雄市左營區新中里,22.66927,120.30988,1582,07-3411373,1
太麻里鄉三和村辦公處,臺東縣太麻里鄉三和村,22.6695,121.0354,70,089-781306,
屏東市民和國小,屏東縣屏東市橋北里,22.6706,120.4958,418,,1
高雄新莊天后宮備用,高雄市左營區新中里,22.6716,120.3117,120,07-3410080,1
屏東市唐榮國小,屏東縣屏東市崇禮里,22.6716,120.4852,490,,1
仁慈活動中心,高雄市仁武區仁慈里,22.6717,120.3587,150,07-3719159,1
和平營區,高雄市三民區鼎金里,22.6718,120.3314,200,,1
高雄市左營區勝利國民小學,高雄市左營區新下里,22.67246,120.2951,500,,1
高雄市三民區獅湖國民小學,高雄市三民區鼎強里,22.6726,120.3224,1582,,1
屏東縣立中正國中,屏東縣屏東市豐田里,22.6726,120.5088,2138,,1
綠島國中,臺東縣綠島鄉中寮村,22.6731,121.4701,200,,1
綠島國民小學,臺東縣綠島鄉中寮村,22.6737,121.4699,200,,1
高雄市立大義國民中學,高雄市左營區埤東里,22.6742,120.2928,50,,1
中寮社區活動中心,臺東縣綠島鄉中寮村,22.6747,121.4702,30,089-672315,1
高雄市立海青高級工商職業學校,高雄市左營區自助里,22.6752,120.2856,100,,1
國立屏東女中,屏東縣屏東市興樂里,22.6753,120.4942,2332,,1
瑪家社區活動中心,屏東縣瑪家鄉瑪家村,22.6756,120.6869,150,08-7997217,1
崇聖殿備用,高雄市大樹區井腳里,22.6757,120.4074,200,6513235,1
高雄市立大灣國民中學,高雄市仁武區大灣里,22.67602,120.34161,500,07-3719159,1
公館國民小學,臺東縣綠島鄉公?村,22.6764,121.4848,200,,1
高雄市左營區新民國民小學,高雄市左營區菜公里,22.67669,120.31316,921,,1
屏東市仁愛國小,屏東縣屏東市興樂里,22.6767,120.4948,1204,,1
屏東市忠孝國小,屏東縣屏東市大連里,22.6769,120.5039,650,08-7371545,1
綠島鄉社會福利活動中心,臺東縣綠島鄉公?村,22.6769,121.4847,60,089-672145,1
長興國小,屏東縣長治鄉新潭村,22.6772,120.5261,200,7368567,1
菜公豐谷宮備用,高雄市左營區菜公里,22.6774,120.3155,50,07-3455059,1
公館社區活動中心,臺東縣綠島鄉公?村,22.6777,121.4807,30,089-672517,1
屏東縣立大同高中,屏東縣屏東市潭墘里,22.678,120.4777,1380,08-7338499,
崇文國中,屏東縣內埔鄉龍潭村,22.6786,120.6021,120,,
高雄市立左營國民中學,高雄市左營區新光里,22.67946,120.30672,836,,
高雄市仁武區登發國民小學,高雄市仁武區仁和里,22.67965,120.35405,1815,07-3719159,1
高雄市左營區新光國民小學,高雄市左營區新光里,22.67983,120.30481,200,3438577,1
屏東縣立明正國中,屏東縣屏東市溝美里,22.6799,120.4976,4113,08-7376293,1
埤子頭鎮福廟,高雄市左營區埤西里,22.68033,120.28965,30,5825439,1
屏東市勝利國小,屏東縣屏東市勝利里,22.6807,120.4857,1579,,1
屏東市瑞光國小,屏東縣屏東市大連里,22.6808,120.5091,1415,,1
高雄市立新莊高級中學,高雄市左營區福山里,22.6812,120.3176,3305,07-3420103,1
啟明堂備用,高雄市左營區埤東里,22.682,120.2923,100,07-5816216,1
舊城城隍廟,高雄市左營區城南里,22.6822,120.29047,30,5832356,1
左營元帝廟,高雄市左營區廟東里,22.68252,120.28816,40,5856961,1
高雄市仁武區灣內國民小學,高雄市仁武區灣內里,22.68309,120.35728,330,07-3719159,1
高雄市左營區舊城國民小學,高雄市左營區聖西里,22.68318,120.293,582,,1
高雄市左營區福山國民小學,高雄市左營區菜公里,22.68357,120.31722,1273,,
屏東市崇蘭國小,屏東縣屏東市崇蘭里,22.6842,120.477,614,,1
護安寺,高雄市左營區中南里,22.6853,120.2951,100,07-5832184,1
左營揚善堂,高雄市左營區路東里,22.68551,120.28871,100,5818879,1
國立屏東高中,屏東縣屏東市勝利里,22.6861,120.4888,2470,,1
屏東市和平國小,屏東縣屏東市中正里,22.687,120.5017,511,,1
天府宮,高雄市左營區?北里,22.68711,120.2964,30,5834883,1
黎明國小,屏東縣內埔鄉黎明村,22.6874,120.5969,80,,
太麻里鄉美和國民小學,臺東縣太麻里鄉美和村,22.68768,121.04427,100,089-781307,1
高雄市大樹區大樹國民小學,高雄市大樹區大樹里,22.68776,120.43459,1091,,
高雄市左營區明德國民小學,高雄市左營區明建里,22.68801,120.28936,491,,1
?後北極殿,高雄市左營區?南里,22.6889,120.29196,30,5827102,1
高雄市仁武區八卦國民小學,高雄市仁武區八卦里,22.68904,120.33315,1254,07-3719159,1
左營區公所8樓大禮堂,高雄市左營區進學里,22.68988,120.29511,20,5831115,1
涼山社區活動中心,屏東縣瑪家鄉?山村,22.6901,120.6369,158,08-7991759,1
高雄市左營區左營國民小學,高雄市左營區進學里,22.69049,120.2933,745,,
高楠活動中心,高雄市仁武區高楠里,22.6917,120.3242,200,07-3719159,1
屏東縣立至正國中,屏東縣屏東市北興里,22.6917,120.4936,1338,,1
知本金聯世紀酒店,臺東縣卑南鄉溫泉村,22.6924,121.01988,30,089-515688,
大樹區公所二樓會議室,高雄市大樹區檨腳里,22.6933,120.4331,30,911111111,1
長治國中,屏東縣長治鄉德成村,22.6934,120.5437,200,7621193,1
高雄市立左營高級中學,高雄市左營區進學里,22.69342,120.29616,200,,1
德協國小,屏東縣長治鄉德成村,22.6941,120.5415,200,7621844,1
大社村辦公處含活動中心,屏東縣三地門鄉大社村,22.69416,120.63773,200,912024772,1
高雄東照山關帝廟備用,高雄市大樹區小坪里,22.6942,120.3941,300,,1
循理會南三和教會,屏東縣瑪家鄉三和村,22.6949,120.5989,150,08-7993402,1
復興永清里活動中心,高雄市左營區菜公里,22.69567,120.29967,150,,1
祥和山莊活動中心,高雄市左營區祥和里,22.69635,120.3018,100,5851536,1
原大樹鄉民代表會,高雄市大樹區檨腳里,22.6964,120.4321,42,,1
臺東縣農會東遊季溫泉渡假村,臺東縣卑南鄉溫泉村,22.69648,121.01971,30,089-516111,
溫泉國民小學,臺東縣卑南鄉溫泉村,22.69767,121.02593,50,,
溫泉村活動中心,臺東縣卑南鄉溫泉村,22.69782,121.02509,30,089-512744,
高雄市仁武區.烏林國民小學,高雄市仁武區烏林里,22.69789,120.3726,429,07-3719159,1
元新溫泉飯店,臺東縣卑南鄉溫泉村,22.69805,121.02483,20,089-516360,
屏東市海豐國小,屏東縣屏東市三山里,22.6989,120.508,655,,1
高雄市仁武區仁武國民小學,高雄市仁武區仁武里,22.70126,120.34836,1782,07-3719159,1
仁武區綜合活動中心,高雄市仁武區仁武里,22.7013,120.3484,500,07-3719159,1
隘寮國小,屏東縣內埔鄉隘寮村,22.7024,120.6357,120,,
高雄市大樹區姑山國民小學,高雄市大樹區姑山里,22.70254,119.46485,239,,
繁華國小,屏東縣長治鄉德成村,22.7026,120.5722,200,7621254,1
瑪家國中,屏東縣瑪家鄉三和村,22.7026,120.6095,100,08-7991736,1
亞莊酒店,臺東縣卑南鄉溫泉村,22.7034,121.03202,30,089-511199,
中村基督長老教會,屏東縣瑪家鄉三和村,22.7034,120.6078,200,08-7991650,1
玉泉社區活動中心,屏東縣瑪家鄉三和村,22.7036,120.6089,200,983379985,1
仁武里活動中心,高雄市仁武區仁武里,22.70435,120.34472,500,3751472,1
知本社區活動中心,臺東縣臺東市知本里,22.70546,121.05564,34,089-510110,
北葉國小體育館,屏東縣瑪家鄉北葉村,22.7074,120.646,320,08-7991649,1
F Hotel,臺東縣卑南鄉溫泉村,22.70752,121.04218,30,089-511555,
高雄市楠梓區廣、大、久、盛昌里活動中心,高雄市楠梓區廣昌里,22.70753,120.28508,157,07-3517121,1
建業社區活動中心,臺東縣臺東市建業里,22.70775,121.05099,35,089-512311,
中華里活動中心,高雄市仁武區中華里,22.7085,120.3272,100,07-3719160,1
高雄市楠梓區油廠國民小學,高雄市楠梓區宏榮里,22.70896,120.30292,636,07-3632300,1
北葉社區活動中心,屏東縣瑪家鄉北葉村,22.7096,120.6479,443,08-7991461,1
高雄市仁武區竹後國民小學,高雄市仁武區竹後里,22.71004,120.33487,429,07-3719159,1
高雄市左營區莒光國民小學,高雄市左營區光輝里,22.71156,120.29528,20,,1
高雄市楠梓區莒光國民小學,高雄市楠梓區秀昌里,22.71156,120.29528,1273,07-3550571,1
高雄市立右昌國民中學,高雄市楠梓區泰昌里,22.71358,120.28691,927,07-3640451,1
高雄市楠梓區右昌國民小學,高雄市楠梓區建昌里,22.71363,120.29211,1291,07-3612368,1
三地門鄉立體育館,屏東縣三地門鄉三地村,22.7141,120.6539,200,,1
地磨兒國小,屏東縣三地門鄉三地村,22.7149,120.65452,60,08-7991462,1
國軍退役官兵輔導委員會高雄榮譽國民之家,高雄市楠梓區宏榮里,22.7151,120.3018,17,07-3652828,1
高雄市楠梓區宏昌等六里聯合活動中心,高雄市楠梓區宏昌里,22.7154,120.2941,60,07-3517121,1
臺東縣臺東市建和國小,臺東縣臺東市建和里,22.71674,121.04917,125,512381-203,
高雄市立國昌國民中學,高雄市楠梓區國昌里,22.7194,120.2861,800,07-3644300,1
高雄市楠梓區加昌國民小學,高雄市楠梓區加昌里,22.72039,120.29655,1267,07-3627169,1
建農里民眾活動中心,臺東縣臺東市建農里,22.72042,121.08414,29,089-516409,
高雄市楠梓區後勁國民小學,高雄市楠梓區瑞屏里,22.72171,120.31422,873,07-3626342,1
中里社區活動中心,高雄市大社區中里里,22.7226,120.3513,70,3512410,1
高雄市立後勁國民中學,高雄市楠梓區瑞屏里,22.72285,120.3162,673,07-3654111,1
九如鄉九如國民小學,屏東縣九如鄉九清村,22.7233,120.4918,129,,1
高雄市楠梓區仁昌里活動中心,高雄市楠梓區仁昌里,22.72425,120.29485,155,07-3517121,1
高雄市楠梓區楠陽國民小學,高雄市楠梓區五常里,22.72493,120.33114,1164,07-3520675,1
高雄市楠梓區翠屏里活動中心,高雄市楠梓區翠屏里,22.72678,120.30216,280,07-3517121,1
高雄市楠梓區惠豐里活動中心,高雄市楠梓區惠豐里,22.72724,120.31897,115,07-3517121,1
高雄市楠梓區援中國民小學,高雄市楠梓區中和里,22.72821,120.27799,345,07-3612193,1
高雄市楠梓區行政中心7樓大禮堂,高雄市楠梓區惠楠里,22.7283,120.3263,100,07-3517121,1
高雄市立蚵寮國民中學（備用）,高雄市梓官區智蚵里,22.72855,120.25873,400,,1
高雄市立大社國民中學,高雄市大社區神農里,22.72903,120.35727,500,07-3530100,1
大社老人文康中心,高雄市大社區神農里,22.7293,120.3546,200,3541509,1
高雄市立翠屏國民中小學,高雄市楠梓區翠屏里,22.72948,120.29945,1545,07-3683018,1
高雄市立中山高級中學,高雄市楠梓區藍田里,22.7295,120.2922,1528,07-3641116,1
智信蚵社區聯合活動中心（備用）,高雄市梓官區信蚵里,22.72963,120.25459,150,6101938,1
大社中山堂,高雄市大社區大社里,22.73,120.3466,150,,1
高雄市楠梓區惠民里集會所,高雄市楠梓區惠民里,22.7321,120.32308,125,07-3517121,1
豐里社區活動中心,臺東縣臺東市豐里里,22.73219,121.116,27,932535408,
高雄市楠梓區楠梓國民小學,高雄市楠梓區東寧里,22.7322,120.3284,1164,07-3511140,1
高雄市梓官區蚵寮國民小學（備用）,高雄市梓官區禮蚵里,22.73341,120.24824,300,,1
高雄市立楠梓國民中學,高雄市楠梓區東寧里,22.73394,120.32751,1091,07-3517191,1
保安里活動中心,高雄市大社區保安里,22.7341,120.3527,80,3512622,1
九如鄉圖書館,屏東縣九如鄉東寧村,22.7344,120.4896,100,08-7393503,1
赤崁老人活動中心（備用）,高雄市梓官區赤東里,22.73605,120.25016,160,7991213,1
國立臺東大學,臺東縣卑南鄉太平村,22.73606,121.07058,50,089-517395,
高雄市橋頭區甲圍國民小學,高雄市橋頭區甲北里,22.73624,120.29341,540,,
新圍國小,屏東縣鹽埔鄉新二村,22.7383,120.5539,400,08-7932269-14,1
彭厝國小,屏東縣鹽埔鄉洛陽村,22.7399,120.5314,280,08-7031509-14,1
九如鄉公所禮堂,屏東縣九如鄉東寧村,22.7404,120.4904,100,,1
高雄市大樹區興田國民小學,高雄市大樹區興田里,22.74051,120.44597,666,,
賽嘉國小,屏東縣三地門鄉賽嘉村,22.74307,120.63945,20,08-7992220,
賽嘉村辦公處含活動中心,屏東縣三地門鄉賽嘉村,22.74382,120.6403,150,918382731,1
高雄市立楠梓高級中學,高雄市楠梓區清豐里,22.74404,120.33115,1528,07-3550571,1
霧台長老教會,屏東縣霧臺鄉霧台村,22.7445,120.7312,40,08-7902234,
霧台社區活動中心,屏東縣霧臺鄉霧台村,22.745,120.7321,60,932882784,1
霧臺國小,屏東縣霧臺鄉霧台村,22.7452,120.7312,310,08-7902230,1
霧台國小運動場,屏東縣霧臺鄉霧台村,22.74711,120.72329,250,08-7902230,
佛光山寺備用,高雄市大樹區興田里,22.7473,120.4463,500,,1
霧台鄉避難收容所,屏東縣霧臺鄉霧台村,22.7498,120.7263,40,,1
神山社區活動中心運動場,屏東縣霧臺鄉霧台村,22.75045,120.71951,200,921579026,1
高雄市橋頭區仕隆國民小學,高雄市橋頭區仕隆里,22.75058,120.31064,1343,,
高雄市橋頭區興糖國民小學,高雄市橋頭區橋南里,22.75088,120.317,676,,
高雄市燕巢區鳳雄國民小學（備用）,高雄市燕巢區鳳雄里,22.7533,120.3581,250,,1
鹽埔國中,屏東縣鹽埔鄉鹽南村,22.7536,120.5741,600,08-7932001-14,1
臺東市公所,臺東縣臺東市文化里,22.7547,121.14664,34,089-325301,
鳳雄營區,高雄市燕巢區鳳雄里,22.7555,120.3602,900,,1
梓平社區活動中心（備用）,高雄市梓官區梓平里,22.75647,120.26917,100,6177270,1
鄉立幼兒園,屏東縣鹽埔鄉鹽北村,22.75652,120.57572,250,08-7934629,1
橋頭區公所,高雄市橋頭區橋頭里,22.7576,120.3058,150,,1
高雄市立橋頭國民中學,高雄市橋頭區白樹里,22.75901,120.30751,1484,,
梓和社區活動中心（備用）,高雄市梓官區梓和里,22.75957,120.26611,80,6101632,1
高雄市橋頭區五林國民小學,高雄市橋頭區東林里,22.75995,120.29372,1343,,
梓官國小（備用）,高雄市梓官區梓和里,22.76029,120.26476,400,,1
高雄市立彌陀國民中學（備用）,高雄市彌陀區過港里,22.76036,120.26296,250,,1
梓官區公所,高雄市梓官區梓義里,22.7607,120.2673,60,,1
中華社區活動中心,臺東縣臺東市中華里,22.76153,121.15812,34,089-321011,
高雄市橋頭區橋頭國民小學,高雄市橋頭區橋頭里,22.76176,120.30586,1105,6126011-41,1
高雄市立梓官國民中學,高雄市梓官區梓信里,22.76243,120.26348,400,07-617285431,1
新園社區活動中心,臺東縣臺東市新園里,22.76394,121.05231,40,089-380311,
四維寶桑多功能活動中心,臺東縣臺東市四維里,22.76416,121.1547,17,089-340722,
東興村活動中心,臺東縣卑南鄉東興村,22.76501,121.04115,70,089-382505,
臺東縣臺東市新園國小,臺東縣臺東市新園里,22.76507,121.06235,75,089-382590-13,
塔樓國小,屏東縣里港鄉塔樓村,22.7655,120.4838,320,08-7756625,1
口社國小,屏東縣三地門鄉口社村,22.7666,120.6445,30,08-7956495,1
高雄市燕巢區橫山國民小學（備用）,高雄市燕巢區橫山里,22.76854,120.37947,60,,1
口社村辦公處含活動中心,屏東縣三地門鄉口社村,22.76925,120.64773,100,981488861,1
地磨兒國小德文分校,屏東縣三地門鄉德文村,22.77093,120.70187,30,08-7996065,
財團法人臺東縣私立仁愛之家,臺東縣卑南鄉太平村,22.77107,121.10647,20,,
德文村辦公處含活動中心,屏東縣三地門鄉德文村,22.77135,120.70187,40,08-7996065,1
行政院國軍退除役官兵輔導委員會馬蘭榮譽國民之家,臺東縣臺東市南榮里,22.7724,121.13209,10,,
嶺口營區,高雄市旗山區南勝里,22.7737,120.4417,700,,1
玉田國小,屏東縣里港鄉玉田村,22.7743,120.4912,1800,08-7752816,
豐田里民眾活動中心,臺東縣臺東市豐田里,22.77433,121.08638,18,089-381878,
利嘉村活動中心,臺東縣卑南鄉利嘉村,22.77663,121.06101,30,089-382446,
南勝社區活動中心備用,高雄市旗山區南勝里,22.7768,120.4488,30,,1
高雄市燕巢區深水國民小學（備用）,高雄市燕巢區深水里,22.77704,120.40528,60,,1
里港鄉立圖書館,屏東縣里港鄉過江村,22.7802,120.494,200,08-7755754,1
載興國小,屏東縣里港鄉載興村,22.7806,120.5242,1000,08-7752271,1
里港國小,屏東縣里港鄉過江村,22.7807,120.4945,1500,08-7752161,1
高雄市政府社會局仁愛之家,高雄市燕巢區深水里,22.781,120.4189,25,07-6152611-103,1
彌陀區公所,高雄市彌陀區彌仁里,22.7817,120.2506,100,,1
太平村活動中心,臺東縣卑南鄉太平村,22.78197,121.08837,80,089-380948,
卑南里民眾活動中心,臺東縣臺東市卑南里,22.78204,121.12237,40,089-221917,
高雄市岡山區和平國民小學,高雄市岡山區和平里,22.78205,120.30383,567,,
彌仁社區活動中心（備用）,高雄市彌陀區彌仁里,22.78219,120.24992,100,,1
燕巢區民眾活動中心,高雄市燕巢區南燕里,22.78248,120.36225,120,,1
富豐社區活動中心,臺東縣臺東市富豐里,22.78291,121.162,34,089-226527,
高雄市彌陀區彌陀國民小學,高雄市彌陀區彌靖里,22.78368,120.24778,300,,1
高雄市岡山區兆湘國民小學,高雄市岡山區信義里,22.78503,120.28671,611,,
高雄市立燕巢國民中學（備用）,高雄市燕巢區南燕里,22.78583,120.36284,400,6164290,1
鹽埕過港社區康樂室（備用）,高雄市彌陀區過港里,22.78791,120.24258,50,,1
屏東縣立泰山國民小學,屏東縣高樹鄉泰山村,22.788,120.6142,,,1
燕巢區公所禮堂,高雄市燕巢區安招里,22.78808,120.36208,100,,1
馬兒村辦公處含活動中心,屏東縣三地門鄉馬兒村,22.78859,120.63348,30,08-7958880,1
臺東棒球村第一棒球場,臺東縣臺東市岩灣里,22.78889,121.1284,125,089-230053,
高雄市立前峰國民中學,高雄市岡山區信義里,22.78945,120.28842,30,07-6265568,1
金陵營區,高雄市燕巢區南燕里,22.79,120.3598,500,,1
太平國民小學,臺東縣卑南鄉泰安村,22.7908,121.07577,50,,
安招國民小學備用,高雄市燕巢區瓊林里,22.7909,120.3378,200,,1
竹圍國小,高雄市岡山區竹圍里,22.7914,120.2937,200,07-6233032,1
高雄市岡山區岡山國民小學,高雄市岡山區平安里,22.79142,120.29367,200,918736006,
臺東市老人文康活動中心,臺東縣臺東市富岡里,22.79202,121.18456,28,,
高雄市岡山區後紅國民小學,高雄市岡山區後紅里,22.7929,120.30344,2172,,
高雄市岡山區前峰國民小學,高雄市岡山區前峰里,22.79305,120.28316,200,07-6262415-41,1
泰安活動中心,臺東縣卑南鄉泰安村,22.79387,121.06737,50,089-381180,
高雄市燕巢區燕巢國民小學（備用）,高雄市燕巢區東燕里,22.79526,120.36587,200,,1
高雄市彌陀區壽齡國民小學（備用）,高雄市彌陀區文安里,22.79535,120.23451,100,,1
高雄市立岡山國民中學,高雄市岡山區後紅里,22.79617,120.29196,500,07-6265568,1
安坡村辦公處含活動中心,屏東縣三地門鄉安坡村,22.7982,120.6378,50,08-7957637,
高雄市岡山區壽天國民小學,高雄市岡山區壽天里,22.79886,120.29248,150,07-6246040-40,
岡山區老人活動中心,高雄市岡山區壽天里,22.7989,120.2925,150,07-6214193,1
公園西路14號公所廳舍,高雄市岡山區前峰里,22.79913,120.28934,150,07-6214193152,1
岡山榮譽國民之家,高雄市燕巢區瓊林里,22.7993,120.3288,50,,1
高雄市永安區維新國民小學,高雄市永安區維新里,22.80403,120.24796,50,6913816202,1
高雄市燕巢區金山國民小學（備用）,高雄市燕巢區金山里,22.8118,120.39808,50,6164328741,1
富源村活動中心,臺東縣卑南鄉富源村,22.81255,121.14969,30,089-223084,
高雄市立嘉興國民中學,高雄市岡山區嘉興里,22.81618,120.31191,619,,
青山國小,屏東縣三地門鄉青山村,22.81711,120.64137,20,08-7962493,1
中正堂,高雄市永安區永華里,22.8183,120.2253,120,,1
三和國小,屏東縣里港鄉土庫村,22.82,120.5064,300,08-7731198,1
三地門鄉青山村辦公處,屏東縣三地門鄉青山村,22.82065,120.6406,20,08-7965761,
土庫社區活動中心,屏東縣里港鄉土庫村,22.8209,120.5068,300,08-7731156,1
高雄市永安區新港國民小學,高雄市永安區新港里,22.82115,120.20923,50,6912040,1
富山村活動中心,臺東縣卑南鄉富山村,22.82142,121.19009,30,089-281343,
富山國民小學,臺東縣卑南鄉富山村,22.82142,121.19009,50,089-281086,
高雄市岡山區嘉興國民小學,高雄市岡山區嘉興里,22.8216,120.30529,1796,6212414,
高雄市立永安國民中學,高雄市永安區保寧里,22.82317,120.24065,120,6912064,1
高雄市路竹區北嶺國民小學,高雄市路竹區北嶺里,22.82351,120.26977,418,,
賓朗老人暨多功能活動中心,臺東縣卑南鄉賓朗村,22.8239,121.09075,150,089-222054,
利吉村活動中心,臺東縣卑南鄉利吉村,22.82408,121.13411,30,089-222304,
高雄市岡山區華崗社區活動中心,高雄市岡山區華崗里,22.82414,120.32242,100,6281955,1
屏東縣立高樹國民小學,屏東縣高樹鄉高樹村,22.8262,120.5992,,,1
美農村活動中心,臺東縣卑南鄉美農村,22.8305,121.09336,30,,
高雄市永安區鹽田社區活動中心,高雄市永安區永安里,22.83359,120.20843,40,915678353,1
高雄市田寮區新興國民小學,高雄市田寮區新興里,22.83501,120.36977,50,638134850,1
大洲國中備用,高雄市旗山區新光里,22.8354,120.4605,60,666137850,1
東成國民小學,臺東縣卑南鄉美農村,22.83559,121.0824,50,089-571124,
高雄市立路竹區三埤國民小學,高雄市路竹區三爺里,22.8368,120.2801,360,,1
青葉國小,屏東縣三地門鄉青葉村,22.83769,120.63912,60,08-7961997,
青葉村辦公處含活動中心,屏東縣三地門鄉青葉村,22.83816,120.63844,60,913091852,1
高雄市旗山區溪洲國民小學（備用）,高雄市旗山區大山里,22.84765,120.46553,30,6616100,1
屏東縣立舊寮國民小學,屏東縣高樹鄉舊寮村,22.8486,120.6101,150,,1
合天大道院,高雄市旗山區南勝里,22.8489,120.4734,100,,1
高雄市阿蓮區復安國民小學（備用）,高雄市阿蓮區復安里,22.8491,120.32414,20,07-6333829-50,1
鯤洲社區多功能活動中心,高雄市旗山區鯤洲里,22.84953,120.47621,80,911719729,1
高雄市美濃區吉東國民小學,高雄市美濃區吉東里,22.85131,120.54096,569,07-6831144,
路竹老人活動中心,高雄市路竹區文南里,22.8543,120.2546,200,07-6979209,1
高雄市立路竹高級中學,高雄市路竹區文南里,22.85538,120.25221,2144,,
上洲社區活動中心,高雄市旗山區上洲里,22.8565,120.4735,50,,1
廣福社區活動中心,高雄市旗山區廣福里,22.8575,120.5049,30,,1
初鹿國民小學,臺東縣卑南鄉初鹿村,22.86017,121.09208,50,089-571027,
初鹿村多功能暨老人活動中心,臺東縣卑南鄉初鹿村,22.86065,121.09252,110,089-571703571897,
高雄市路竹區蔡文國民小學,高雄市路竹區文北里,22.86152,120.256,1611,,
高雄市立路竹區竹滬國民小學,高雄市路竹區竹滬里,22.8625,120.2304,495,,1
高雄市路竹區路竹國民小學,高雄市路竹區竹南里,22.86252,120.23043,1806,,
屏東縣立新豐國民小學,屏東縣高樹鄉新豐村,22.8634,120.6343,,,1
龍山國小,高雄市美濃區龍山里,22.86461,120.55586,3091,07-6833654,
高雄市路竹區大社國民小學,高雄市路竹區社西里,22.86707,120.26535,1134,,
高雄市立一甲國民中學學生,高雄市路竹區甲南里,22.86882,120.27188,300,,1
高雄市立路竹區下坑國民小學備用,高雄市路竹區下坑里,22.8691,120.2908,436,,1
田寮區公所3樓大禮堂,高雄市田寮區南安里,22.8699,120.3594,100,,1
竹子門水利工作站,高雄市美濃區獅山里,22.87028,120.5888,200,07-6851170,
都蘭活動中心,臺東縣東河鄉都蘭村,22.8765,121.22756,50,089-531703,
高雄市美濃區吉洋國民小學,高雄市美濃區吉洋里,22.87668,120.53586,533,07-6831849,
高雄市田寮區崇德國民小學,高雄市田寮區崇德里,22.87764,120.37968,50,636715540,1
高雄市立龍肚國民中學,高雄市美濃區龍肚里,22.87773,120.57104,288,07-6851314,
都蘭國小,臺東縣東河鄉都蘭村,22.87796,121.22693,215,,
湖東社區活動中心,高雄市湖內區湖東里,22.87834,120.24623,50,6931528,
新寮社區活動中心,高雄市六龜區新寮里,22.8806,120.6145,100,6872339,1
樹人醫護管理專科學校,高雄市路竹區甲南里,22.8827,120.2611,120,07-6979310,1
高雄市美濃區福安國民小學,高雄市美濃區福安里,22.88287,120.53394,740,76812514,
阿蓮區公所3樓會議室,高雄市阿蓮區阿蓮里,22.8832,120.3275,80,,1
高雄市阿蓮區阿蓮國民小學（備 用）,高雄市阿蓮區阿蓮里,22.88323,120.32987,500,07-6312049-230,1
高雄市美濃區中壇國民小學,高雄市美濃區中壇里,22.88402,120.53057,1247,,1
靈山寺,高雄市旗山區太平里,22.8847,120.4784,100,,1
高雄市立阿蓮國民中學（備用）,高雄市阿蓮區阿蓮里,22.88532,120.32614,100,07-6312045-310,
高雄市美濃區龍肚國民小學,高雄市美濃區龍肚里,22.88538,120.57961,344,07-6851124,
高雄市茂林區茂林國民小學,高雄市茂林區茂林里,22.8865,120.6643,180,07-6801043,1
鳳山區農會茂林辦事處,高雄市茂林區茂林里,22.8869,120.6633,220,07-6801115,1
茂林基督長老教會,高雄市茂林區茂林里,22.8871,120.6661,50,07-6801260,1
高雄市湖內區大湖國民小學,高雄市湖內區大湖里,22.88776,120.24452,180,07-693380840,1
高雄市其山區旗山國小（備用）,高雄市旗山區湄洲里,22.8883,120.48065,80,,1
旗山區公所,高雄市旗山區湄洲里,22.8886,120.4836,120,,1
高雄市茄萣區成功國民小學,高雄市茄萣區吉定里,22.88869,120.18603,737,,
新威天台聖宮,高雄市六龜區新寮里,22.8889,120.6166,1000,,1
大津登山訓練中心,高雄市六龜區大津里,22.889,120.6471,100,6801102,1
湄州里活動中心,高雄市旗山區湄洲里,22.8898,120.4811,50,,1
茄萣老人活動中心,高雄市茄萣區光定里,22.8911,120.186,120,,1
竹峰里辦公處,高雄市旗山區竹峰里,22.8912,120.4786,30,,1
大津社區活動中心,高雄市六龜區大津里,22.89187,120.64715,100,6801175,
紅葉村活動中心,臺東縣延平鄉紅葉村,22.89362,121.06306,30,89561095,1
古亭社區活動中心,高雄市田寮區古亭里,22.8941,120.40235,70,6367302,1
台灣基督長老教會海埔教會,高雄市湖內區海山里,22.8944,120.2234,100,6993089,1
美濃區老人文康活動中心,高雄市美濃區合和里,22.8946,120.5427,60,,1
高雄市立美濃國民中學,高雄市美濃區合和里,22.89475,120.5435,9363,975018933,1
美濃區公所,高雄市美濃區合和里,22.8948,120.5418,20,,1
高雄市阿蓮區中路國民小學（備用）,高雄市阿蓮區中路里,22.89493,120.29857,300,07-6312325,
興隆國小,臺東縣東河鄉興昌村,22.8953,121.24875,120,089-531283,
鸞山村活動中心,臺東縣延平鄉鸞山村,22.899,121.1516,30,89568057,1
高雄市美濃區美濃國民小學,高雄市美濃區泰安里,22.89958,120.54326,1448,07-6810166,
高雄市六龜區新威國民小學,高雄市六龜區新興里,22.9001,120.62763,254,07-6871134,
高雄市美濃區東門國民小學,高雄市美濃區東門里,22.90049,120.5532,272,07-6812811,
永和社區活動中心備用,高雄市旗山區永和里,22.9006,120.4782,50,,1
新威社區活動中心,高雄市六龜區新威里,22.9025,120.6284,50,,1
桃源村活動中心,臺東縣延平鄉桃源村,22.90292,121.08434,50,8956148,1
高雄市茄萣區茄萣國民小學,高雄市茄萣區嘉賜里,22.90328,120.18198,1144,,
臺南市關廟區崇和國小,臺南市關廟區田中里,22.904,120.3547,290,,1
龍田社區活動中心,臺東縣鹿野鄉龍田村,22.9042,121.1206,20,089-551259,1
龍田國小,臺東縣鹿野鄉龍田村,22.9042,121.1243,30,089-551078,1
和平社區活動中心,臺東縣鹿野鄉鹿野村,22.9051,121.1192,40,089-551195,1
茄萣區公所大禮堂,高雄市茄萣區白雲里,22.9065,120.1825,120,,1
高雄市立茄萣國民中學,高雄市茄萣區白雲里,22.90689,120.18101,965,,1
鹿野國中,臺東縣鹿野鄉龍田村,22.907,121.1352,100,,
財團法人一貫道興毅純陽聖道院,高雄市湖內區葉厝里,22.9072,120.21789,300,07-6997783,1
新興社區活動中心,高雄市六龜區新興里,22.9076,120.6335,100,07-6871084,1
高雄市立湖內國民中學,高雄市湖內區太爺里,22.90772,120.2274,100,,
中圳社區活動中心,高雄市美濃區中圳里,22.90802,120.54765,80,6814105,
中正堂二樓,高雄市湖內區中賢里,22.9091,120.2129,100,932837411,1
鹿野國小,臺東縣鹿野鄉鹿野村,22.9094,121.137,100,089-551371,1
白雲社區活動中心,高雄市茄萣區白雲里,22.9096,120.1851,120,,1
高雄市茂林區多納國民小學,高雄市茂林區多納里,22.9101,120.7159,200,07-6801178,1
多納里社區活動中心,高雄市茂林區多納里,22.9105,120.7167,150,,1
萬山里避難屋,高雄市茂林區萬山里,22.91111,120.68251,120,,1
高雄市茄萣區砂崙國民小學,高雄市茄萣區萬福里,22.91319,120.18235,589,,
臺南市歸仁區大潭國小,臺南市歸仁區大潭里,22.9138,120.2718,700,,1
鹿野鄉公所,臺東縣鹿野鄉鹿野村,22.9143,121.1362,50,089-552136,1
廣林里社區活動中心,高雄市美濃區廣林里,22.91692,120.5793,150,07-6814126,
臺南市關廟區文和國小,臺南市關廟區布袋里,22.917,120.3428,400,,1
內門紫竹寺香客大樓,高雄市內門區觀亭里,22.9172,120.4554,200,07-6671632,1
高雄市美濃區廣興國民小學,高雄市美濃區興隆里,22.91725,120.56792,1227,07-6812857,
高雄市內門區觀亭國民小學,高雄市內門區觀亭里,22.91834,120.45373,60,6671672,
高雄市內門區西門國民小學,高雄市內門區內東里,22.91862,120.42672,70,,
高雄市立內門國民中學,高雄市內門區觀亭里,22.92188,120.45352,80,,
華山營區,高雄市旗山區中正里,22.9266,120.5039,100,,1
臺南市龍崎區大坪里民活動中心,臺南市龍崎區大坪里,22.9268,120.3921,30,06-5941326,1
永康村鄉立幼兒園,臺東縣延平鄉永康村,22.9279,121.11521,50,89561244,1
隆昌村辦公處活動中心,臺東縣東河鄉隆昌村,22.92801,121.26926,50,,
臺南市歸仁區沙崙國中,臺南市歸仁區武東里,22.9287,120.2816,1035,,1
臺南市龍崎區牛埔里里民活動中心,臺南市龍崎區牛埔里,22.9313,120.4096,40,06-5941326,1
永安社區活動中心,臺東縣鹿野鄉永安村,22.9316,121.1296,20,089-551818,1
臺南市南區南寧中學,臺南市南區省躬里,22.9318,120.1834,1678,,1
臺南市南區灣裡聯合里活動中心,臺南市南區省躬里,22.9323,120.1808,1529,06-2627799,1
臺南市南區省躬國小,臺南市南區省躬里,22.9325,120.1804,6528,,1
永昌社區活動中心,臺東縣鹿野鄉永安村,22.9328,121.1308,30,089-552087,1
中正社區活動中心,高雄市旗山區中正里,22.9329,120.5022,30,,1
永安國小,臺東縣鹿野鄉永安村,22.9336,121.1283,20,089-551172,1
臺南市關廟區深坑國小,臺南市關廟區深坑里,22.9371,120.3353,140,,1
鹿野鄉立托兒所,臺東縣鹿野鄉瑞隆村,22.9403,121.1515,50,089-580309,1
南海紫竹寺香客大樓,高雄市內門區內豊里,22.9417,120.4613,200,6671400,1
臺南市仁德區臺南都會公園管理中心,臺南市仁德區成功里,22.9437,120.2211,2060,06-2981793,1
臺南市仁德區後壁里老人文康活動中心,臺南市仁德區後壁里,22.9475,120.2532,1460,06-2704365,1
月美社區活動中心,高雄市杉林區月美里,22.94803,120.52867,20,972000623,1
臺南市龍崎區龍船里里民活動中心,臺南市龍崎區龍船里,22.952,120.4213,50,06-5941326,1
瑞源社區活動中心,臺東縣鹿野鄉瑞隆村,22.955,121.1562,30,920910489,1
瑞隆社區活動中心,臺東縣鹿野鄉瑞隆村,22.955,121.1562,30,089-580268,1
永富社區活動中心景義國小,高雄市內門區永富里,22.956,120.4942,120,6601979,1
高雄市內門區內門國民小學,高雄市內門區內豊里,22.95601,120.47033,100,,
瑞源國小,臺東縣鹿野鄉瑞源村,22.9578,121.1554,10,089-581064,1
高雄市杉林區月美國民小學,高雄市杉林區月美里,22.95819,120.5352,595,07-6771404,1
臺南市關廟區五甲國小,臺南市關廟區松腳里,22.9583,120.3343,800,,1
臺南市關廟社區活動中心,臺南市關廟區關廟里,22.9589,120.3242,180,,1
大林社區活動中心備用,高雄市旗山區大林里,22.9591,120.5147,30,,1
臺南市關廟區關廟國中,臺南市關廟區香洋里,22.9608,120.3247,,,1
臺南市南區區公所,臺南市南區南都里,22.9609,120.1884,983,,1
臺南市南區龍崗國小,臺南市南區鯤鯓里,22.9614,120.1696,667,06-2620024,1
臺南市東區大智里活動中心,臺南市東區大智里,22.9615,120.2303,650,06-2680622,1
臺南市歸仁區紅瓦厝國小,臺南市歸仁區崙頂里,22.9617,120.2987,800,,1
尚德國小村辦公室,臺東縣東河鄉尚德村,22.9627,121.2407,260,,1
臺南市南區永華國小,臺南市南區開南里,22.9631,120.1886,4154,06-2641457,1
臺南市關廟區關廟國小,臺南市關廟區山西里,22.9637,120.3261,1150,06-5952209-704,
高雄市杉林區大愛民族國民小學,高雄市杉林區月眉里,22.96382,120.53883,200,6771340232,1
臺南市歸仁區歸南國小,臺南市歸仁區辜厝里,22.9642,120.2883,710,,1
臺南市龍崎區民活動中心,臺南市龍崎區崎頂里,22.9642,120.3595,140,06-5941049,1
臺南市立龍崎國民小學,臺南市龍崎區崎頂里,22.96442,120.35906,200,06-5941204,1
臺南市南區明興社區活動中心,臺南市南區明興里,22.9651,120.1923,556,06-2630855,1
臺南市龍崎區老人文康活中心,臺南市龍崎區崎頂里,22.9651,120.3603,65,,1
大愛活動中心,高雄市杉林區大愛里,22.96608,120.54557,100,6771340,1
月眉社區活動中心,高雄市杉林區月眉里,22.9665,120.53544,20,6771241,1
臺南市歸仁區公所,臺南市歸仁區許厝里,22.9669,120.294,200,06-2301518,1
臺南市南區開南里活動中心,臺南市南區開南里,22.967,120.1856,428,06-2657184,1
臺南市仁德區仁義里運動公園育樂中心,臺南市仁德區仁義里,22.9675,120.2585,3260,06-2796072,1
上平社區活動中心,高雄市杉林區上平里,22.96797,120.55756,20,919629466,1
臺南市龍崎區龍崎國民中學,臺南市龍崎區崎頂里,22.9683,120.3608,80,06-5941475,1
高雄市立杉林國民中學,高雄市杉林區月眉里,22.96858,120.54083,375,07-677-1108,1
東河鄉公所2樓大會議室,臺東縣東河鄉東河村,22.9691,121.30273,50,089-896200,
臺南市歸仁區歸仁國中,臺南市歸仁區文化里,22.9696,120.2939,1130,,1
臺南市南區白雪社區活動中心,臺南市南區白雪里,22.9697,120.1888,406,06-2617623,1
臺南市歸仁區歸仁國小,臺南市歸仁區歸仁里,22.9698,120.2966,865,,1
武陵村活動中心,臺東縣延平鄉武陵村,22.96983,121.11784,30,89551764,1
臺南市歸仁區文化國小,臺南市歸仁區文化里,22.9708,120.2891,860,,1
臺南市歸仁區歸仁里活動中心,臺南市歸仁區歸仁里,22.9708,120.2984,200,06-3306758,1
臺南市南區大忠大林社區活動中心,臺南市南區大忠里,22.9726,120.2125,316,06-2151444,1
臺南市仁德區公所,臺南市仁德區仁德里,22.973,120.2517,570,06-2704706,1
瑞源國中,臺東縣鹿野鄉瑞和村,22.9742,121.1567,40,089-581425,1
臺南市南區府南里活動中心,臺南市南區府南里,22.9744,120.1953,531,06-2651402,1
高雄市內門區木柵國民小學,高雄市內門區木柵里,22.97535,120.46786,300,6681183,
臺南市東區崇德里活動中心,臺南市東區崇德里,22.9757,120.2281,800,06-2680622,1
臺南市南區田寮社區活動中心,臺南市南區田寮里,22.9765,120.1955,592,06-2646946,1
高雄市杉林區上平國民小學,高雄市杉林區上平里,22.97685,120.54407,327,07-677-1102,1
臺南市東區和平里活動中心,臺南市東區和平里,22.977,120.2326,1450,06-2680622,1
臺南市南區國宅社區活動中心,臺南市南區國宅里,22.9771,120.1879,602,06-2631259,1
臺南市關廟區新光國小,臺南市關廟區新光里,22.9772,120.3595,145,,
臺南市安平區漁光里活動中心,臺南市安平區漁光里,22.97723,120.15997,217,06-2647447,1
日光小林社區活動中心,高雄市杉林區上平里,22.97727,120.55669,200,07-6775186,1
永吉社區活動中心,高雄市內門區永吉里,22.9774,120.498,50,6602048,1
臺南市南區新興國中,臺南市南區國宅里,22.9778,120.1876,5448,,1
木柵社區活動中心,高雄市內門區木柵里,22.978,120.4677,50,6681266,1
臺南市南區體育公園,臺南市南區竹溪里,22.9785,120.2068,11891,,1
新豐社區活動中心,臺東縣鹿野鄉瑞豐村,22.9789,121.1315,30,089-581080,1
瑞豐國小,臺東縣鹿野鄉瑞豐村,22.9791,121.1369,60,089-581118,1
臺南市南區大成國中,臺南市南區大成里,22.9796,120.198,4741,,1
臺南市東區崇學國民小學操場,臺南市東區崇學里,22.9796,120.2234,1000,06-2689951,1
臺南市東區復興里活動中心,臺南市東區復興里,22.9803,120.2416,230,06-2680622,1
臺南市東區區公所,臺南市東區崇學里,22.98052,120.22401,70,06-2680622,1
臺南市東區德光里活動中心,臺南市東區德光里,22.9806,120.2188,1400,06-2680622,1
臺南市南區台南高商,臺南市南區明德里,22.9811,120.202,5532,,1
臺南市東區虎尾里活動中心,臺南市東區虎尾里,22.9815,120.2353,400,06-2680622,1
臺南市東區裕聖里活動中心,臺南市東區裕聖里,22.9817,120.2464,250,06-2680622,1
臺南市仁德區太子里活動中心,臺南市仁德區太子里,22.9823,120.255,480,06-2706979,1
臺南市東區裕文國民小學,臺南市東區文聖里,22.9825,120.24574,1700,06-3317657,1
臺南市東區復興國民小學風雨球場,臺南市東區文聖里,22.9826,120.2387,1000,06-3310457,1
臺南市中西區五妃社區活動中心,臺南市中西區五妃里,22.983,120.2049,100,06-2138733,1
臺南市東區龍山社區活動中心,臺南市東區龍山里,22.9836,120.2193,750,06-2680622,1
臺南市東區自強里活動中心,臺南市東區自強里,22.984,120.2352,200,06-2680622,1
臺南市中西區仙草里活動中心,臺南市中西區仙草里,22.9844,120.1995,200,927612288,1
臺南市東區富裕里活動中心,臺南市東區富裕里,22.9847,120.2276,400,06-2680622,1
臺南市中西區中山國中,臺南市中西區大南里,22.9848,120.2033,1300,,1
臺南市東區富強里活動中心,臺南市東區富強里,22.986,120.2317,450,06-2680622,1
臺南市安平區億載里活動中心,臺南市安平區億載里,22.98622,120.16183,262,06-2989660,1
臺南市東區關聖社區活動中心,臺南市東區關聖里,22.9865,120.2434,1000,06-2680622,1
臺南市安平區文平里活動中心,臺南市安平區文平里,22.98677,120.1855,151,06-2971679,1
臺南市安平區育平里活動中心,臺南市安平區育平里,22.9874,120.16709,273,06-2937503,1
臺南市東區衛國里活動中心,臺南市東區衛國里,22.9879,120.2254,400,06-2680622,1
新和社區舊圖書室,高雄市杉林區新庄里,22.98792,120.5632,30,976067741,1
瑞豐社區活動中心,臺東縣鹿野鄉瑞豐村,22.988,121.1398,30,089-812289,1
高雄市杉林區新庄國民小學,高雄市杉林區新庄里,22.9891,120.55968,260,07-6771755,1
臺南市中西區郡西里活動中心,臺南市中西區郡西里,22.98944,120.19407,320,932866855,1
臺南市安平區國平里活動中心,臺南市安平區國平里,22.98948,120.17646,102,06-2971950,1
臺南市東區後甲南聖里聯合社區活動中心,臺南市東區後甲里,22.9895,120.2427,650,06-2680622,1
臺南市中西區忠義國小,臺南市中西區萬昌里,22.98957,120.20315,1300,,1
臺南市東區崇誨里活動中心,臺南市東區崇誨里,22.9898,120.2247,200,06-2680622,1
臺南市安平區億載國小-操場,臺南市安平區億載里,22.99001,120.16316,1458,,1
臺南市中西區永福小西三民里活動中心,臺南市中西區永福里,22.9901,120.2008,240,918636187,1
臺南市中西區萬昌公正里活動中心,臺南市中西區萬昌里,22.99118,120.21101,200,06-2234180,1
臺南市中西區中頭社區活動中心,臺南市中西區民生里,22.9912,120.1913,100,929767263,1
臺南市中西區民生社區活動中心,臺南市中西區民生里,22.9912,120.1913,150,06-2262579,1
臺南市歸仁區保西國小,臺南市歸仁區媽廟里,22.9919,120.2936,730,,1
東寧運動公園,臺南市東區東明里,22.99206,120.22427,7700,06-3901394,
臺南市東區大學東寧聯合社區活動中心,臺南市東區大學里,22.9921,120.2243,900,06-2680622,1
臺南市中西區青年銀同里活動中心,臺南市中西區銀同里,22.9922,120.2057,100,06-2284281,1
臺南市中西區建國里活動中心,臺南市中西區建國里,22.9928,120.2006,500,06-2283720,1
高雄市立六龜高級中學,高雄市六龜區義寶里,22.99318,120.63509,1625,,
高雄市內門區溝坪國民小學,高雄市內門區溝坪里,22.99333,120.50123,200,,
臺南市關廟區保東國小,臺南市關廟區埤頭里,22.9934,120.3175,30,,1
臺南市中西區大涼社區活動中心,臺南市中西區大涼里,22.9936,120.1908,130,932715721,1
高雄市六龜區龍興國民小學,高雄市六龜區中興里,22.99387,120.64498,60,3218216,
臺南市安平區安平國小-風雨球場,臺南市安平區怡平里,22.99394,120.17644,510,06-2996735,1
小馬活動中心 Siao-Ma Community Center,臺東縣成功鎮信義里,22.99397,121.31461,20,089-85100437,
臺南市中西區中正里活動中心,臺南市中西區中正里,22.9945,120.1972,200,06-2235520,1
臺南市安平區公所,臺南市安平區平通里,22.99481,120.1688,198,06-2951915,1
臺南市安平區台南聖教會,臺南市安平區建平里,22.99514,120.1851,66,06-2952171,1
臺南市安平區建平里活動中心,臺南市安平區建平里,22.99525,120.18558,152,06-2988787,1
臺南市安平區華平里活動中心,臺南市安平區華平里,22.99528,120.17197,235,06-2999759,1
六龜綜合社會福利服務中心,高雄市六龜區義寶里,22.9955,120.6349,120,6891725,1
白水泉社區活動中心,高雄市杉林區木梓里,22.9967,120.5784,50,07-6779430,1
臺南市安平區沙灘忠誠社區聯合活動中心,臺南市安平區金城里,22.99706,120.14897,376,06-3911821,1
臺南市中西區民權里活動中心,臺南市中西區民權里,22.9971,120.1962,75,06-2229249,1
臺南市安平區平通里活動中心,臺南市安平區平通里,22.99731,120.1706,92,06-2936812,1
臺南市安平區安平國中-安平館,臺南市安平區平通里,22.99789,120.16826,308,06-2990461-2,1
泰源活動中心村辦公處,臺東縣東河鄉泰源村,22.99795,121.28602,80,,
臺南市中西區天后里活動中心,臺南市中西區天后里,22.99805,120.20138,80,06-2276839,1
高雄市杉林區杉林國民小學,高雄市杉林區杉林里,22.99809,120.54807,480,07-677-2658,1
臺南市中西區龍盛社區活動中心,臺南市中西區藥王里,22.9982,120.1938,350,06-2288409,1
臺南市安平區天橋教會,臺南市安平區怡平里,22.99822,120.16822,99,06-2971350,1
泰源國小,臺東縣東河鄉泰源村,22.99841,121.28504,310,,
臺南市中西區協進國小,臺南市中西區協進里,22.9987,120.1875,900,,1
臺南市永康區復興里活動中心,臺南市永康區復興里,22.9988,120.2415,44,06-3125548,
臺南市中西區成功國小,臺南市中西區赤嵌里,22.99889,120.20317,1200,,1
六龜社區活動中心,高雄市六龜區六龜里,22.9991,120.6301,100,07-6893020,1
新和社區活動中心,高雄市杉林區新庄里,22.99938,120.57413,30,6774013,1
臺南市安平區平安里活動中心,臺南市安平區平安里,22.99944,120.17692,237,06-2258366,1
原加拿托兒所,臺東縣海端鄉加拿村,22.99948,121.13024,50,089-811044,1
臺南市北區區公所,臺南市北區五福里,22.9997,120.2029,50,06-2110711,1
臺南市安平區石門國小-操場,臺南市安平區石門里,22.99988,120.16631,1001,06-2223332,1
臺南市北區東興社區活動中心,臺南市北區東興里,22.99999,120.23239,45,06-2346426,1
寶山國小,彰化縣芬園鄉圳墘村,23.0,120.0,100,049-2523968,
同安國小,彰化縣芬園鄉中崙村,23.0,120.0,100,049-2523968,1
臺南市北區公園里活動中心,臺南市北區公園里,23.0002,120.2116,45,06-2110711,1
臺南市龍崎區石[石曹]里里民活動中心,臺南市龍崎區石[石曹]里,23.0002,120.3974,30,06-5941326,1
臺南市北區公園國小,臺南市北區公園里,23.0003,120.2091,1400,,1
臺南市安平區觀音亭,臺南市安平區港仔里,23.00038,120.16298,63,06-2230523,1
杉林社區活動中心,高雄市杉林區杉林里,23.00042,120.55229,30,939723777,1
中興社區活動中心,高雄市六龜區中興里,23.0008,120.6448,100,,1
臺南市安平區開台天后宮,臺南市安平區西門里,23.00091,120.16069,198,06-2238695,1
臺南市北區立人國小,臺南市北區安民里,23.0014,120.2021,1400,,1
臺南市永康區中華里活動中心,臺南市永康區中華里,23.0015,120.2381,325,06-3131777,1
臺南市中西區西湖社區活動中心,臺南市中西區西湖里,23.0016,120.1808,260,931912566,1
臺南市永康區勝利里活動中心,臺南市永康區勝利里,23.0021,120.2294,172,06-3126777,1
臺南市北區安民社區活動中心,臺南市北區安民里,23.0022,120.1992,80,06-2288999,1
臺南市安平區西門國小-多功能教室及普通教室,臺南市安平區西門里,23.00292,120.15951,694,06-3914142,1
臺南市永康區永康公園,臺南市永康區復興里,23.003,120.2427,15500,06-2991111-6418,
臺南市中西區光賢里活動中心,臺南市中西區光賢里,23.00316,120.18983,120,06-3583967,1
臺南市北區裕民社區活動中心,臺南市北區裕民里,23.0032,120.1973,80,06-2287756,1
金竹社區活動中心,高雄市內門區金竹里,23.0033,120.5074,120,6601992,1
臺南市北區重興社區活動中心,臺南市北區重興里,23.0036,120.2266,74,06-2383773,1
臺南市北區和順里活動中心,臺南市北區和順里,23.0037,120.2012,300,06-2253155,1
臺南市安平區海頭社區活動中心,臺南市安平區海頭里,23.00441,120.16028,99,06-3915863,1
臺南市永康區崑山里活動中心,臺南市永康區崑山里,23.0048,120.2602,187,06-2729843,
臺南市永康區東灣里活動中心,臺南市永康區東灣里,23.0051,120.2694,142,06-2721561,1
興龍社區活動中心,高雄市六龜區興龍里,23.0051,120.6482,50,,1
臺南市北區民德國中,臺南市北區和順里,23.0054,120.2052,700,,1
臺南市北區文賢國中,臺南市北區文成里,23.0057,120.1962,3100,,1
臺南市永康區復國里活動中心,臺南市永康區復國里,23.006,120.2474,447,06-3116684,1
關山鎮電光國民小學,臺東縣關山鎮電光里,23.0061,121.1737,200,,
臺南市永康區中興里活動中心,臺南市永康區中興里,23.0063,120.2402,96,06-3128094,1
臺南市左鎮區岡林國小,臺南市左鎮區岡林里,23.0074,120.4153,150,06-5730389,1
臺南市北區賢北國小,臺南市北區賢北里,23.0076,120.1792,1320,,1
臺南市北區國姓社區活動中心,臺南市北區國姓里,23.0078,120.209,30,06-2513827,1
臺南市北區賢北里活動中心,臺南市北區賢北里,23.0086,120.1833,60,06-2800889,1
臺南市北區大仁社區活動中心,臺南市北區大仁里,23.009,120.2165,60,06-2832365,1
臺南市新化區大坑里活動中心,臺南市新化區大坑里,23.009,120.3849,80,930858857,1
臺南市永康區六合里活動中心,臺南市永康區六合里,23.0091,120.2303,203,06-2012122,1
高雄市內門區金竹國民小學,高雄市內門區金竹里,23.00914,120.51451,20,6601106-30,
電光活動中心,臺東縣關山鎮電光里,23.0093,121.1652,50,89951472,
臺南市北區延平國中,臺南市北區延平里,23.0095,120.2107,3376,,1
臺南市永康區體一運動公園,臺南市永康區三民里,23.0095,120.2405,21333,06-2029666,1
臺南市北區文元文成里聯合活動中心,臺南市北區文元里,23.0099,120.1942,30,06-2595189,1
臺南市永康區西灣里活動中心,臺南市永康區西灣里,23.0102,120.259,134,06-2058388,
臺南市永康區北灣里活動中心,臺南市永康區北灣里,23.0119,120.2673,51,06-2714453,
關山鎮月眉國民小學,臺東縣關山鎮月眉里,23.0126,121.1425,40,89811074,
臺南市北區實踐社區活動中心,臺南市北區實踐里,23.0134,120.2158,35,06-2520335,1
臺南市北區開元國小,臺南市北區開元里,23.0138,120.2219,2851,,1
臺南市安南區海南里活動中心,臺南市安南區海南里,23.0142,120.1822,45,06-2588013,1
臺南市北區昇平社區活動中心,臺南市北區正風里,23.0142,120.2146,68,06-2811148,1
臺南市永康區安康里活動中心,臺南市永康區安康里,23.0151,120.2281,52,06-3020833,1
臺南市北區文元國小,臺南市北區文元里,23.0154,120.2,1852,,1
月眉活動中心,臺東縣關山鎮月眉里,23.0159,121.1516,50,89812872,
臺南市永康區復華里活動中心,臺南市永康區復華里,23.0168,120.2452,467,06-2037669,1
臺南市安南區四草里活動中心,臺南市安南區四草里,23.01709,120.12831,197,06-2841285,1
臺南市永康區社教中心,臺南市永康區永康里,23.0187,120.26,1500,06-2029666,1
臺南市南化區東和里活動中心,臺南市南化區東和里,23.0206,120.4741,110,06-5775001,1
臺南市永康區尚頂里活動中心,臺南市永康區尚頂里,23.0211,120.2233,46,06-2532328,1
臺南市永康區東橋里活動中心,臺南市永康區東橋里,23.0212,120.2365,278,06-2325980,1
臺南市永康區大橋里活動中心,臺南市永康區大橋里,23.0218,120.2296,134,06-2333420,1
集來社區活動中心,高雄市杉林區集來里,23.0222,120.5615,30,07-6779477,1
高雄市杉林區集來國民小學,高雄市杉林區集來里,23.02224,120.5615,480,07-6779196,1
臺南市永康區新樹里活動中心,臺南市永康區新樹里,23.0229,120.2751,133,06-2721555,1
臺南市永康區甲頂里活動中心,臺南市永康區甲頂里,23.0237,120.2144,46,06-2519748,1
臺南市安南區安富里活動中心,臺南市安南區安富里,23.02479,120.1966,221,06-2806601,1
臺南市永康區公所3樓禮堂,臺南市永康區埔園里,23.0261,120.257,98,06-2010308,1
臺南市左鎮區光榮國小澄山分校,臺南市左鎮區澄山里,23.0262,120.3855,80,06-5731848,1
臺南市南化區龍湖寺,臺南市南化區東和里,23.0264,120.4969,80,06-5775001,1
臺南市永康區探索教育公園,臺南市永康區永康里,23.0266,120.2579,20000,,
"成功鎮信義國民小學 Xin-Yi Elementary School,Chenggon Township",臺東縣成功鎮信義里,23.02686,121.33087,100,089-841029,
臺南市安南區海佃國民中學,臺南市安南區溪東里,23.02697,120.19779,367,06-3507486,1
臺南市安南區溪北里活動中心,臺南市安南區溪北里,23.027,120.213,199,06-2511066,1
臺南市安南區溪墘里活動中心,臺南市安南區溪墘里,23.0279,120.1922,228,06-2592098,1
臺南市永康區永康國民小學,臺南市永康區永康里,23.02795,120.24811,616,,1
都歷活動中心 Du-Li Community Center,臺東縣成功鎮信義里,23.02811,121.33089,20,089-85100437,
臺南市新化區體育公園,臺南市新化區武安里,23.0295,120.3067,1000,06-5905009,1
臺南市安南區安順國中-順中館,臺南市安南區安順里,23.0313,120.2126,1900,,1
北源活動中心村辦公處,臺東縣東河鄉北源村,23.03135,121.28665,100,,
臺南市永康區龍潭里活動中心,臺南市永康區龍潭里,23.0314,120.2667,159,06-2012626,1
高雄市六龜區新發國民小學,高雄市六龜區新發里,23.03178,120.66247,354,,
新發社區活動中心,高雄市六龜區新發里,23.032,120.6633,100,,1
臺南市安南區安西里活動中心,臺南市安南區安西里,23.03249,120.20898,310,06-2475999,1
臺南市新化區保生大帝廟,臺南市新化區豐榮里,23.0334,120.2959,150,06-5987996,1
臺南市安南區安東里活動中心,臺南市安南區安東里,23.03356,120.21422,385,06-2462476,1
慈霖園原木梓國小,高雄市杉林區木梓里,23.03398,120.53454,200,07-6779232,1
臺南市安南區理想大安社區活動中心,臺南市安南區理想里,23.034,120.1931,281,06-2456979,1
關山鎮老人文康活動中心,臺東縣關山鎮豐泉里,23.0352,121.1682,100,,
臺南市安南區?田里活動中心,臺南市安南區?田里,23.0367,120.1411,287,06-3841797,1
臺南市新化區大新國小大禮堂,臺南市新化區唪口里,23.0379,120.2991,150,,1
臺南市新化區新化國中大禮堂,臺南市新化區護國里,23.0379,120.3076,500,06-5902269,1
臺南市新化區新化果菜市場停車場,臺南市新化區護國里,23.038,120.3093,150,06-5905908,1
臺南市安南區海西里活動中心,臺南市安南區海西里,23.03802,120.18432,202,06-2569119,1
臺南市新化區公所3樓展演廳,臺南市新化區護國里,23.0382,120.3108,100,06-5905009,1
臺南市新化區新化國小大禮堂,臺南市新化區協興里,23.0383,120.311,200,,1
臺南大學附屬啟聰學校活動中心,臺南市新化區東榮里,23.0386,120.3193,100,,1
臺南市新化區新化高中新民館,臺南市新化區太平里,23.0391,120.3326,1000,,1
里?活動中心,臺東縣關山鎮里?里,23.0392,121.161,100,89811229,
臺南市安南區安慶里活動中心,臺南市安南區安慶里,23.0397,120.2101,413,06-2559812,1
北源國小,臺東縣東河鄉北源村,23.03973,121.29271,111,,
臺南市永康區埔園里活動中心,臺南市永康區埔園里,23.04011,120.25237,147,06-2325631,1
臺南市永康區鹽行文化會館,臺南市永康區?行里,23.0402,120.2395,167,06-2531977,1
臺南市新化區唪口順天宮,臺南市新化區唪口里,23.0407,120.2901,200,06-5987872,1
臺南市安南區安慶國民小學,臺南市安南區梅花里,23.04074,120.19293,1600,06-2460334,1
臺南市安南區鹿耳門天后宮-公館,臺南市安南區顯宮里,23.04156,120.10991,500,06-2841386,1
臺東縣池上鄉萬安國民小學振興分校,臺東縣池上鄉振興村,23.0426,121.1951,100,089-951068,
臺南市南化區老人文康中心,臺南市南化區南化里,23.0431,120.4776,160,06-5771513,1
靈隱寺備用,高雄市甲仙區寶隆里,23.0446,120.55,200,07-6752123,1
臺南市永康區鹽洲里活動中心,臺南市永康區?洲里,23.0448,120.2338,294,06-2532090,
臺南市永康區烏竹里活動中心,臺南市永康區烏竹里,23.0449,120.2633,109,06-2326561,
臺南市安南區媽祖宮社區活動中心,臺南市安南區顯宮里,23.046,120.12781,393,06-2841343,1
新福活動中心,臺東縣關山鎮新福里,23.0461,121.1722,50,89811777,
臺南市安南區公所,臺南市安南區海東里,23.0472,120.1848,80,06-2567126,1
中福活動中心,臺東縣關山鎮中福里,23.0491,121.1636,100,89811579,
臺南市安南區海東國民小學,臺南市安南區海東里,23.04928,120.17477,1200,06-2567146,1
高雄市甲仙區寶隆國民小學（備用）,高雄市甲仙區寶隆里,23.04934,120.55551,150,,1
臺南市安南區安南國中-禮堂,臺南市安南區淵西里,23.0496,120.1773,1750,06-2567384,1
豐田活動中心 Fong-Tian Community Center,臺東縣成功鎮信義里,23.0502,121.33875,20,089-85100437,
臺南市安南區原佃里活動中心,臺南市安南區原佃里,23.0505,120.1971,284,06-2476967,1
關山鎮關山國民小學,臺東縣關山鎮豐泉里,23.0506,121.1634,500,89811012,1
元宋太祖宮,高雄市甲仙區寶隆里,23.0507,120.5642,50,07-6752559,1
臺南市永康區王行里活動中心,臺南市永康區王行里,23.0511,120.2778,104,06-2044559,1
豐泉活動中心,臺東縣關山鎮豐泉里,23.0533,121.1536,50,89811858,
關山鎮德高國民小學,臺東縣關山鎮德高里,23.0533,121.1536,200,089-931149,1
臺南市安南區梅花里活動中心,臺南市安南區梅花里,23.05388,120.1699,164,06-2550389,1
臺南市南化區中坑里活動中心,臺南市南化區中坑里,23.0539,120.4715,80,06-5775023,1
高雄市桃源區寶山國民小學,高雄市桃源區寶山里,23.0554,120.7221,250,,1
高雄市桃源區寶山國民小學,高雄市桃源區寶山里,23.05541,120.72159,150,07-6861132,
臺南市左鎮區左鎮國中,臺南市左鎮區中正里,23.0562,120.4106,230,06-5731015,1
臺南市左鎮區公所,臺南市左鎮區中正里,23.0565,120.4087,40,06-3036518,1
臺南市安南區城西里活動中心,臺南市安南區城西里,23.057,120.0956,291,06-2577688,1
臺南市左鎮區老人活動中心,臺南市左鎮區中正里,23.0577,120.4061,40,06-5731611,1
臺南市安南區城南里活動中心,臺南市安南區城南里,23.0606,120.1272,220,06-2574626,1
臺南市安南區東和里活動中心,臺南市安南區東和里,23.062,120.2287,73,06-3566551,1
臺南市安南區布袋里活動中心,臺南市安南區布袋里,23.0632,120.2071,223,06-2471685,1
臺南市安南區安佃國民小學,臺南市安南區佃西里,23.064,120.17344,150,06-2567642,1
臺南市新化區接天寺,臺南市新化區羊林里,23.0646,120.3482,400,06-5911764,1
臺南市左鎮區榮和里活動中心,臺南市左鎮區榮和里,23.0646,120.3887,30,06-5732282,1
臺南市安南區長安國民小學,臺南市安南區長安里,23.06547,120.19783,1250,06-3365595,1
臺南市安南區和順國民中學,臺南市安南區州北里,23.06584,120.2208,1179,06-3551440,
臺南市安南區佃東佃西社區活動中心,臺南市安南區佃西里,23.0661,120.1743,169,06-2872962,1
臺南市安南區土城國民小學,臺南市安南區城東里,23.06638,120.13119,1498,06-2577645,
臺南市安南區正統鹿耳門土城聖母廟,臺南市安南區城中里,23.0668,120.1273,800,06-2577547,1
臺南市安南區和順國民小學,臺南市安南區州北里,23.06682,120.2182,1180,06-3560691,1
臺南市安南區城東里活動中心,臺南市安南區城東里,23.0669,120.12758,285,06-2572101,1
臺南市南化區茅埔活動中心,臺南市南化區玉山里,23.0676,120.5153,100,06-5772128,1
臺南市新化區那拔國小操場,臺南市新化區[上廿下那]拔里,23.0677,120.3497,300,06-5911591,1
臺南市安南區州北里活動中心,臺南市安南區[土?]南里,23.0682,120.2174,325,06-3559953,1
臺南市安南區塭南里活動中心,臺南市安南區[土?]南里,23.07115,120.2196,335,06-3560368,1
荖濃社區活動中心,高雄市六龜區荖濃里,23.0731,120.67377,100,07-6882527,1
臺南市安南區南興國民小學,臺南市安南區南興里,23.07394,120.16082,1090,06-2870077,1
德高活動中心,臺東縣關山鎮德高里,23.0748,121.1776,100,89931111,
臺南市新市區文康育樂中心,臺南市新市區新和里,23.0751,120.2945,290,06-5898318,1
臺南市南化區玉山里活動中心,臺南市南化區玉山里,23.0757,120.5201,90,06-5772128,1
臺南市安南區青草里活動中心,臺南市安南區青草里,23.07598,120.11201,278,06-2571178,1
臺南市新市區老人文康活動中心,臺南市新市區社內里,23.0766,120.2816,410,,1
臺南市安南區青草國民小學,臺南市安南區青草里,23.07672,120.11722,725,06-2577631,1
臺南市山上區豐德里活動中心,臺南市山上區豐德里,23.0774,120.3596,50,,1
臺南市南化區北寮里活動中心,臺南市南化區北寮里,23.0774,120.4915,110,06-5772237,1
大田老人活動中心（備用）,高雄市甲仙區大田里,23.078,120.5823,100,921233279,1
臺南市安南區學東國民小學,臺南市安南區學東里,23.07819,120.14548,600,06-2870017,1
臺南市新市區公所三樓大禮堂,臺南市新市區新市里,23.0787,120.2952,100,,1
臺南市新市區新市國小學生活動中心,臺南市新市區新市里,23.0787,120.2958,300,,1
臺南市安南區學東里活動中心,臺南市安南區學東里,23.0793,120.1431,276,06-2872927,1
臺南市安南區砂崙里活動中心,臺南市安南區砂崙里,23.07951,120.12752,250,06-2573077,1
臺南市安定區南興國小,臺南市安定區六嘉里,23.0798,120.219,100,06-5931038,1
高雄市立甲仙國民中學（備用）,高雄市甲仙區東安里,23.08097,120.59202,270,,1
富興村辦公處,臺東縣池上鄉富興村,23.0813,121.2212,100,089-862951,
高雄市甲仙區甲仙國民小學備用,高雄市甲仙區西安里,23.08144,120.58889,521,,
臺南市新市區新市國中育樂堂,臺南市新市區港墘里,23.0834,120.3005,500,,1
臺南市新市區新市國中操場,臺南市新市區港墘里,23.0834,120.3005,2000,,1
臺南市安定區大同社區活動中心,臺南市安定區大同里,23.0839,120.2231,100,06-5921116,1
甲仙和安社區活動中心備用,高雄市甲仙區和安里,23.084,120.5875,80,937645339,1
臺南市西港區新復里活動中心,臺南市西港區新復里,23.08526,120.18458,270,06-7957668,1
龍鳳寺,高雄市甲仙區東安里,23.0855,120.601,500,07-6751033,1
臺南市新市區大社國小育賢三樓〈學生活動中心）,臺南市新市區大社里,23.0863,120.3191,300,,1
臺南市山上區平陽里活動中心,臺南市山上區平陽里,23.0868,120.3807,50,,1
麒麟活動中心 Chi-Lin Community Center,臺東縣成功鎮忠仁里,23.09246,121.35674,30,089-85100433,
臺南市安定區複合式運動場四周及南安小操場,臺南市安定區港口里,23.0928,120.2196,300,06-5921116,1
臺南市七股區十份里漁民活動中心,臺南市七股區十份里,23.0942,120.1055,94,06-7880746,1
萬安村辦公處,臺東縣池上鄉萬安村,23.0948,121.2185,100,089-861743,1
臺南市七股區永吉里多功能活動中心,臺南市七股區永吉里,23.0954,120.1288,37,06-7880024,1
臺南市安定區海寮社區活動中心,臺南市安定區海寮里,23.0965,120.2112,200,06-5921116,1
臺南市安定區南安國小,臺南市安定區南安里,23.0984,120.225,100,06-5922023,1
臺南市山上區新莊里大庄活動中心,臺南市山上區新莊里,23.0987,120.3637,50,,1
錦園村辦公處,臺東縣池上鄉錦園村,23.0988,121.2203,100,089-862370,1
臺南市七股區三股社區活動中心,臺南市七股區三股里,23.0993,120.1182,61,06-7880745,1
海端鄉立托兒所Haiduan Nursery School,臺東縣海端鄉海端村,23.10013,121.1767,80,089-931466,1
臺南市山上區國民小學,臺南市山上區南洲里,23.1008,120.3557,1000,06-5781203,1
臺南市山上區南洲里農民教育活動中心,臺南市山上區南洲里,23.1011,120.3536,150,,1
臺南市七股區義合里多功能活動中心,臺南市七股區義合里,23.1013,120.1382,136,06-7891113,1
海端國小Haiduan Elementary School,臺東縣海端鄉海端村,23.10146,121.17618,100,089-931184,1
"成功鎮新港國民中學 Hsin-kang Junior High School, Chenggon Township",臺東縣成功鎮忠智里,23.1017,121.3766,250,089-851034,
臺南市山上區山上里農民教育活動中心,臺南市山上區山上里,23.1017,120.3577,150,,1
臺南市山上區玉?里活動中心,臺南市山上區玉?里,23.1017,120.3891,50,,1
海端鄉公所Haiduan Township Office,臺東縣海端鄉海端村,23.10207,121.17662,50,089-931307,
臺南市七股區三股國小操場,臺南市七股區三股里,23.10217,120.11695,100,06-7880744,1
三民里活動中心 San-Min Community Center,臺東縣成功鎮三民里,23.10221,121.37194,20,089-85100432,
臺南市七股區竹橋里多功能活動中心,臺南市七股區竹橋里,23.1029,120.1637,134,06-7891110,1
臺南市山上區山上國民中學,臺南市山上區山上里,23.103,120.3584,1000,,1
臺南市安定區南安社區活動中心,臺南市安定區南安里,23.1033,120.2274,50,06-5921116,1
臺南市安定區港尾社區活動中心,臺南市安定區港尾里,23.1038,120.2338,50,06-5921116,1
臺南市西港區成功國小,臺南市西港區竹林里,23.1042,120.1794,850,,1
行政院國軍退除役官兵輔導委員會佳里榮譽國民之家,臺南市七股區三股里,23.1043,120.1231,21,06-7880664,1
三民里第2市場 San-Min Second Market,臺東縣成功鎮三民里,23.10439,121.37496,50,089-85100432,
國立成功商業水產職業學校,臺東縣成功鎮忠智里,23.10448,121.38198,200,089-850011,
忠智里活動中心 Jhong-Jhi Community Center,臺東縣成功鎮忠智里,23.10476,121.38025,30,089-85100434,
高雄市桃源區建山國民小學,高雄市桃源區建山里,23.10538,120.6826,68,07-6861132,
臺南市玉井區望明里活動中心,臺南市玉井區望明里,23.1058,120.4562,70,06-5742458,
新興村辦公處,臺東縣池上鄉新興村,23.1066,121.2069,100,089-863398,
建山社區活動中心,高雄市桃源區建山里,23.1067,120.684,120,,1
臺南市山上區明和里活動中心,臺南市山上區明和里,23.1078,120.3481,150,,1
臺南市西港區廣興宮,臺南市西港區南海里,23.1079,120.1937,140,06-7951656,1
寶來社區活動中心,高雄市六龜區寶來里,23.10881,120.70089,100,07-6881125,1
高雄市六龜區寶來國民小學,高雄市六龜區寶來里,23.10883,120.70092,257,,
高雄市立寶來國民中學,高雄市六龜區寶來里,23.10936,120.70364,244,,
臺南市七股區樹林國小操場,臺南市七股區樹林里,23.111,120.15603,100,06-7891031,1
臺南市玉井區沙田里活動中心,臺南市玉井區沙田里,23.1118,120.4791,60,06-5742362,
關山社區活動中心,高雄市甲仙區關山里,23.1126,120.6054,80,932971316,1
臺南市七股區樹林社區活動中心,臺南市七股區樹林里,23.1139,120.1572,138,06-7891009,1
臺南市安定區安定國中操場,臺南市安定區安加里,23.114,120.234,500,06-5922003,1
臺南市七股區竹港社區活動中心,臺南市七股區竹港里,23.1142,120.1748,74,06-7891040,1
臺南市安定區圖書館,臺南市安定區安加里,23.1145,120.2343,150,06-5921116,
臺東縣立池上國民中學,臺東縣池上鄉新興村,23.11532,121.20497,300,089-862040,
臺東縣池上鄉萬安國民小學,臺東縣池上鄉萬安村,23.1172,121.1896,90,089-862371,1
臺南市大內區曲溪社區活動中心,臺南市大內區曲溪里,23.1181,120.3874,15,06-5765072,1
臺南市安定區體育運動公園（防災公園）,臺南市安定區安加里,23.11819,120.23815,600,,1
臺南市大內區大內國小,臺南市大內區大內里,23.1186,120.3613,230,928619583,1
臺南市西港區老人文康活動中心,臺南市西港區營西里,23.1188,120.1958,340,06-7961482,1
臺南市安定區安定國中,臺南市安定區安加里,23.1196,120.2381,100,06-5922003,1
臺南市安定區老人文康活動中心,臺南市安定區安定里,23.1198,120.2372,50,06-5921116,1
大埔村辦公處,臺東縣池上鄉大埔村,23.1209,121.215,100,89862893,
臺南市玉井區玉井國小,臺南市玉井區玉井里,23.121,120.4588,450,06-5742047,
臺南市西港區慶安社區活動中心,臺南市西港區慶安里,23.1211,120.1805,730,06-7952196,1
臺南市西港區港東里活動中心,臺南市西港區港東里,23.1211,120.2019,240,06-7953001,1
臺南市安定區公所,臺南市安定區安定里,23.1213,120.2372,50,06-5921116,
臺南市大內區大內國中,臺南市大內區內江里,23.1219,120.3544,800,06-5761010,1
臺南市大內區石子瀨社區活動中心,臺南市大內區石城里,23.12218,120.35439,20,06-5761341,1
臺南市大內區二溪社區活動中心,臺南市大內區二溪里,23.1223,120.3926,30,06-5763878,1
池上鄉公所,臺東縣池上鄉福原村,23.1225,121.215,50,089-862041,1
臺南市善化區小新社區活動中心,臺南市善化區小新里,23.1226,120.3146,100,06-5837154,1
臺南市安定區安定國小操場,臺南市安定區安定里,23.1229,120.2466,300,06-5922024,1
臺南市玉井區綜合體育館,臺南市玉井區玉田里,23.1229,120.4683,200,06-5744763,
大坡村辦公處,臺東縣池上鄉大坡村,23.123,121.2323,100,089-861351,1
臺南市玉井區玉井國中,臺南市玉井區玉田里,23.1231,120.4703,450,06-5742214,
臺南市玉井區公所二樓,臺南市玉井區玉井里,23.1235,120.4602,50,06-5743191,
臺南市西港區西港國中,臺南市西港區西港里,23.12374,120.20505,180,,1
米鄉-池上文化館,臺東縣池上鄉福原村,23.1238,121.208,100,089-862041,1
臺南市西港區慶安宮,臺南市西港區慶安里,23.1239,120.2032,150,06-7952034,1
臺南市西港區私立港明中學,臺南市西港區南海里,23.1239,120.2153,150,,1
臺南市玉井區豐里里活動中心,臺南市玉井區豐里里,23.124,120.4444,60,06-5741141,
高台真耶穌教會 Gao-Tai Jesus Church,臺東縣成功鎮三仙里,23.12449,121.39634,50,,
臺南市善化區小新國小,臺南市善化區小新里,23.125,120.312,360,06-5837019,1
臺南市佳里區塭內國小,臺南市佳里區龍安里,23.1253,120.165,1200,,1
臺東縣池上鄉福原國民小學,臺東縣池上鄉福原村,23.1253,121.2149,300,,
臺東縣池上鄉大坡國民小學,臺東縣池上鄉慶豐村,23.1255,121.2308,50,089-862664,
慶豐村辦公處,臺東縣池上鄉慶豐村,23.1259,121.2297,100,089-861628,
臺南市佳里區蚶寮社區活動中心,臺南市佳里區蚶寮里,23.1267,120.1596,550,06-7892305,1
福文村辦公處,臺東縣池上鄉福文村,23.1268,121.216,100,089-862490,
臺南市善化區文昌社區活動中心,臺南市善化區文昌里,23.1273,120.2907,110,06-5811845,1
臺南市七股區溪南里漁民活動中心,臺南市七股區溪南里,23.1276,120.1198,134,06-7872074,1
臺南市善化區大成國小,臺南市善化區坐駕里,23.1284,120.2951,420,06-5837520,1
高雄市桃源區興中國民小學,高雄市桃源區高中里,23.12856,120.71903,199,07-6861132,
高中社區活動中心,高雄市桃源區高中里,23.1286,120.719,80,,1
高雄市桃源區興中國民小學,高雄市桃源區高中里,23.1286,120.719,250,,1
三仙真耶穌教會 San-Xian True Jesus Church,臺東縣成功鎮三仙里,23.12917,121.40009,50,089-853283,
臺南市玉井區清芳社區活動中心,臺南市玉井區中正里,23.1313,120.4693,60,06-5745531,
陸安聚會所,臺東縣池上鄉大埔村,23.1315,121.1867,100,089-865245,
臺南市七股區七股社區活動中心,臺南市七股區七股里,23.1343,120.1275,50,06-7874227,1
臺南市善化區善化國小,臺南市善化區文正里,23.1354,120.2888,400,06-5817020,1
臺南市善化區文正社區活動中心,臺南市善化區文正里,23.1364,120.2863,170,06-5815009,1
臺南市七股區玉成社區活動中心,臺南市七股區玉成里,23.1369,120.1343,44,06-7872075,1
臺南市七股區龍山里漁民活動中心,臺南市七股區龍山里,23.1371,120.1146,326,06-7872072,1
臺南市善化區文康育樂中心,臺南市善化區文正里,23.1378,120.2891,560,06-5812454,1
臺南市善化區茄拔國小,臺南市善化區嘉北里,23.1383,120.3248,350,06-5837031,1
臺南市善化區牛庄里活動中心,臺南市善化區牛庄里,23.1385,120.3172,170,06-5838346,1
臺南市善化區老人文康活動中心,臺南市善化區嘉北里,23.1387,120.3248,440,06-5836067,1
臺南市七股區七股國小,臺南市七股區大埕里,23.1392,120.1384,145,06-7872076,1
臺南市西港區永樂里活動中心,臺南市西港區永樂里,23.1392,120.2159,250,06-7950656,1
臺南市七股區私立昭明國中,臺南市七股區大埕里,23.1422,120.1422,350,06-7872053,1
臺南市善化區陽明國小,臺南市善化區胡家里,23.143,120.2733,400,06-5817165,1
臺南市大內區頭社社區活動中心,臺南市大內區頭社里,23.143,120.3848,20,06-5762925,1
豐南社區活動中心,花蓮縣富里鄉豐南村,23.143,121.2686,50,03-8831820,1
臺南市佳里區通興國小,臺南市佳里區通興里,23.1448,120.1576,1400,,1
臺南市大內區環湖社區活動中心,臺南市大內區環湖里,23.145,120.4204,65,06-5760202,1
臺南市七股區大埕里漁民活動中心,臺南市七股區大埕里,23.1452,120.1421,127,06-7872414,1
臺南市善化區胡家里活動中心,臺南市善化區胡家里,23.1456,120.2722,270,06-5817341,1
高雄市甲仙區小林國民小學備用,高雄市甲仙區小林里,23.14858,120.63203,370,,
臺南市七股區?榔里多功能活動中心,臺南市七股區?榔里,23.1487,120.1518,138,06-7891542,1
臺南市七股區大寮社區活動中心,臺南市七股區大寮里,23.1502,120.1531,143,06-7872719,1
小林社區活動中心備用,高雄市甲仙區小林里,23.1503,120.6356,,6761455,1
臺南市七股區鹽埕社區活動中心,臺南市七股區?埕里,23.1512,120.0891,138,06-7800174,1
臺南市善化區溪美社區活動中心,臺南市善化區溪美里,23.1512,120.2843,300,06-5850620,1
臺南市佳里區仁愛國小,臺南市佳里區鎮山里,23.1532,120.1794,1700,,1
臺南市善化區田寮里活動中心,臺南市善化區田寮里,23.1533,120.3041,300,06-5838449,1
臺南市七股區中寮社區活動中心,臺南市七股區中寮里,23.1546,120.1083,331,06-7800071,1
臺南市七股區城內里活動中心,臺南市七股區城內里,23.1546,120.1085,104,06-7943168,1
臺南市善化區六德里活動中心,臺南市善化區六德里,23.1552,120.304,140,06-5838753,1
臺南市善化區大同國小,臺南市善化區六德里,23.1555,120.3057,500,06-5837352,1
臺南市西港區圖書館,臺南市西港區西港里,23.1556,120.2023,210,06-7951840,1
臺南市西港區後營國小金砂分校,臺南市西港區金砂里,23.15657,120.20556,290,,1
"成功鎮忠孝國民小學 Jhong-Hsiao Elementary School, Chenggon Township",臺東縣成功鎮忠孝里,23.15688,121.39953,150,089-871109,
小港活動中心 Siao-Gang Community Center,臺東縣成功鎮忠孝里,23.15752,121.40089,20,8985100436,
臺南市佳里區佳里國中,臺南市佳里區建南里,23.1577,120.1707,3600,,1
臺南市七股區篤加社區活動中心,臺南市七股區篤加里,23.1592,120.1277,238,06-7873772,1
臺南市佳里區信義國小,臺南市佳里區忠仁里,23.1596,120.1821,1700,,1
高雄市桃源區桃源國民小學,高雄市桃源區桃源里,23.16047,120.76576,2871,07-6861132,
桃源文物館,高雄市桃源區桃源里,23.1605,120.7658,150,07-6861089,1
玉寶宮,花蓮縣富里鄉富南村,23.1612,121.2399,20,03-8831822,1
臺南市麻豆區太子宮預備,臺南市麻豆區安西里,23.1613,120.2446,1200,06-5711181,1
臺南市佳里區六里活動中心,臺南市佳里區忠仁里,23.1616,120.1826,400,921286689,1
臺南市佳里區佳里國小,臺南市佳里區安西里,23.1639,120.1723,1750,,1
坪林國小坪?分校〈音樂教室.綜合教室.籃球場〉,臺中市太平區大興里,23.1671,121.0434,58,04-23924646,1
原霧鹿托兒所,臺東縣海端鄉霧鹿村,23.16749,121.04333,50,089-935074,
臺南市佳里區北門高中,臺南市佳里區六安里,23.1675,120.1766,2460,,1
霧鹿國小Wulu Elementary School,臺東縣海端鄉霧鹿村,23.16932,121.04157,180,089-935053,1
臺南市七股區西寮社區活動中心,臺南市七股區西寮里,23.1701,120.097,316,06-7800262,1
臺南市官田區渡拔國小,臺南市官田區拔林里,23.1708,120.3266,550,,1
永豐社區活動中心,花蓮縣富里鄉永豐村,23.1714,121.2565,50,03-8831821,1
高雄市立桃源國民中學,高雄市桃源區桃源里,23.17143,120.77491,329,07-6861132,
勤和活動中心,高雄市桃源區勤和里,23.1716,120.7756,80,07-6861115,1
臺南市南化區關山里活動中心,臺南市南化區關山里,23.1735,120.5949,90,06-5770095,1
臺南市南化區瑞峰國小,臺南市南化區關山里,23.1736,120.5953,30,06-5770095,1
臺南市佳里區子龍國小,臺南市佳里區三協里,23.1739,120.202,1680,,1
臺南市楠西區公所,臺南市楠西區楠西里,23.17414,120.48633,40,06-5751615,1
臺南市楠西區楠西國小,臺南市楠西區楠西里,23.17426,120.48476,690,5751062,1
富里老人文康中心,花蓮縣富里鄉富里村,23.17453,121.24762,100,03-8831048,1
臺南市佳里區北門農工,臺南市佳里區六安里,23.1757,120.1799,2470,,1
臺南市麻豆區龍泉社區活動中心預備,臺南市麻豆區龍泉里,23.178,120.257,50,06-5724926,1
石平社區活動中心,花蓮縣卓溪鄉古風村,23.1784,121.2359,50,03-8881852,1
臺南市佳里區延平國小,臺南市佳里區頂?里,23.1785,120.1526,1550,,1
富里鄉公所2樓,花蓮縣富里鄉富里村,23.1795,121.2503,100,03-8831111,1
臺南市楠西區老人文康活動中心,臺南市楠西區楠西里,23.18057,120.48313,80,06-5751615,1
臺南市七股區頂山里漁民活動中心,臺南市七股區頂山里,23.1815,120.1122,121,06-7800068,1
臺南市官田區社子社區活動中心,臺南市官田區社子里,23.1818,120.3595,30,,1
臺南市楠西區玄空法寺,臺南市楠西區楠西里,23.18202,120.48246,50,06-5751615,1
臺南市楠西區楠西國中,臺南市楠西區楠西里,23.18274,120.48433,630,06-5751712,1
臺南市佳里區佳興國中,臺南市佳里區民安里,23.1829,120.1959,1950,,1
麻豆國中學生活動中心,臺南市麻豆區南勢里,23.18351,120.25998,400,,
臺南市麻豆區公所3樓預備,臺南市麻豆區東角里,23.1846,120.2585,200,06-5721131,1
臺南市麻豆區台灣首府大學圖資大樓6樓預備,臺南市麻豆區南勢里,23.1847,120.2677,300,,1
臺南市官田區官田社區活動中心,臺南市官田區官田里,23.1855,120.3391,90,,1
國立曾文高級農工職業學校操場室外避難處所,臺南市麻豆區南勢里,23.1872,120.2627,1300,,1
臺南市佳里區興化社區活動中心,臺南市佳里區興化里,23.1873,120.186,350,06-7260873,1
臺南市七股區後港國小操場,臺南市七股區大潭里,23.18751,120.13438,600,06-7941305,1
臺南市七股區後港國中操場,臺南市七股區大潭里,23.18806,120.13444,200,06-7941357,1
臺南市七股區大潭里漁民活動中心,臺南市七股區大潭里,23.1881,120.1327,177,06-7941118,1
臺南市官田區東西庄社區活動中心,臺南市官田區東庄里,23.1881,120.2964,70,,1
臺南市官田區官田國民中學,臺南市官田區隆田里,23.18904,120.31592,2890,,1
臺南市佳里區佳興國小,臺南市佳里區佳化里,23.1891,120.1928,1440,,1
臺南市將軍區朝天宮,臺南市將軍區鯤鯓里,23.1899,120.0911,50,06-7920722,1
臺南市麻豆區代天府總站,臺南市麻豆區南勢里,23.1902,120.2601,2100,06-5722133,1
臺南市官田區大崎社區活動中心,臺南市官田區大崎里,23.1906,120.3707,60,,1
臺南市官田區隆田國小活動中心,臺南市官田區隆田里,23.1923,120.3141,1000,,1
基督長老教會The Presbyterian Church（博愛教會 Bo-ai Church）,臺東縣成功鎮博愛里,23.19247,121.39535,50,918666048,
石牌社區活動中心,花蓮縣富里鄉石牌村,23.1928,121.2643,30,03-8831323,1
臺南市官田區體育公園,臺南市官田區隆田里,23.19307,120.31552,280,,1
南港社區活動中心,澎湖縣七美鄉南港村,23.19339,119.42592,200,69971007,1
臺南市官田區隆本里活動中心,臺南市官田區隆本里,23.1977,120.3159,60,,1
臺南市將軍區漚汪國小,臺南市將軍區長榮里,23.1978,120.1594,300,06-7942012,1
臺南市佳里區營頂社區活動中心,臺南市佳里區營頂里,23.1987,120.1918,300,06-7260953,1
明里社區活動中心,花蓮縣富里鄉明里村,23.1998,121.2522,50,03-8846057,1
臺南市將軍區老人文康活動中心,臺南市將軍區忠興里,23.201,120.1606,200,06-7944851,1
羅山縱管處,花蓮縣富里鄉羅山村,23.2021,121.2776,50,03-8821330,1
七美鄉老人文康老人中心,澎湖縣七美鄉中和村,23.20241,119.42868,600,06-9971007,1
七美國小視聽教室,澎湖縣七美鄉中和村,23.2025,119.4286,46,06-9971003,1
臺南市麻豆區海埔池王府預備,臺南市麻豆區海埔里,23.2032,120.2122,300,06-5701256,1
臺南市麻豆區港尾社區活動中心預備,臺南市麻豆區港尾里,23.2042,120.2036,50,06-5701592,1
臺南市佳里區溪州社區活動中心,臺南市佳里區溪州里,23.2047,120.184,300,06-7261120,1
海豐社區活動中心,澎湖縣七美鄉海豐村,23.2056,119.4335,47,06-9971015,1
中和村社區活動中心,澎湖縣七美鄉中和村,23.2058,119.4295,54,06-9971006,1
臺南市將軍區將軍國中,臺南市將軍區嘉昌里,23.206,120.1507,300,06-7942042,1
臺南市將軍區三吉社區活動中心,臺南市將軍區三吉里,23.2068,120.1341,50,06-7944815,1
平和社區活動中心,澎湖縣七美鄉平和村,23.2069,119.4286,58,06-9971009,1
臺南市下營區老人休閒活動中心,臺南市下營區西連里,23.2082,120.2632,50,06-6898715,1
宜灣天主堂Yi-Wan Catholic Church,臺東縣成功鎮博愛里,23.21037,121.40054,30,089-871100,
臺南市將軍區玉山社區活動中心,臺南市將軍區玉山里,23.2109,120.1232,100,06-7930829,
西湖社區活動中心,澎湖縣七美鄉西湖村,23.211,119.4376,49,06-9971012,1
東湖社區暨農漁民活動中心,澎湖縣七美鄉東湖村,23.21108,119.43736,200,69971007,1
臺南市官田區南?里活動中心,臺南市官田區南?里,23.2116,120.3046,110,,1
臺南市下營區中營國小活動中心,臺南市下營區開化里,23.213,120.2764,200,06-6790162,1
七美國中學生活動中心,澎湖縣七美鄉中和村,23.2135,119.4287,300,06-9971019,1
臺南市將軍區將軍國小,臺南市將軍區將貴里,23.21436,120.13448,300,06-7942034,1
雙湖國小學生活動中心,澎湖縣七美鄉西湖村,23.2148,119.4294,85,06-9971018,1
臺南市官田區二鎮社區活動中心,臺南市官田區二鎮里,23.2168,120.3296,200,,1
民族平台避難屋,高雄市那瑪夏區南沙魯里,23.2173,120.6927,180,935815770,1
臺南市六甲區嘉南國民小學,臺南市官田區嘉南里,23.21748,120.36516,400,06-5791118-173,1
臺南市將軍區苓保社區活動中心,臺南市將軍區保源里,23.2175,120.1657,50,06-7942235,1
台灣基督長老教會南布中會復興教會,高雄市桃源區復興里,23.218,120.8046,60,6866083,1
高雄市桃源區樟山國民小學復興分校,高雄市桃源區復興里,23.218,120.8046,250,07-6866209,1
臺南市下營區中營開化社區活動中心,臺南市下營區開化里,23.2181,120.276,50,06-6892494,1
臺南市將軍區馬沙溝濱海活動中心,臺南市將軍區長沙里,23.2182,120.095,50,06-7931099,1
財團法人基督復臨安息日教會台灣區復興教會,高雄市桃源區復興里,23.2187,120.8062,60,6866295,1
臺南市六甲區大丘里活動中心,臺南市六甲區大丘里,23.2191,120.4369,50,06-6988386,
古風國小,花蓮縣卓溪鄉古風村,23.2192,121.2645,100,03-8846058,1
臺南市將軍區苓和國小,臺南市將軍區苓和里,23.21984,120.16137,300,06-7942031,1
臺南市下營區中營地區民眾活動中心,臺南市下營區茅港里,23.22,120.2839,260,06-6892622,1
崙天社區活動中心,花蓮縣卓溪鄉古風村,23.2202,121.2649,50,03-8881852,1
臺南市將軍區苓和社區活動中心,臺南市將軍區苓和里,23.2206,120.1669,100,06-7942998,1
臺南市將軍區廣安宮,臺南市將軍區廣山里,23.221,120.1162,50,06-7931071,1
臺南市六甲區七甲龍湖聯合多功能活動中心,臺南市六甲區七甲里,23.2223,120.3454,100,06-6982032,1
臺南市將軍區北埔社區活動中心,臺南市將軍區北埔里,23.2224,120.1491,100,06-7942968,1
膽曼社區活動中心,臺東縣長濱鄉寧埔村,23.2233,121.41433,100,089-801061,1
臺南市將軍區巷口社區活動中心,臺南市將軍區仁和里,23.2239,120.1596,100,06-7940929,1
臺南市六甲區六甲國小,臺南市六甲區六甲里,23.2256,120.3503,500,06-6982041,1
新興竹田聯合社區活動中心,花蓮縣富里鄉竹田村,23.2261,121.2899,80,03-8821423,1
臺南市六甲區王爺里活動中心,臺南市六甲區王爺里,23.2266,120.4002,100,06-6983591,1
臺南市六甲區甲南里活動中心,臺南市六甲區甲南里,23.2267,120.3526,100,06-6982030,1
臺南市六甲區六甲國中,臺南市六甲區六甲里,23.2271,120.3489,400,06-6892040,1
臺南市六甲區二甲里活動中心,臺南市六甲區二甲里,23.2278,120.3461,50,06-6982034,1
臺南市學甲區東陽國小活動中心,臺南市學甲區慈福里,23.2279,120.1835,500,06-7833322,1
臺南市六甲區六甲里活動中心,臺南市六甲區六甲里,23.2295,120.3493,200,06-6982028,1
學甲區綜合體育館,臺南市學甲區仁得里,23.22989,120.18145,250,,1
臺南市學甲藝文展示館,臺南市學甲區仁得里,23.2299,120.1822,150,,
臺南市學甲區公所,臺南市學甲區仁得里,23.23048,120.18247,300,,1
臺南市學甲區慈福里活動中心,臺南市學甲區慈福里,23.2312,120.1836,90,06-7821803,1
臺南市六甲區甲東里活動中心,臺南市六甲區甲東里,23.2313,120.3553,30,06-6982029,1
臺南市六甲區公所,臺南市六甲區水林里,23.2315,120.3475,100,06-6982001,1
臺南市六甲區多功能運動公園,臺南市六甲區二甲里,23.23211,120.34415,500,06-6982001,1
臺南市下營區下營國小活動中心,臺南市下營區仁里里,23.2322,120.2606,400,06-6898129,1
臺南市學甲區慈濟宮,臺南市學甲區慈福里,23.2335,120.1805,180,,
臺南市六甲區水林里活動中心,臺南市六甲區水林里,23.2335,120.3466,100,06-6982035,1
臺南市下營區大屯社區活動中心,臺南市下營區大屯里,23.2343,120.2388,160,06-6892473,1
臺南市下營區下營上帝廟,臺南市下營區下營里,23.23519,120.26102,170,06-6791686,1
烏石鼻社區活動中心,臺東縣長濱鄉寧埔村,23.23526,121.41327,60,089-801029,1
臺南市六甲區菁埔里活動中心,臺南市六甲區菁埔里,23.2359,120.3025,150,06-6988803,1
臺南市六甲區中社里活動中心,臺南市六甲區中社里,23.237,120.3258,100,06-6982118,1
臺南市學甲區學甲國小體育館,臺南市學甲區秀昌里,23.2378,120.1745,300,06-7833220,1
臺南市北門區東隆宮,臺南市北門區三光里,23.2385,120.1121,200,06-7850136,1
臺南市下營區下營國中活動中心,臺南市下營區新興里,23.2387,120.2715,550,06-6897418,1
臺南市六甲區林鳳國小,臺南市六甲區中社里,23.239,120.3257,300,06-6983583,1
拉芙蘭里活動中心,高雄市桃源區拉芙蘭里,23.239,120.8116,70,,1
臺南市下營區下營地區民眾活動中心,臺南市下營區後街里,23.2418,120.2625,200,06-6793101,1
寧埔國民小學,臺東縣長濱鄉寧埔村,23.24434,121.41415,140,,1
長濱聯合村辦公處,臺東縣長濱鄉長濱村,23.24474,121.41627,70,089-831060,1
寧埔社區活動中心,臺東縣長濱鄉寧埔村,23.24474,121.41627,120,089-801367,1
竹湖國民小學,臺東縣長濱鄉竹湖村,23.24474,121.41627,140,,1
樟原國民小學,臺東縣長濱鄉樟原村,23.24474,121.41627,140,089-881019,1
臺南市學甲區中洲國小禮堂,臺南市學甲區光華里,23.2451,120.1599,350,06-7833214,1
臺南市下營區紅厝社區活動中心,臺南市下營區紅厝里,23.2455,120.2671,80,06-6899363,1
光榮社區活動中心,臺東縣長濱鄉寧埔村,23.24732,121.41336,100,089-832139,1
高雄市那瑪夏區民權國民小學,高雄市那瑪夏區瑪雅里,23.2478,120.7021,300,937492360,1
西興村活動中心,嘉義縣大埔鄉西興村,23.2491,120.5732,32,05-252131028,
臺南市六甲區龜港里活動中心,臺南市六甲區龜港里,23.2499,120.3084,100,06-6982117,1
臺南市下營區甲中里活動中心,臺南市下營區甲中里,23.2504,120.274,90,06-6891163,1
萬寧社區活動中心,花蓮縣富里鄉萬寧村,23.251,121.2982,50,03-8861120,1
高雄市桃源區樟山國民小學,高雄市桃源區拉芙蘭里,23.25277,120.81937,393,07-6861132,
八桑安社區社活動中心,臺東縣長濱鄉寧埔村,23.25325,121.41816,110,089-801571,1
臺南市下營區賀建國小活動中心,臺南市下營區賀建里,23.2541,120.2969,200,06-6791890,1
臺南市鹽水區?頭港國小,臺南市鹽水區南港里,23.2557,120.2498,250,06-6892014,1
臺南市柳營區果毅後多功活動中心廣場,臺南市柳營區神農里,23.2571,120.3672,100,06-6221245,1
臺南市柳營區果毅後多功活動中心,臺南市柳營區神農里,23.2571,120.3672,100,06-6221245,1
臺南市柳營區果毅國小運動場,臺南市柳營區果毅里,23.2577,120.3719,600,06-6231310,1
臺南市新營區新橋國民小學,臺南市新營區鐵線里,23.2649,120.2684,650,,1
馬舒霍爾文化聚會所,高雄市桃源區梅山里,23.2658,120.8248,200,,1
臺南市東山區水雲活動中心,臺南市東山區水雲里,23.2667,120.4183,40,06-6230315,1
臺南市柳營區柳營國小運動場,臺南市柳營區士林里,23.26671,120.31048,400,06-6222124,1
臺南市鹽水區竹埔國小,臺南市鹽水區竹埔里,23.267,120.2462,280,06-6551001,1
東里社區活動中心,花蓮縣富里鄉東里村,23.2673,121.3052,50,03-8861165,1
臺南市北門區永隆宮,臺南市北門區永隆里,23.2694,120.1238,200,06-7862364,1
臺南市北門區老人文康活動中心,臺南市北門區北門里,23.2707,120.1213,280,06-7862001,1
劉厝社區活動中心,嘉義市西區劉厝里,23.27491,120.25036,30,2366576,
臺南市新營區新生國民小學,臺南市新營區姑爺里,23.2752,120.2589,550,,1
民生國民中學,嘉義市西區福民里,23.27536,120.26247,1192,05-2855331,1
臺南市東山區南溪活動中心,臺南市東山區南溪里,23.2754,120.399,40,06-6232983,1
南竹湖社活動中心,臺東縣長濱鄉竹湖村,23.2754,121.42141,80,089-831471,1
長良社區活動中心,花蓮縣玉里鎮長良里,23.2768,121.2878,20,03-8801450,
臺南市柳營區圖書館,臺南市柳營區士林里,23.2773,120.3124,50,06-6221245,1
臺南市柳營區公所,臺南市柳營區士林里,23.2773,120.3124,50,06-6221245,1
臺南市柳營區柳營聯合活動中心,臺南市柳營區東昇里,23.2775,120.3178,200,06-6223577,1
臺南市柳營區聯合活動中心廣場,臺南市柳營區東昇里,23.2775,120.3178,300,06-6221245,
清水社區活動中心,花蓮縣卓溪鄉卓清村,23.2775,121.2725,50,03-8885593,1
吳江社區活動中心,花蓮縣富里鄉吳江村,23.2787,121.3227,70,03-8861180,1
臺南市東山區青山活動中心,臺南市東山區青山里,23.279,120.4682,50,06-6861658,1
臺南市柳營區柳營國中運動場,臺南市柳營區東昇里,23.2794,120.3315,600,06-6223209,1
大光教會,高雄市那瑪夏區達卡努瓦里,23.2796,120.7196,300,919154312,1
臺南市東山區高原活動中心,臺南市東山區高原里,23.2808,120.4703,165,06-6803077,1
竹湖活動中心,臺東縣長濱鄉竹湖村,23.28213,121.4262,70,089-831327,1
臺南市東山區東原老人活動中心,臺南市東山區東原里,23.2828,120.4397,150,06-6861310,1
大溪社區活動中心,嘉義市西區大溪里,23.28504,120.24108,50,2850878,
臺南市柳營區重溪國小運動場,臺南市柳營區重溪里,23.2859,120.3641,600,06-6231824,1
臺南市北門區保安宮,臺南市北門區東壁里,23.2862,120.1362,50,06-7863049,1
臺南市北門區南鯤鯓代天府,臺南市北門區鯤江里,23.2863,120.1434,600,06-7863711,1
臺南市新營區新興國民小學,臺南市新營區太南里,23.2867,120.2761,300,,1
斑芝花高爾夫俱樂部,臺南市東山區東原里,23.28672,120.44937,50,06-6862208,
臺南市柳營區小腳腿多功活動中心廣場,臺南市柳營區篤農里,23.2902,120.368,100,06-6221245,1
臺南市柳營區小腳腿多功活動中心,臺南市柳營區篤農里,23.2902,120.368,200,06-6221245,1
臺南市柳營區太康國小運動場,臺南市柳營區太康里,23.2904,120.3294,200,06-6220684,1
臺南市新營區太子國民中學,臺南市新營區太北里,23.2913,120.2721,400,06-6524762,1
臺南市鹽水區歡雅國小,臺南市鹽水區歡雅里,23.2923,120.2434,100,06-6552558,1
大埔國中小國中室內,嘉義縣大埔鄉茄苳村,23.2933,120.591,137,05-2521014-203,
大埔國中小國中室外,嘉義縣大埔鄉茄苳村,23.2933,120.591,200,05-2521334,
大埔國中小坪林分校-室內,嘉義縣大埔鄉茄苳村,23.2934,120.5857,54,,
茄苳活動中心,嘉義縣大埔鄉茄苳村,23.2938,120.5902,34,05-2521024-103,
大埔國中小國小室內,嘉義縣大埔鄉大埔村,23.2944,120.5917,50,05-2521024,
大埔國中小國小室外,嘉義縣大埔鄉大埔村,23.2944,120.5917,200,,
臺南市東山區東河活動中心,臺南市東山區東河里,23.2945,120.3857,70,06-6232966,1
大埔圖書館,嘉義縣大埔鄉大埔村,23.2949,120.5932,20,,
臺南市新營區太子爺廟香客大樓,臺南市新營區太北里,23.2955,120.2743,150,06-6524038,1
卓樂社區活動中心,花蓮縣卓溪鄉卓清村,23.2956,121.2703,50,03-8885593,1
永福社區活動中心,臺東縣長濱鄉竹湖村,23.29619,121.43407,140,089-831930,1
茶山國小室內,嘉義縣阿里山鄉茶山村,23.29825,120.66677,30,05-2513014,
大埔零售公有市場,嘉義縣大埔鄉大埔村,23.2986,120.5938,123,05-2522178,
臺南市新營區南梓國民小學,臺南市新營區南興里,23.299,120.298,700,06-6562904,1
北極殿,嘉義縣大埔鄉大埔村,23.2991,120.5942,13,,
臺南市鹽水區仁光國小,臺南市鹽水區舊營里,23.29937,120.25746,220,06-6523620,1
臺南市新營區公誠國民小學,臺南市新營區興業里,23.3036,120.3189,650,,1
臺南市新營區新民國民小學,臺南市新營區延平里,23.3052,120.3063,500,,1
臺南市新營區新營國民小學,臺南市新營區民權里,23.3062,120.3165,1150,06-6320374,1
過路國小-室內,嘉義縣義竹鄉西過村,23.3064,120.2082,30,05-3437884,
過路國小-室外,嘉義縣義竹鄉西過村,23.3064,120.2082,300,3420104,
和順國小-室外,嘉義縣義竹鄉官順村,23.3067,120.1817,200,3427394,
田組真耶穌教會,臺東縣長濱鄉長濱村,23.30739,121.44099,80,089-832469,1
臺南市新營區大宏王公社區活動中心,臺南市新營區大宏里,23.3085,120.3181,150,06-6373770,1
臺南市新營區南新國民中學,臺南市新營區民生里,23.3092,120.3088,1450,,1
河東國小六溪分校,臺南市白河區六溪里,23.3092,120.4595,112,06-6852442,1
臺南市東山區聖賢里頂田活動中心,臺南市東山區聖賢里,23.3096,120.3472,72,06-6331119,1
臺南市新營區公所,臺南市新營區大宏里,23.31,120.3166,150,,1
長濱國中,臺東縣長濱鄉長濱村,23.31473,121.45896,140,089-831017,1
臺南市新營區新進國民小學,臺南市新營區忠政里,23.315,120.3164,850,,1
埔頂集會所,嘉義縣大埔鄉永樂村,23.3156,120.5801,17,,
臺南市新營區新泰國民小學,臺南市新營區新東里,23.3161,120.3273,300,,1
臺南市東山區東山國中,臺南市東山區東中里,23.3166,120.4031,1000,06-6802175,1
臺南市鹽水區月津國小,臺南市鹽水區橋南里,23.3168,120.2663,770,06-6521113,1
臺南市東山區北勢寮泉福宮,臺南市東山區聖賢里,23.3169,120.3655,72,06-6330549,1
臺南市鹽水區老人文康中心,臺南市鹽水區橋南里,23.3179,120.2635,150,,1
樂合社區活動中心,花蓮縣玉里鎮樂合里,23.3183,121.345,35,03-8887126,
臺南市鹽水區公所,臺南市鹽水區水仙里,23.3197,120.2662,180,,1
臺南市新營區土庫國民小學,臺南市新營區土庫里,23.3197,120.3452,300,,1
臺南市鹽水區鹽水國中,臺南市鹽水區中境里,23.3213,120.2631,530,06-6521075,1
源城社區活動中心,花蓮縣玉里鎮源城里,23.3219,121.3004,35,03-8889333,
臺南市鹽水區鹽水國小,臺南市鹽水區水秀里,23.3226,120.2707,390,06-6521046,1
臺南市東山區東山國小,臺南市東山區東中里,23.3234,120.4048,800,06-6802274,1
臺南市東山區碧軒寺,臺南市東山區東山里,23.3252,120.4038,300,06-6801009,1
真柄社區活動中心,臺東縣長濱鄉三間村,23.32597,121.43944,100,089-831567,1
玉里慈惠堂,花蓮縣玉里鎮中城里,23.3275,121.3139,40,03-8882921,
臺南市後壁區福安社區活動中心,臺南市後壁區福安里,23.3288,120.3567,45,,1
長光社區活動中心,臺東縣長濱鄉長濱村,23.32948,121.46187,110,089-831923,1
臺南市鹽水區岸內國小,臺南市鹽水區岸內里,23.3295,120.2609,50,06-6524651,1
新塭國小-室內,嘉義縣布袋鎮新民里,23.3303,120.1606,193,05-3431064,
新塭國小-室外,嘉義縣布袋鎮新民里,23.33046,120.16015,1139,05-3431064,
仙草國小關嶺分校,臺南市白河區關嶺里,23.3307,120.5074,1033,06-6822317,1
忠勇國小,臺東縣長濱鄉忠勇村,23.33147,121.43699,130,089-832412,1
臺南市後壁區長安社區活動中心,臺南市後壁區長安里,23.3323,120.3564,50,,1
臺南市後壁區頂安社區活動中心,臺南市後壁區頂安里,23.3327,120.3525,150,,1
義竹鄉老人文康中心,嘉義縣義竹鄉仁里村,23.33444,120.2419,50,05-3412001,
臺南市後壁區烏樹社區活動中心,臺南市後壁區烏樹里,23.3347,120.3777,20,,1
中正堂,花蓮縣玉里鎮泰昌里,23.3352,121.3153,100,03-8883166206,
義竹鄉修緣禪寺,嘉義縣義竹鄉六桂村,23.3357,120.2434,50,05-3412144,
大林社區活動中心,臺南市白河區大林里,23.3357,120.4412,65,06-6858659,1
義竹慈化寺,嘉義縣義竹鄉六桂村,23.3358,120.2443,50,05-3412204,
義竹國小中正堂,嘉義縣義竹鄉六桂村,23.3359,120.2456,250,05-3412001,
義竹國小-室外,嘉義縣義竹鄉六桂村,23.3359,120.2456,1000,05-3412025,
南興國小東華分校-室內,嘉義縣義竹鄉平溪村,23.3368,120.2463,40,05-3427394,
南興國小東華分校-室外,嘉義縣義竹鄉平溪村,23.3368,120.2463,100,05-3426194,
南寮土地公廟前廣場,嘉義縣大埔鄉永樂村,23.3369,120.5552,150,,
好美國小-室外,嘉義縣布袋鎮好美里,23.33701,120.13813,856,05-3431524,
好美國小-室內,嘉義縣布袋鎮好美里,23.3373,120.1379,45,05-3431524,
臺南市後壁區新東長老基督教會,臺南市後壁區新東里,23.3377,120.3323,165,,1
新美國小室內,嘉義縣阿里山鄉新美村,23.33773,120.68335,160,05-2513015,
東豐社區活動中心,花蓮縣玉里鎮東豐里,23.3389,121.3399,25,03-8883720,
南興國小-室外,嘉義縣義竹鄉新店村,23.3408,120.1928,240,05-3412025,
新岑社區活動中心,嘉義縣布袋鎮新岑里,23.34087,120.17157,62,911779708,
臺南市後壁區新厝活動中心,臺南市後壁區竹新里,23.3422,120.3013,40,06-6872284,1
義竹國中-室外,嘉義縣義竹鄉岸腳村,23.34264,120.24985,1000,05-3412025,
新岑國小-室外,嘉義縣布袋鎮新岑里,23.34271,120.17444,134,05-3431525,
臺南市後壁區竹新社區活動中心,臺南市後壁區竹新里,23.3433,120.3023,70,,1
仙草國小,臺南市白河區仙草里,23.3439,120.4738,166,06-6854144,1
河東國小,臺南市白河區河東里,23.3443,120.4378,405,06-6852527,1
臺南市後壁區新嘉國小,臺南市後壁區新嘉里,23.3444,120.316,400,06-6621981,1
仙草社區活動中心,臺南市白河區仙草里,23.3449,120.4734,30,06-6831963,1
河東農村社區活動中心,臺南市白河區河東里,23.3456,120.4365,200,06-6830453,1
卓溪多功能活動中心,花蓮縣卓溪鄉卓溪村,23.3457,121.3038,50,03-8980525,
臺南市後壁區嘉苳社區活動中心,臺南市後壁區嘉苳里,23.351,120.3637,120,,1
白河區公所,臺南市白河區永安里,23.351,120.4157,50,06-6855102,1
白河國小,臺南市白河區永安里,23.351,120.4157,200,06-6852177,1
白河商工,臺南市白河區永安里,23.3527,120.4164,265,06-6852054,1
臺南市後壁區仕安社區活動中心,臺南市後壁區仕安里,23.3539,120.32,200,,1
長濱鄉老人會館,臺東縣長濱鄉長濱村,23.35551,121.469,80,089-832596,
三間國民小學,臺東縣長濱鄉三間村,23.35573,121.46777,110,,1
中山藤寮分校童軍營區前排教室-室內,嘉義縣中埔鄉石?村,23.3558,120.5413,50,05-2531684,
大埔國小永興分校舊校址-室內,嘉義縣番路鄉草山村,23.3566,120.5914,22,05-2931013,
布袋國中-室內,嘉義縣布袋鎮光復里,23.3595,120.1809,187,05-3472044,
布袋國中-室外,嘉義縣布袋鎮光復里,23.3595,120.1809,424,05-3472044,
望安鄉多功能活動中心,澎湖縣望安鄉西安村,23.36121,119.49697,150,06-9991311,
白河國中,臺南市白河區昇安里,23.3614,120.4239,250,06-6852067,1
社口國小 室外,嘉義縣中埔鄉隆興村,23.3627,120.5476,50,,
臺南市後壁區平安社區活動中心,臺南市後壁區平安里,23.3632,120.3334,70,06-6622190,1
臺南市後壁區公所總站,臺南市後壁區後壁里,23.3658,120.362,120,,1
臺南市後壁區頂長社區活動中心,臺南市後壁區頂長里,23.3659,120.3293,40,,1
西平社區活動中心,彰化縣二林鎮西平里,23.36638,120.36638,18,48960778,
香田國小,彰化縣二林鎮香田里,23.36638,120.36638,60,48967708,
中西社區活動中心,彰化縣二林鎮中西里,23.36638,120.36638,60,48967561,
廣興國小,彰化縣二林鎮廣興里,23.36638,120.36638,75,48955009,
老人文康活動中心,彰化縣二林鎮北平里,23.36638,120.36638,303,48961008,
臺南市後壁區後壁侯伯社區活動中心,臺南市後壁區後壁里,23.3673,120.3664,150,,1
大竹國小,臺南市白河區大竹里,23.3683,120.4127,30,06-6852508,1
頂六國小活動中心-室內,嘉義縣中埔鄉金蘭村,23.3703,120.509,100,05-2394042,
中埔國小-室外,嘉義縣中埔鄉中埔村,23.3703,120.509,2500,05-2531003,
中埔國中活動中心-室內,嘉義縣中埔鄉中埔村,23.3707,120.4975,500,05-2531002,
臺南市後壁區新嘉社區活動中心,臺南市後壁區新嘉里,23.3721,120.3103,55,,1
臺南市後壁區新東國小,臺南市後壁區仕安里,23.3727,120.3095,400,06-6320902,1
臺南市後壁區土溝社區活動中心,臺南市後壁區土溝里,23.3734,120.3872,150,,1
下潭國小室外,嘉義縣鹿草鄉光潭村,23.37369,120.28601,250,05-3651544-10,
隙頂國小草山分校舊校址-室內,嘉義縣番路鄉草山村,23.3745,120.6371,22,05-2586331,
下潭社區活動中心,嘉義縣鹿草鄉光潭村,23.37458,120.28684,180,05-3651326,
竹門國小,臺南市白河區竹門里,23.3766,120.445,95,06-6851290,1
九江社區活動中心,嘉義縣布袋鎮岱江里,23.3773,120.1565,49,05-3475835,
臺南市後壁區菁寮墨林社區活動中心,臺南市後壁區菁寮里,23.3785,120.3351,100,,1
臺南市後壁區菁寮國小,臺南市後壁區墨林里,23.3787,120.339,400,06-6621271,1
布新國小-室內,嘉義縣布袋鎮岑海里,23.3788,120.1522,133,05-3476886,
臺南市後壁區菁豐社區活動中心,臺南市後壁區菁豊里,23.3788,120.3469,200,,1
布新國小-室外,嘉義縣布袋鎮岑海里,23.37892,120.15217,1003,05-3476886,
光榮國小-室內,嘉義縣義竹鄉東光村,23.3795,120.2474,70,05-3420104,
光榮國小-室外,嘉義縣義竹鄉東光村,23.3795,120.2474,280,05-3420104,
玉豐國小,臺南市白河區玉豐里,23.3802,120.4159,50,06-6852524,1
大禹社區活動中心,花蓮縣玉里鎮大禹里,23.3805,121.3289,40,03-8886293,
臺南市後壁區德馨宮,臺南市後壁區墨林里,23.3808,120.3358,120,,1
中埔國小活動中心-室內,嘉義縣中埔鄉中埔村,23.3815,120.5307,100,05-2531003,
同仁國小 室外,嘉義縣中埔鄉同仁村,23.3815,120.5307,600,,
臺南市後壁區崁頂社區活動中心,臺南市後壁區崁頂里,23.3818,120.3451,100,,1
布袋鎮立幼兒園,嘉義縣布袋鎮東港里,23.38187,120.19107,96,05-3478391,
見龍社區活動中心,嘉義縣布袋鎮見龍里,23.382,120.1808,55,921551168,
布袋國小-室內,嘉義縣布袋鎮新厝里,23.3824,120.1712,140,05-3472007,
布袋國小-室外,嘉義縣布袋鎮新厝里,23.3824,120.1712,1407,05-3472007,
景山國小-室外,嘉義縣布袋鎮東港里,23.3827,120.1933,396,05-3472734,
山美國小室內,嘉義縣阿里山鄉山美村,23.38314,120.66898,100,05-2586520,
碧潭社區活動中心,嘉義縣鹿草鄉碧潭村,23.38451,120.29703,50,05-3651608,
臺南市後壁區後?社區活動中心,臺南市後壁區後?里,23.3846,120.3373,60,,1
碧潭國小室外,嘉義縣鹿草鄉碧潭村,23.38677,120.29939,300,05-3652001,
臺南市後壁區嘉田嘉民社區活動中心,臺南市後壁區嘉田里,23.3868,120.3825,150,,1
沄水社區活動中心,嘉義縣中埔鄉沄水村,23.3927,120.5195,30,05-2693667,
重寮國小室外,嘉義縣鹿草鄉重寮村,23.39329,120.3151,350,05-3752544,
觀音社區活動中心,花蓮縣玉里鎮觀音里,23.3951,121.3573,,8851223,1
灣潭國小 室外,嘉義縣中埔鄉灣潭村,23.3968,120.5333,140,,
內角國小,臺南市白河區內角里,23.3973,120.4409,280,06-6817363,1
瑞豐社區活動中心,嘉義縣中埔鄉瑞豐村,23.3992,120.5266,30,05-2536830,
圓山托兒所,嘉義縣中埔鄉同仁村,23.4006,120.5121,50,05-2301518,
和睦國小 室外,嘉義縣中埔鄉和美村,23.4036,120.5121,600,,
和興國小-室外,嘉義縣中埔鄉和興村,23.4036,120.5121,1000,,
重寮社區活動中心,嘉義縣鹿草鄉重寮村,23.40468,120.34182,50,05-3750616,
後堀社區活動中心,嘉義縣鹿草鄉後堀村,23.40468,120.34182,60,05-3751389,
達邦國小里佳分校室內,嘉義縣阿里山鄉里佳村,23.40525,120.72093,10,972343350,
太平國小,花蓮縣卓溪鄉太平村,23.406,121.3205,100,03-8888713,1
太平社區活動中心,花蓮縣卓溪鄉太平村,23.4071,121.3166,50,03-8841364,1
和美社區活動中心,嘉義縣中埔鄉和美村,23.4072,120.5122,100,05-2301768,
梅華活動中心,嘉義縣朴子市梅華里,23.408,120.2587,44,05-3795102-87,
鹿草國中室外,嘉義縣鹿草鄉鹿草村,23.4099,120.3129,1500,05-3752037-13,
鹿草國中室內,嘉義縣鹿草鄉鹿草村,23.4107,120.31309,80,05-3752037-13,
同仁社區活動中心,嘉義縣中埔鄉同仁村,23.4108,120.5488,30,05-2688617,
南靖國小-室外,嘉義縣水上鄉靖和村,23.4109,120.3774,880,05-2682004,
松梅國小[室外],嘉義縣朴子市松華里,23.4114,120.2505,400,05-3691083,
鹿草國小室外,嘉義縣鹿草鄉西井村,23.41157,120.30685,400,05-3752004-203,
隆興社區活動中心,嘉義縣中埔鄉隆興村,23.4125,120.5299,30,05-2535949,
和興國小圖書館-室內,嘉義縣中埔鄉和興村,23.4129,120.5103,100,2306717,
義興村活動中心,嘉義縣水上鄉義興村,23.41821,120.42284,100,05-2680620,
義興國小-室外,嘉義縣水上鄉義興村,23.4184,120.4258,260,,
過溝國小-室內,嘉義縣布袋鎮中安里,23.41965,120.18307,351,05-3451010,
貴林國小-室外,嘉義縣布袋鎮樹林里,23.41988,120.21424,128,05-3451641,
過溝多功能活動中心,嘉義縣布袋鎮中安里,23.4204,120.1822,226,05-3454199,
龍門社區活動中心,嘉義縣中埔鄉龍門村,23.42188,120.51799,60,05-2535560,
社口國小禮堂-室內,嘉義縣中埔鄉隆興村,23.4231,120.5241,30,05-2531094,
大有國小圖書館-室內,嘉義縣中埔鄉裕民村,23.4235,120.5235,50,05-2531561,
東興社區活動中心,嘉義縣中埔鄉東興村,23.4242,120.5216,30,05-2259329,
灣潭國小視聽教室-室內,嘉義縣中埔鄉灣潭村,23.4242,120.5216,50,05-2531660,
中庄村活動中心,嘉義縣水上鄉中庄村,23.42434,120.43322,50,05-2688248,
中埔國中-室外,嘉義縣中埔鄉中埔村,23.4244,120.5176,1500,05-2531002214,
溪洲村活動中心,嘉義縣水上鄉溪洲村,23.42454,120.38938,35,05-2686773,
忠和國中-室外,嘉義縣水上鄉忠和村,23.4246,120.4501,600,,
中埔鄉公所,嘉義縣中埔鄉中埔村,23.42515,120.52294,60,2533321101,
忠和國小-室外,嘉義縣水上鄉忠和村,23.4258,120.4479,750,05-2890635,
水上國中-室外,嘉義縣水上鄉水上村,23.4261,120.3974,1000,,
同仁國小-室內,嘉義縣中埔鄉同仁村,23.4278,120.5566,100,05-2531205,
社口社區活動中心,嘉義縣中埔鄉社口村,23.4283,120.5614,30,05-2713325,
水上鄉公所三樓,嘉義縣水上鄉水上村,23.42846,120.39801,40,05-2688526,
水上國小-室外,嘉義縣水上鄉水上村,23.4288,120.3972,1400,,
中山國小視聽教室-室內,嘉義縣中埔鄉石?村,23.4288,120.5125,30,05-2531231,
松浦社區活動中心,花蓮縣玉里鎮松浦里,23.4293,121.3737,,03-8851650,
隙頂國小-室外,嘉義縣番路鄉公田村,23.4298,120.6601,44,05-2586218,
隙頂國民小學-室內,嘉義縣番路鄉公田村,23.4298,120.6601,71,05-2586218,
裕民社區活動中心,嘉義縣中埔鄉裕民村,23.4315,120.5126,30,05-2243025,
成功國小-室外,嘉義縣水上鄉三界村,23.4318,120.4756,600,05-2393485,
三民社區活動中心,花蓮縣玉里鎮三民里,23.4321,121.3498,25,03-8841164,
竹村國小[室外],嘉義縣朴子市竹村里,23.4349,120.2389,400,05-3693628-11,
柳林國小-室外,嘉義縣水上鄉柳林村,23.4356,120.4151,1000,,
網寮國小-室內,嘉義縣東石鄉網寮村,23.4361,120.1525,36,05-3451544,
網寮國小-室外,嘉義縣東石鄉網寮村,23.4361,120.1525,490,05-3451544,
龍崗國小-室內,嘉義縣東石鄉西崙村,23.4363,120.1832,38,05-3451070,
龍崗國小-室外,嘉義縣東石鄉西崙村,23.4363,120.1832,527,05-3451070,
古楓社區活動中心,花蓮縣卓溪鄉古風村,23.4363,121.332,50,03-8881852,1
立山社區活動中心,花蓮縣卓溪鄉立山村,23.4363,121.332,50,03-8841572,1
深坑社區活動中心,嘉義縣中埔鄉深坑村,23.4383,120.5273,30,05-2243025,
塭仔村圓明寺,嘉義縣東石鄉塭仔村,23.4384,120.175,40,05-3454681,
大埔國小永興分校-室外,嘉義縣番路鄉草山村,23.4384,120.6072,160,05-2931013,
龍隱寺-室外,嘉義縣番路鄉觸口村,23.4384,120.6072,265,,
崁前活動中心,嘉義縣朴子市崁前里,23.4389,120.2368,25,05-3795102-92,
頂埔社區活動中心,嘉義縣中埔鄉頂埔村,23.439,120.5468,30,05-2693667,
崙山國小,花蓮縣卓溪鄉崙山村,23.4391,121.3443,100,03-8841350,1
崙山社區活動中心,花蓮縣卓溪鄉崙山村,23.4393,121.3438,50,03-8841362,1
和興社區活動中心,嘉義縣中埔鄉和興村,23.4394,120.4516,30,05-2536761,
金蘭社區活動中心,嘉義縣中埔鄉金蘭村,23.4401,120.5068,30,05-2362981,
永慶高中[室外],嘉義縣太保市安仁里,23.4402,120.3404,70,928790668,
公田社區活動中心,嘉義縣番路鄉公田村,23.441,120.6382,35,05-2308662,
和睦社區活動中心,嘉義縣中埔鄉和睦村,23.4427,120.4742,30,05-2305520,
石?社區活動中心,嘉義縣中埔鄉石?村,23.4428,120.4536,50,05-2534788,
嘉義市垃圾焚化廠,嘉義市西區湖內里,23.44316,120.44156,150,,
大崙國小-室外,嘉義縣水上鄉大崙村,23.4434,120.3584,1000,05-3711381,
義仁社區活動中心,嘉義縣中埔鄉義仁村,23.4443,120.529,30,05-2535638,
春珠社區活動中心,嘉義縣太保市春珠里,23.4446,120.3299,70,912750097,
三和公園活動中心,嘉義縣中埔鄉和睦村,23.4447,120.459,30,05-2305520,
大有國小-室外,嘉義縣中埔鄉裕民村,23.4456,120.4958,50,05-2531561,
中山國小 室外,嘉義縣中埔鄉石?村,23.4456,120.4958,100,05-253123113,
灣潭社區活動中心,嘉義縣中埔鄉灣潭村,23.4457,120.4597,30,05-2533217,
逐鹿社區活動中心,嘉義縣番路鄉觸口村,23.44802,120.58204,100,972310037,1
洲仔代天府,嘉義縣東石鄉洲仔村,23.4513,120.1945,300,05-3706841,
頂六國小-室外,嘉義縣中埔鄉金蘭村,23.4521,120.4632,1200,,
和睦國小綜合教室-室內,嘉義縣中埔鄉和美村,23.45223,120.46317,100,05-2304511,
十字村活動中心,嘉義縣阿里山鄉十字村,23.4531,120.7494,20,05-2511080,
達邦國小室內,嘉義縣阿里山鄉達邦村,23.4532,120.74938,50,05-251101704,
鴿溪寮活動中心,嘉義縣水上鄉下寮村,23.45332,120.41316,15,978632516,
興化?社區活動中心,嘉義縣中埔鄉富收村,23.4537,120.4712,50,05-2396811,
大鄉國小[室外],嘉義縣朴子市大鄉里,23.4539,120.2612,200,05-3792952,
民和社區活動中心,嘉義縣番路鄉民和村,23.4539,120.5879,62,05-2594596,
北回國小-室外,嘉義縣水上鄉三和村,23.4544,120.4098,600,05-2356941,
福濟宮,嘉義縣太保市太保里,23.4548,120.3293,80,3711062,
太保國中[室外],嘉義縣太保市太保里,23.45486,120.32926,600,931560712,
田尾社區活動中心,嘉義縣太保市田尾里,23.455,120.3316,50,939198263,
太保國小[室外],嘉義縣太保市太保里,23.455,120.3316,500,,
春日社區活動中心,花蓮縣玉里鎮春日里,23.455,121.3967,35,03-8875453,
後潭社區發展協會,嘉義縣太保市後潭里,23.4553,120.3443,50,912185219,
奉天宮濟公廟,嘉義縣水上鄉寬士村,23.4555,120.4291,180,932838206,
慈玄宮,嘉義市東區興村里,23.4555,120.4566,150,05-2393957,
祥和國小[室外],嘉義縣朴子市大葛里,23.4569,120.2871,200,05-3621839,
新福社區活動中心,嘉義縣番路鄉新福村,23.4576,120.5304,35,05-2592922,
東石鄉老人文康中心,嘉義縣東石鄉猿樹村,23.4582,120.1506,94,05-3730815,
大鄉活動中心,嘉義縣朴子市大鄉里,23.4582,120.2622,38,05-3795102-86,
崙頂里集會所,嘉義縣太保市崙頂里,23.4585,120.3111,20,,
蘇厝活動中心,嘉義縣六腳鄉蘇厝村,23.45878,120.58654,80,05-7811341,
東石鄉公所,嘉義縣東石鄉東石村,23.4589,120.1537,104,05-3732201,
安東國小[室內],嘉義縣太保市崙頂里,23.4589,120.3098,30,,
安東國小[室外],嘉義縣太保市崙頂里,23.4589,120.3098,600,,
興安國民小學,嘉義市東區興安里,23.4597,120.4552,450,05-2232280,
舞鶴社區活動中心,花蓮縣瑞穗鄉舞鶴村,23.4602,121.3536,100,03-8871755,1
安仁社區活動中心,嘉義縣太保市安仁里,23.4603,120.3332,30,911326486,
光路社區活動中心,嘉義市西區光路里,23.46073,120.44009,40,05-2353356,
大同國小[室外],嘉義縣朴子市竹圍里,23.4609,120.2406,300,05-3792144-18,
東石國小-室外,嘉義縣東石鄉猿樹村,23.461,120.1543,185,05-3732295,
東石國小-室內,嘉義縣東石鄉猿樹村,23.461,120.1543,247,05-3732295,
朴子國中[室外],嘉義縣朴子市竹圍里,23.4611,120.2389,400,05-3792201-201,
靜浦國小大禮堂,花蓮縣豐濱鄉靜浦村,23.4615,121.4954,,03-8781021,1
東榮國中-室內,嘉義縣東石鄉永屯村,23.4619,120.1727,37,05-3733803,
東榮國中-室外,嘉義縣東石鄉永屯村,23.4619,120.1727,481,05-3733803,
半天岩紫雲寺-室內,嘉義縣番路鄉民和村,23.4622,120.5953,53,05-2591114,
內甕社區活動中心,嘉義縣番路鄉內甕村,23.4625,120.5234,55,05-2760491,
內甕國小-室外,嘉義縣番路鄉內甕村,23.4631,120.5228,480,05-2591434,
港墘國小-室內,嘉義縣東石鄉港墘村,23.4638,120.2138,39,05-3795350,
港墘國小-室外,嘉義縣東石鄉港墘村,23.4638,120.2138,530,05-3795350,
民和國小-室外,嘉義縣番路鄉下坑村,23.464,120.5531,860,,
民和國民小學-室內,嘉義縣番路鄉下坑村,23.46411,120.55307,80,2592188,
嘉義市西區區公所,嘉義市西區福民里,23.4645,120.43538,50,05-2840856,1
老人文康中心,嘉義縣番路鄉下坑村,23.4646,120.554,49,05-2590767,
番路社區活動中心,嘉義縣番路鄉番路村,23.4648,120.5675,22,05-2593861,
民和國中-室外,嘉義縣番路鄉下坑村,23.465,120.555,1444,05-2591109,
朴子市公所,嘉義縣朴子市安福里,23.4651,120.247,34,05-3701320,
興嘉國民小學,嘉義市西區福民里,23.46525,120.43795,2135,,
東勢社區活動中心,嘉義縣太保市東勢里,23.4658,120.3038,30,937307166,
朴子國小[室外],嘉義縣朴子市安福里,23.4666,120.2479,700,05-3792032-106,
德武里原住民多功能活動中心,花蓮縣玉里鎮德武里,23.4669,121.4074,50,03-8873161,
南興國民中學,嘉義市東區芳草里,23.4672,120.4619,800,05-2220113,
桃源國小[室內],嘉義縣竹崎鄉桃源村,23.4674,120.6656,40,05-2541077,
桃源國小[戶外],嘉義縣竹崎鄉桃源村,23.4674,120.6656,200,05-2541077,
東石國中[室外],嘉義縣朴子市安福里,23.4677,120.2504,3300,05-3792027-210,
玉山國民中學,嘉義市西區西平里,23.46814,120.42559,605,05-2357980-212,
阿里山聯合社區活動中心,嘉義縣阿里山鄉中正村,23.4685,120.7014,50,05-2679756,
阿里山國民中小學室內,嘉義縣阿里山鄉樂野村,23.46906,120.70143,100,05-2561180,
朴子配天宮,嘉義縣朴子市安福里,23.4694,120.2466,750,05-3796885,
嘉南社區活動中心,嘉義市東區興南里,23.4697,120.4564,35,05-2161589,
宣信國民小學,嘉義市東區新開里,23.4707,120.4587,445,05-2223904-2931,
三家福靈宮,嘉義縣東石鄉三家村,23.4709,120.1725,118,05-3732528,
三江國小-室內,嘉義縣東石鄉三家村,23.4713,120.1744,28,05-3732634,
三江國小-室外,嘉義縣東石鄉三家村,23.4713,120.1744,136,05-3732634,
塭港國小-室內,嘉義縣東石鄉塭港村,23.4717,120.1459,75,05-3732653,
塭港國小-室外,嘉義縣東石鄉塭港村,23.4717,120.1459,211,05-3732653,
鄉屬災變庇護所,嘉義縣阿里山鄉樂野村,23.47178,120.71371,120,,
港坪社區活動中心,嘉義市西區港坪里,23.47179,120.41697,30,2359011,
大同國民小學,嘉義市西區導民里,23.47214,120.44563,800,05-2222114,
志航國民小學,嘉義市西區美源里,23.47228,120.43871,163,05-2857924-612,
垂楊國民小學,嘉義市西區垂楊里,23.4723,120.4,3043,05-2853151-212,1
興南里集會所,嘉義市東區興南里,23.4723,120.4547,35,05-2291576,
義仁國小[室內],嘉義縣竹崎鄉義和村,23.4726,120.6703,20,,
義仁國小[戶外],嘉義縣竹崎鄉義和村,23.4726,120.6703,120,,
鹿滿國小[戶外],嘉義縣竹崎鄉鹿滿村,23.4726,120.6703,300,,
育人國民小學,嘉義市西區港坪里,23.47272,120.41673,310,05-2351595-650,
崇文國民小學,嘉義市東區豐年里,23.4735,120.4528,650,05-2222310-1001,
龍山國小[室內],嘉義縣竹崎鄉龍山村,23.4735,120.586,70,,
龍山國小[戶外],嘉義縣竹崎鄉龍山村,23.4735,120.586,800,,
何庄社區活動中心,嘉義市西區頭港里,23.47354,120.4068,30,2359936,
賓朗村活動中心,臺東縣卑南鄉賓朗村,23.47397,121.02741,50,89222054,
永和里集會所,嘉義市西區永和里,23.47406,120.44037,30,2239313,
港尾社區活動中心,嘉義縣太保市港尾里,23.4745,120.3747,100,983231667,
港口活動中心,花蓮縣豐濱鄉港口村,23.4745,121.5043,,03-8791450,1
大湖國小-室內,嘉義縣番路鄉大湖村,23.475,120.6204,53,05-2581159,
大湖國小-室外,嘉義縣番路鄉大湖村,23.475,120.6204,200,05-2581159,
蘭潭國民小學,嘉義市東區蘭潭里,23.4753,120.4715,200,05-2763492-13,
內埔國小[室內],嘉義縣竹崎鄉內埔村,23.4756,120.5646,300,,
內埔國小[戶外],嘉義縣竹崎鄉內埔村,23.4756,120.5646,650,,
民族國民小學,嘉義市東區民族里,23.476,120.4552,190,05-2222113-630,
大業國民中學,嘉義市東區安業里,23.476,120.4552,388,05-2223082-13,
江西社區活動中心,嘉義縣番路鄉江西村,23.4764,120.5275,53,05-2592868,
港坪運動公園,嘉義市西區港坪里,23.47668,120.42231,1000,05-2858473,1
白杞社區活動中心,嘉義縣竹崎鄉白杞村,23.4774,120.6976,40,05-2770457,
東區區公所,嘉義市東區民族里,23.4787,120.4534,30,05-2289019,
嘉義市立棒球場,嘉義市東區東川里,23.4787,120.4534,1000,05-2754225,
港坪國民小學,嘉義市西區港坪里,23.47935,120.42454,420,05-2369037-142,
蘭潭國民中學,嘉義市東區長竹里,23.4822,120.4814,270,05-2773582,
大湖社區活動中心,嘉義縣番路鄉大湖村,23.4824,120.6236,44,05-2581309,
更寮國小-室外,嘉義縣六腳鄉更寮村,23.48295,120.23986,560,05-3796309,
雙溪國小[室外],嘉義縣朴子市?溪里,23.4841,120.2778,400,05-3795549-15,
文雅國民小學,嘉義市東區文雅里,23.4841,120.4873,200,05-2768011-130,
僑平國民小學,嘉義市西區竹圍里,23.48415,120.43241,274,05-2333746-706,
雙溪口活動中心,嘉義縣朴子市溪口里,23.4844,120.2741,63,05-3795102-46,
龍港國小-室外,嘉義縣東石鄉龍港村,23.4846,120.177,454,05-3732671,
新埤國小[室外],嘉義縣太保市新埤里,23.4851,120.3347,700,05-3611705,
圓崇國小[室內],嘉義縣竹崎鄉灣橋村,23.4853,120.5578,100,,
圓崇國小[戶外],嘉義縣竹崎鄉灣橋村,23.4853,120.5578,600,,
老人文康中心,嘉義縣太保市新埤里,23.4859,120.3348,100,,
王田里集會所,嘉義市東區王田里,23.4867,120.4679,50,05-2788493,
復金社區活動中心,嘉義縣竹崎鄉復金村,23.4867,120.5152,30,05-2615411,
龍山社區活動中心,嘉義縣竹崎鄉龍山村,23.4867,120.5152,50,05-2618345,
光華國小[室內],嘉義縣竹崎鄉光華村,23.4869,120.5759,50,05-2561074,
光華國小[戶外],嘉義縣竹崎鄉光華村,23.4869,120.5759,160,05-2561074,
嘉義國民中學,嘉義市東區圳頭里,23.487,120.4647,757,05-2762625,
埤鄉社區活動中心,嘉義縣太保市埤鄉里,23.4873,120.3872,80,938037358,
下楫國小-室內,嘉義縣東石鄉下揖村,23.4875,120.1965,63,05-3601508,
下楫國小-室外,嘉義縣東石鄉下揖村,23.4875,120.1965,469,05-3601508,
世賢國民小學,嘉義市西區保福里,23.4893,120.42788,343,05-2338264,
林森國民小學,嘉義市東區新店里,23.4895,120.4666,388,05-2762063-114,
北興國民中學,嘉義市東區仁義里,23.4906,120.4532,319,05-2766602-303,
鹿滿社區活動中心,嘉義縣竹崎鄉鹿滿村,23.4907,120.5067,50,05-2615579,
瑞穗青蓮寺,花蓮縣瑞穗鄉瑞美村,23.4909,121.3904,100,03-8875438,1
新厝社區活動中心,嘉義市西區新厝里,23.491,120.4408,35,2815556,
花蓮縣鶴岡國民小學,花蓮縣瑞穗鄉鶴岡村,23.4913,121.39,100,03-8872740,
博愛國民小學,嘉義市西區湖邊里,23.49159,120.44401,210,05-2322863-211,
精忠社區活動中心,嘉義市東區圳頭里,23.4916,120.4768,50,05-2776068,
豐山國小室內,嘉義縣阿里山鄉豐山村,23.4924,120.754,40,05-2661071,
瑞良社區活動中心,花蓮縣瑞穗鄉瑞良村,23.4924,121.394,30,03-8872559,1
下埤社區活動中心,嘉義市西區下埤里,23.49248,120.41256,35,2601326,
十字國小室內,嘉義縣阿里山鄉十字村,23.49248,120.75402,80,05-2511087,
蒜頭國小-室外,嘉義縣六腳鄉蒜頭村,23.49308,120.29189,320,,
花蓮縣瑞穗鄉瑞美國民小學,花蓮縣瑞穗鄉瑞美村,23.4931,121.3916,50,03-8872014,1
嘉北國民小學,嘉義市東區仁義里,23.4935,120.4551,230,,
瑞美社區活動中心,花蓮縣瑞穗鄉瑞美村,23.4937,121.3912,30,03-8871611,1
蒜頭國小活動中心-室內,嘉義縣六腳鄉蒜頭村,23.49402,120.29289,470,,
蒜頭活動中心,嘉義縣六腳鄉蒜頭村,23.49405,120.29076,30,05-3800132,
奇美社區活動中心,花蓮縣瑞穗鄉奇美村,23.4942,121.4467,20,03-8991001,1
北園國民小學,嘉義市西區北湖里,23.49452,120.42565,430,05-2371330,
金獅社區活動中心,嘉義縣竹崎鄉金獅村,23.4946,120.5413,10,05-2566496,
港口宮,嘉義縣東石鄉港口村,23.4949,120.1864,100,05-3601002,
北園國民中學,嘉義市西區北湖里,23.49517,120.42663,377,05-2374673-117,1
六腳鄉老人文康中心,嘉義縣六腳鄉蒜頭村,23.4952,120.2931,240,05-3801114,
春梅社區活動中心,嘉義縣太保市梅埔里,23.4952,120.3867,30,910754374,
太保國小[室內],嘉義縣太保市太保里,23.4952,120.3867,180,3711015,
紅葉社區活動中心,花蓮縣萬榮鄉紅葉村,23.4954,121.3446,50,03-8871426,1
南新國小[室內],嘉義縣太保市南新里,23.497,120.3845,187,,
南新國小[室外],嘉義縣太保市南新里,23.497,120.3845,800,,
花蓮縣立瑞穗國民中學,花蓮縣瑞穗鄉瑞穗村,23.4982,121.3759,200,03-8873111,1
中和國小[室內],嘉義縣竹崎鄉中和村,23.4988,120.5344,20,05-2561013,
中和國小[戶外],嘉義縣竹崎鄉中和村,23.4988,120.5344,100,05-2561013,
沙坑國小[戶外],嘉義縣竹崎鄉沙坑村,23.4988,120.5344,200,2611244,
頂庄社區活動中心,嘉義市東區頂庄里,23.4991,120.4577,30,05-2765298,
水牛厝社區活動中心,嘉義縣太保市南新里,23.4992,120.3857,100,934335520,
過溝社區活動中心,嘉義縣太保市過溝里,23.4996,120.3599,70,929359632,
瑞祥社區活動中心,花蓮縣瑞穗鄉瑞祥村,23.4998,121.3588,30,03-8876570,1
瑞穗社區活動中心,花蓮縣瑞穗鄉瑞穗村,23.4998,121.3787,30,03-8872964,1
灣內國小-室外,嘉義縣六腳鄉灣南村,23.4998,120.31256,930,05-3802306,
麻寮古恩宮集會所,嘉義縣太保市麻寮里,23.4999,120.3682,70,2379795,
嘉新國中[室外],嘉義縣太保市北新里,23.50006,120.37829,600,,
後湖社區活動中心,嘉義市東區後湖里,23.5011,120.4537,25,05-2766605,
鹿滿國小[室內],嘉義縣竹崎鄉鹿滿村,23.5015,120.6983,60,05-2611472,
六嘉國中禮堂-室內,嘉義縣六腳鄉蒜頭村,23.50168,120.29216,90,05-3801215,
六嘉國中-室外,嘉義縣六腳鄉蒜頭村,23.50168,120.29216,3000,05-380121511,
竹崎國小[戶外],嘉義縣竹崎鄉竹崎村,23.5023,120.5631,950,,
中華社區活動中心,嘉義縣竹崎鄉中和村,23.503,120.5356,80,05-2561336,
竹崎高中[戶外],嘉義縣竹崎鄉竹崎村,23.5033,120.5129,500,05-2611006,
豐裡活動中心,花蓮縣壽豐鄉豐裡村,23.5034,121.3021,42,03-8652802,1
竹崎國小[室內],嘉義縣竹崎鄉竹崎村,23.505,120.6951,80,05-2611018,
昇平國中[室內],嘉義縣竹崎鄉內埔村,23.5069,120.499,20,,
昇平國中[戶外],嘉義縣竹崎鄉內埔村,23.5069,120.499,950,,
大崎村辦公處暨社區活動中心,嘉義縣民雄鄉大崎村,23.5076,120.465,60,05-2213540,
荖藤社區活動中心,嘉義市東區荖藤里,23.5086,120.4449,45,05-2219463,
六腳國小-室內,嘉義縣六腳鄉六腳村,23.50908,120.25181,60,05-3781403,
六腳國小-室外,嘉義縣六腳鄉六腳村,23.50908,120.25181,530,05-3781403,
福興村廣興宮室內,嘉義縣民雄鄉福興村,23.5097,120.4259,61,05-2202519,
福興村廣興宮室外,嘉義縣民雄鄉福興村,23.5097,120.4259,100,05-2202519,
鶴岡社區活動中心,花蓮縣瑞穗鄉鶴岡村,23.5097,121.3911,30,03-8873392,1
福興社區活動中心,嘉義縣民雄鄉福興村,23.5098,120.4278,55,05-2215770,
水仙宮室內,嘉義縣新港鄉南港村,23.51,120.3363,400,7811751,
大崎國小-室外,嘉義縣民雄鄉秀林村,23.5117,120.4722,50,05-2771596,
大崎國小-室內,嘉義縣民雄鄉秀林村,23.5117,120.4722,50,05-2771596,
秀林村辦公處暨社區活動中心,嘉義縣民雄鄉秀林村,23.5139,120.4778,112,05-2215600,
蔦松國小,雲林縣水林鄉松中村,23.514,120.2297,300,05-7841230,1
金興村辦公處暨社區活動中心,嘉義縣民雄鄉金興村,23.5142,120.4372,100,2201420,
中興國小,雲林縣水林鄉　埔村,23.5145,120.2101,100,05-7841064,1
安和國小室內,嘉義縣新港鄉安和村,23.5147,120.3129,48,3772940,
安和國小室外,嘉義縣新港鄉安和村,23.5147,120.3129,100,3772940,
中興國小[室內],嘉義縣竹崎鄉中和村,23.5149,120.6063,30,05-2561021,
中興國小[戶外],嘉義縣竹崎鄉中和村,23.5149,120.6063,400,05-2561021,
大吉國中-室外,嘉義縣民雄鄉大崎村,23.5155,120.4874,50,05-2774971,
大吉國中-室內,嘉義縣民雄鄉大崎村,23.5155,120.4874,50,05-2774971,
紫雲社區活動中心,嘉義縣竹崎鄉紫雲村,23.5158,120.5731,50,05-2541667,
香林國小室內,嘉義縣阿里山鄉香林村,23.51649,120.80861,100,05-2679713,
竹崎老人文康中心,嘉義縣竹崎鄉竹崎村,23.5184,120.5918,60,05-2611709,
山中村辦公處暨社區活動中心,嘉義縣民雄鄉山中村,23.5194,120.4056,106,05-2213344,
月眉國小室內,嘉義縣新港鄉月眉村,23.5202,120.3517,500,3772059,
月眉國小室外,嘉義縣新港鄉月眉村,23.5202,120.3517,1229,3772059,
義和社區活動中心,嘉義縣竹崎鄉義和村,23.5213,120.5532,30,05-2110959,
義隆社區活動中心,嘉義縣竹崎鄉義隆村,23.5213,120.5532,30,05-2541762,
坑頭村活動中心,嘉義縣竹崎鄉坑頭村,23.5214,120.5544,20,05-2611194,
光華社區活動中心,嘉義縣竹崎鄉光華村,23.5214,120.5544,40,2561117,
嘉義縣竹崎鄉昇平村收容所暨防災物資整備所,嘉義縣竹崎鄉昇平村,23.5214,120.5544,80,05-2541029,
蔦松國中,雲林縣水林鄉松北村,23.5217,120.2304,500,05-7842948,1
興南村集會所,嘉義縣民雄鄉興南村,23.5228,120.438,91,05-2213335,
景陽宮,雲林縣水林鄉松北村,23.5235,120.2364,300,05-7841671,1
灣橋社區活動中心,嘉義縣竹崎鄉灣橋村,23.5242,120.5064,60,989898623,
水井活動中心,雲林縣口湖鄉水井村,23.52473,120.17914,100,05-7906801,
福樂村辦公處暨社區活動中心,嘉義縣民雄鄉福樂村,23.5263,120.4487,128,05-2201835,
興中國小-室外,嘉義縣民雄鄉興中村,23.5266,120.42,150,05-2214725,
興中國小-室內,嘉義縣民雄鄉興中村,23.5266,120.42,150,05-2214725,
瑞北社區活動中心,花蓮縣瑞穗鄉瑞北村,23.5267,121.3765,30,03-8871754,1
興中村辦公處暨社區活動中心,嘉義縣民雄鄉興中村,23.5273,120.4206,128,05-2213914,
竹崎高中[室內],嘉義縣竹崎鄉竹崎村,23.5281,120.5694,100,05-2611006,
福樂國小教室,嘉義縣民雄鄉福樂村,23.52895,120.45207,100,05-2206112,
福樂國小操場,嘉義縣民雄鄉福樂村,23.52895,120.45207,200,05-2206112,
沙坑社區活動中心,嘉義縣竹崎鄉沙坑村,23.5293,120.5196,20,05-2612178,
樂野村社區活動中心,嘉義縣阿里山鄉樂野村,23.5296,120.74,50,05-2561025,
來吉國小室內,嘉義縣阿里山鄉來吉村,23.52971,120.74001,50,05-2661232,
獅埜社區活動中心,嘉義縣竹崎鄉獅埜村,23.5303,120.5206,80,05-2110569,
文光國小湖口分校,雲林縣口湖鄉湖口村,23.53049,120.1647,150,05-7906930,
北斗村辦公處暨社區活動中心,嘉義縣民雄鄉北斗村,23.5333,120.4564,82,05-2214217,
秀林國小風雨教室、操場,嘉義縣民雄鄉北斗村,23.5341,120.4571,200,05-2215690,
?福村辦公處暨社區活動中心,嘉義縣民雄鄉?福村,23.5344,120.4424,43,05-2215524,
中央村辦公處暨社區活動中心,嘉義縣民雄鄉中央村,23.5357,120.4051,67,05-2263621,
後厝社區活動中心,雲林縣口湖鄉後厝村,23.53612,120.19501,200,05-7906007,
文隆村辦公處暨社區活動中心,嘉義縣民雄鄉文隆村,23.5374,120.4201,72,05-2264962,
和安國小,雲林縣水林鄉溪墘村,23.5379,120.2654,150,05-7853932,1
文正國小,雲林縣水林鄉山腳村,23.5392,120.2248,300,05-7841051,1
瑞里社區活動中心,嘉義縣梅山鄉瑞里村,23.5393,120.6742,50,05-2501413,
瑞里國小[室外],嘉義縣梅山鄉瑞里村,23.54,120.665,100,05-2501020,
松山村辦公處暨社區活動中心,嘉義縣民雄鄉松山村,23.5401,120.4761,26,05-2721533,
六美國小-室外,嘉義縣六腳鄉六斗村,23.54026,120.29345,620,05-7812708,
松山國小-室外,嘉義縣民雄鄉松山村,23.5403,120.4751,100,05-2721831,
松山國小3樓多功能教室有電梯,嘉義縣民雄鄉松山村,23.5403,120.4751,150,05-2721831-201,
太興社區活動中心,嘉義縣梅山鄉太興村,23.5415,120.6345,50,05-2571650,
文光國小,雲林縣口湖鄉梧南村,23.54171,120.18971,100,05-7907189,
太興國小[室外],嘉義縣梅山鄉太興村,23.5423,120.6216,150,05-2571087,
六美國小-室內,嘉義縣六腳鄉六斗村,23.5431,120.2867,60,05-7812708,
西昌村辦公處暨社區活動中心,嘉義縣民雄鄉西昌村,23.544,120.3831,96,05-2266645,
梧南社區活動中心,雲林縣口湖鄉梧南村,23.54443,120.19008,80,05-7905649,
平和村辦公處暨社區活動中心,嘉義縣民雄鄉平和村,23.5451,120.3933,37,05-2264894,
宜梧國中,雲林縣口湖鄉梧南村,23.54574,120.18907,500,05-7907254,
梧北社區活動中心,雲林縣口湖鄉梧北村,23.5485,120.19025,100,05-7905809,
中和村辦公處暨社區活動中心,嘉義縣民雄鄉中和村,23.5493,120.4129,86,05-2265559,
東湖村辦公處暨社區活動中心,嘉義縣民雄鄉東湖村,23.5503,120.4406,97,05-2266573,
安靖國小[室外],嘉義縣梅山鄉安靖村,23.5527,120.5781,150,05-2621404,
文昌國小室內,嘉義縣新港鄉宮前村,23.5537,120.3505,200,3742172,
文昌國小室外,嘉義縣新港鄉宮前村,23.5537,120.3505,400,3742172,
東光基督長老教會,南投縣信義鄉東埔村,23.554,120.92735,150,049-2701402,
民雄國小-室外,嘉義縣民雄鄉中樂村,23.5551,120.4294,300,05-2262022-51,
民雄國小-室內,嘉義縣民雄鄉中樂村,23.5551,120.4294,469,05-2262022-51,
安龍宮活動中心,雲林縣口湖鄉成龍村,23.55527,120.16182,100,05-7972691,
新港國小室內,嘉義縣新港鄉福德村,23.5557,120.345,850,3742039,
新港國小室外,嘉義縣新港鄉福德村,23.5557,120.345,1000,3742039,
菁埔村辦公處暨社區活動中心,嘉義縣民雄鄉菁埔村,23.556,120.3987,86,05-2268694,
三興村辦公處暨社區活動中心,嘉義縣民雄鄉三興村,23.5569,120.4767,124,05-2720137,
朝陽國小,雲林縣北港鎮扶朝里,23.557,120.285,100,05-7832904,
東榮村辦公處暨嘉義縣長壽會館,嘉義縣民雄鄉東榮村,23.5571,120.4346,109,05-2064739,
瑞峰社區活動中心,嘉義縣梅山鄉瑞?村,23.5572,120.6674,50,05-2571185,
民雄國中-室外,嘉義縣民雄鄉西安村,23.5574,120.4207,170,05-2060578,
民雄國中-室內,嘉義縣民雄鄉西安村,23.5574,120.4207,187,05-2060578,
北美國小-室內,嘉義縣六腳鄉崙陽村,23.55746,120.30381,60,05-7811429,
北美國小-室外,嘉義縣六腳鄉崙陽村,23.55746,120.30381,670,57811429,
東榮國小-室外,嘉義縣民雄鄉頂崙村,23.5576,120.4349,200,05-2262076,
東榮國小-室內,嘉義縣民雄鄉頂崙村,23.5576,120.4349,200,05-2262076,
三興國小-室外,嘉義縣民雄鄉三興村,23.5578,120.4819,150,05-2720042,
三興國小-室內,嘉義縣民雄鄉三興村,23.5578,120.4819,200,05-2720042,
大南國小[室外],嘉義縣梅山鄉大南村,23.558,120.5543,150,05-2621253,
新港國中室內,嘉義縣新港鄉福德村,23.5584,120.3438,760,3742024,
新港國中室外,嘉義縣新港鄉福德村,23.5584,120.3438,1000,3742024,
菁埔國小二樓活動中心,嘉義縣民雄鄉菁埔村,23.55868,120.39738,90,05-2262581,
菁埔國小操場,嘉義縣民雄鄉菁埔村,23.55868,120.39738,99,05-2262581,
尖山國小,雲林縣水林鄉大山村,23.5603,120.2229,100,05-7851756,1
桐林活動中心,南投縣信義鄉同富村,23.56039,120.87463,150,049-2700070,1
藝術高中室內,嘉義縣新港鄉宮後村,23.5604,120.349,600,3747060,
藝術高中室外,嘉義縣新港鄉宮後村,23.5604,120.349,1000,3747060,
內茅埔營林區,南投縣信義鄉自強村,23.56049,120.87441,300,049-2791005,
太平社區活動中心,嘉義縣梅山鄉太平村,23.561,120.6069,50,05-2571145,
太平國小[室外],嘉義縣梅山鄉太平村,23.561,120.6069,200,05-2571004,
豐收村辦公處暨社區活動中心,嘉義縣民雄鄉豊收村,23.5613,120.4506,91,05-2265862,
東埔基督長老教會,南投縣信義鄉東埔村,23.56175,120.92676,150,049-2701241,
水仙宮室外,嘉義縣新港鄉南港村,23.56185,120.3088,2000,7811751,
東興村辦公處暨社區活動中心,嘉義縣民雄鄉東興村,23.5619,120.4984,64,05-2721273,
東埔國小,南投縣信義鄉東埔村,23.56191,120.92729,15,049-2701340,1
六興宮室外,嘉義縣新港鄉溪北村,23.5622,120.3143,500,3771680,
六興宮室內,嘉義縣新港鄉溪北村,23.5622,120.3143,500,3771680,
古民國小室內,嘉義縣新港鄉古民村,23.5623,120.3491,120,3742154,
古民國小室外,嘉義縣新港鄉古民村,23.5623,120.3491,1000,3742154,
台興國小,雲林縣口湖鄉台子村,23.56231,120.14241,400,05-7971494,
福權村辦公處暨社區活動中心,嘉義縣民雄鄉福權村,23.5626,120.4128,31,05-2262701,
碧湖社區活動中心,嘉義縣梅山鄉碧湖村,23.5647,120.6248,50,05-2571174,
北港國中,雲林縣北港鎮南安里,23.5657,120.2992,300,05-7832022,1
大興國小,雲林縣水林鄉大溝村,23.5663,120.2105,300,05-7851300,1
西衛社區活動中心,澎湖縣馬公市西衛里,23.5665,119.5724,80,06-9276686,1
南陽國小,雲林縣北港鎮南安里,23.5665,120.301,500,05-7832106,
東埔活動中心,南投縣信義鄉東埔村,23.56658,120.91708,600,049-2702915,
文光國小過港分校,雲林縣口湖鄉過港村,23.56743,120.19272,300,05-7892183,
頂崙村辦公處暨社區活動中心,嘉義縣民雄鄉頂崙村,23.5679,120.4379,40,05-2263748,
勞工育樂中心,澎湖縣馬公市案山里,23.568,119.5658,100,06-9212680,1
朝天宮厚生大樓,雲林縣北港鎮光民里,23.568,120.305,1000,05-7832055,1
八里灣基督長老教會,花蓮縣豐濱鄉豐濱村,23.5681,121.4859,,03-8791653,1
興仁國小教室,澎湖縣馬公市烏崁里,23.5702,119.581,300,06-9211443,1
澎湖科技大學學生活動中心,澎湖縣馬公市西衛里,23.5704,119.5665,400,06-9272977,1
寮頂村集會所,嘉義縣民雄鄉寮頂村,23.5709,120.4269,15,05-2268641,
鐵線社區活動中心,澎湖縣馬公市鐵線里,23.5715,119.5805,230,06-9951011,1
文澳國小體育館,澎湖縣馬公市西文里,23.5725,119.569,190,06-9212412,1
水林國中,雲林縣水林鄉水北村,23.5728,120.2474,500,05-7852618,1
水燦林國小,雲林縣水林鄉水北村,23.573,120.2469,300,05-7852845,1
水林鄉公所,雲林縣水林鄉水北村,23.5732,120.246,100,05-7850001,1
中正國中體育館,澎湖縣馬公市光華里,23.5736,119.5697,300,,1
山水國小活動中心,澎湖縣馬公市山水里,23.5739,119.5817,500,06-9951004,1
湖西國中活動中心,澎湖縣湖西鄉湖西村,23.5739,119.6496,300,,1
建國國中,雲林縣北港鎮華勝里,23.5741,120.2956,500,05-7832724,
富民社區活動中心,花蓮縣瑞穗鄉富民村,23.5743,121.3745,30,03-8811149,1
金湖國小,雲林縣口湖鄉港東村,23.57445,120.15416,100,05-7971188,
巨人中學,雲林縣北港鎮樹腳里,23.5748,120.2889,200,05-7835937,
東衛國小活動中心,澎湖縣馬公市東衛里,23.5749,119.5746,310,06-9213239,1
崇文國小,雲林縣口湖鄉蚵寮村,23.57501,120.17694,500,05-7892186,
港西避難所,雲林縣口湖鄉港西村,23.57531,120.14834,50,05-7892001,
港西龍台宮,雲林縣口湖鄉港西村,23.57533,120.1478,100,05-7970762,
北港鎮公所,雲林縣北港鎮新街里,23.576,120.3024,100,05-7836102,
鎮北村辦公處暨社區活動中心,嘉義縣民雄鄉鎮北村,23.5765,120.4498,75,05-2262342,
馬遠社區活動中心,花蓮縣萬榮鄉馬遠村,23.57687,121.36255,120,03-8811184,1
馬遠國民小學,花蓮縣萬榮鄉馬遠村,23.57687,121.36193,200,03-8811184,1
水燦林國小水林校區,雲林縣水林鄉水北村,23.5769,120.2468,300,05-7852610,1
龍眼社區活動中心,嘉義縣梅山鄉龍眼村,23.577,120.6171,50,05-2571201,
梅圳國小[室外],嘉義縣梅山鄉圳南村,23.5771,120.5901,150,05-2621615,
柳溝國小室外,嘉義縣溪口鄉柳溝村,23.57734,120.41427,1000,05-2691071,
北辰國小,雲林縣北港鎮新街里,23.5776,120.3027,1000,05-7832153,1
富源社區活動中心,花蓮縣瑞穗鄉富源村,23.5776,121.3759,30,03-8811434,1
富源消防分隊,花蓮縣瑞穗鄉富源村,23.5778,121.3764,75,03-8811885,1
澎南國中活動中心,澎湖縣馬公市五德里,23.5784,119.5737,300,,1
北港高中,雲林縣北港鎮新街里,23.5784,120.3046,1000,05-7821411,1
樹腳社區活動中心,雲林縣北港鎮樹腳里,23.5787,120.2754,200,05-7821168,
過溝社區活動中心,雲林縣北港鎮樹腳里,23.5797,120.2737,100,05-7821926,
風櫃國小活動中心,澎湖縣馬公市風櫃里,23.5799,119.5811,200,06-9951280,1
北港農工,雲林縣北港鎮新街里,23.5803,120.309,1000,05-7832246,
白坑社區活動中心,澎湖縣湖西鄉白坑村,23.5817,119.6626,20,06-9921025,1
富興社區活動中心,花蓮縣瑞穗鄉富興村,23.5817,121.3877,30,03-8811414,1
口湖鄉民眾服務站,雲林縣口湖鄉湖東村,23.58205,120.18544,50,05-7892040,
口湖鄉公所,雲林縣口湖鄉湖東村,23.58264,120.18575,50,05-7892087,
鼎灣社區活動中心,澎湖縣湖西鄉鼎灣村,23.5828,119.6419,55,06-9213709,1
梅山國小[室外],嘉義縣梅山鄉梅北村,23.583,120.5585,300,05-2621004,
鎖港里社區活動中心,澎湖縣馬公市鎖港里,23.5834,119.5719,230,06-9950686,1
太武社區活動中心,澎湖縣湖西鄉太武村,23.584,119.6202,20,06-9262078,1
沙港社區農漁民活動中心,澎湖縣湖西鄉沙港村,23.584,119.6526,500,06-9921731,1
湖西鄉公所,澎湖縣湖西鄉湖西村,23.5846,119.6537,100,,1
草嶺山莊,雲林縣古坑鄉草嶺村,23.5849,120.6966,100,05-5831121,
北寮社區活動中心,澎湖縣湖西鄉北寮村,23.5854,119.669,30,06-9921024,1
梅山國中[室外],嘉義縣梅山鄉梅北村,23.5867,120.5607,300,,
口湖國小,雲林縣口湖鄉湖東村,23.58672,120.18394,100,05-7892154,
梅北國小[室外],嘉義縣梅山鄉梅北村,23.5871,120.5518,300,05-2626545,
潭邊社區活動中心,澎湖縣湖西鄉潭邊村,23.5872,119.6425,105,06-9213710,1
辰光國小,雲林縣北港鎮新厝里,23.5872,120.3182,100,05-7834320,
口湖國中,雲林縣口湖鄉湖東村,23.5876,120.18466,100,05-7892027,
復興國小室內,嘉義縣新港鄉北崙村,23.5899,120.3572,40,3760424,
復興國小室外,嘉義縣新港鄉南港村,23.5899,120.3572,100,3760424,
中林國小室外,嘉義縣大林鎮中林里,23.59,120.4767,900,05-2653941,
神木活動中心,南投縣信義鄉神木村,23.59024,120.88984,150,049-2701256,
和社台大實驗林,南投縣信義鄉同富村,23.59276,120.88876,100,049-2701004,
嘉義縣大林鎮精忠營區,雲林縣古坑鄉崁腳村,23.5929,120.5334,100,05-25325444,
僑美國小,雲林縣北港鎮草湖里,23.59294,120.30206,100,05-7832307,
同富國中 -禮堂,南投縣信義鄉同富村,23.59358,120.88863,100,049-2701317,
美林國小室外,嘉義縣溪口鄉美北村,23.59376,120.37944,250,,
南寮社區活動中心,澎湖縣湖西鄉南寮村,23.5945,119.6082,80,06-9921030,1
隘門國小多元化教室,澎湖縣湖西鄉隘門村,23.5951,119.6164,75,,1
華南國小,雲林縣古坑鄉華南村,23.5964,120.5747,50,05-5901529,1
華山禾園,雲林縣古坑鄉華山村,23.5964,120.5918,40,05-5901667,
埔南社區活動中心,雲林縣口湖鄉埔南村,23.59744,120.19068,50,963157218,
尖山社區活動中心,澎湖縣湖西鄉尖山村,23.5975,119.6139,53,06-9921629,1
光復自強外役監獄,花蓮縣光復鄉大全村,23.598,121.4125,300,,1
保安宮,雲林縣口湖鄉青蚶村,23.59822,120.16182,50,05-7895617,
成功社區活動中心,澎湖縣湖西鄉成功村,23.5985,119.6692,95,06-9213702,1
鄉村休閒農莊,雲林縣古坑鄉華山村,23.5985,120.5873,20,05-5901357,
大林鎮運動公園,嘉義縣大林鎮平林里,23.59856,120.45821,1200,05-2652003,
花東山琉璃禪寺,花蓮縣光復鄉大富村,23.5992,121.4162,50,03-8731340,1
好收國小,雲林縣北港鎮好收里,23.5997,120.2802,100,05-7922254,
平林國小室外,嘉義縣大林鎮平林里,23.5997,120.4616,900,,
大林鎮老人體育活動中心,嘉義縣大林鎮平林里,23.5998,120.4584,130,,
頂湖國小,雲林縣口湖鄉頂湖村,23.5999,120.17914,100,05-7892185,
鎮安宮,雲林縣口湖鄉頂湖村,23.5999,120.17914,300,05-7894000,
西溪國小視聽教室,澎湖縣湖西鄉西溪村,23.6003,119.6697,55,06-9921082,1
大美活動中心,嘉義縣大林鎮大美里,23.601,120.5043,40,2641529,
豐濱國中禮堂,花蓮縣豐濱鄉豐濱村,23.6012,121.5218,,03-8791159,1
溪口鄉老人文康中心,嘉義縣溪口鄉溪北村,23.60216,120.39182,40,,
大林國小室外,嘉義縣大林鎮西林里,23.6024,120.4536,1200,,
山田民宿,雲林縣古坑鄉華山村,23.6025,120.5797,20,05-5901981,
溪口鄉公所三樓禮堂,嘉義縣溪口鄉溪北村,23.60264,120.39228,80,,
北極殿香客大樓,嘉義縣溪口鄉溪西村,23.60378,120.39444,100,05-2691604,
溪口國小室內,嘉義縣溪口鄉溪北村,23.6045,120.39422,50,,
溪口國小室外,嘉義縣溪口鄉溪北村,23.6045,120.39422,850,,
宏仁國小,雲林縣水林鄉灣東村,23.6048,120.2398,300,05-7857080,
碧清寺,雲林縣水林鄉灣東村,23.6051,120.2401,350,05-7854369,1
三和國小室外,嘉義縣大林鎮三和里,23.6058,120.4886,900,,
柴林國小室外,嘉義縣溪口鄉柴林村,23.60588,120.37158,250,05-2691440,
石壁避難所,雲林縣古坑鄉草嶺村,23.6069,120.7094,20,05-5831269,
大富國小,花蓮縣光復鄉大富村,23.6073,121.3909,80,03-8701049,1
外湖避難所,雲林縣古坑鄉草嶺村,23.6074,120.6784,20,05-5831269,
排路國小室外,嘉義縣大林鎮排路里,23.6101,120.4222,400,,
桂林國小,雲林縣古坑鄉桂林村,23.612,120.6079,150,05-5901048,
東榮國小,雲林縣北港鎮溝皂里,23.6128,120.2935,100,05-7921304,
排路社區活動中心,嘉義縣大林鎮排路里,23.613,120.4243,70,05-2694359,
埔北社區活動中心,雲林縣口湖鄉埔北村,23.61354,120.19068,60,05-7892232,
興安府,雲林縣口湖鄉埔北村,23.61354,120.19068,100,05-7891835,
興昌國小,雲林縣古坑鄉崁腳村,23.6143,120.54,100,05-5821060,
望鄉基督長老教會,南投縣信義鄉望美村,23.61514,120.88621,50,049-2701242,1
久美基督長老教會,南投縣信義鄉望美村,23.61517,120.88477,200,049-2831554,
望鄉活動中心,南投縣信義鄉望美村,23.61577,120.88653,100,049-2701170,
久美國小,南投縣信義鄉望美村,23.61619,120.885,200,049-2831506,1
仁德國小,雲林縣元長鄉內寮村,23.6169,120.3514,200,05-7861976,1
游東村活動中心,嘉義縣溪口鄉游東村,23.61753,120.40179,25,05-2693011,
社團國小室外,嘉義縣大林鎮三角里,23.6176,120.4959,500,,
下崙福安宮（香客大樓）,雲林縣口湖鄉崙中村,23.61809,120.1619,300,05-7991028,
久美活動中心,南投縣信義鄉望美村,23.61886,120.88459,300,,1
永光老人養護中心,雲林縣古坑鄉永光村,23.61984,120.5584,2,05-5828927,
誠正國小,雲林縣水林鄉蘇秦村,23.6206,120.2616,300,05-7921114,1
忠孝國小,雲林縣元長鄉龍岩村,23.6207,120.3146,200,05-7882096,1
育英國小,雲林縣北港鎮番溝里,23.6225,120.2786,100,05-7921224,
永光國小,雲林縣古坑鄉永光村,23.6259,120.5532,100,05-5821049,
城前社區活動中心,澎湖縣白沙鄉城前村,23.62618,119.59527,74,06-9933491,1
振興宮,雲林縣古坑鄉永昌村,23.6266,120.552,20,05-5825566,
羅娜天主教,南投縣信義鄉羅娜村,23.62737,120.86959,300,049-2831250,
羅娜國小,南投縣信義鄉羅娜村,23.62809,120.87029,100,049-2831327,1
羅娜活動中心,南投縣信義鄉羅娜村,23.62818,120.86996,100,,
麻園社區活動中心,雲林縣古坑鄉麻園村,23.6282,120.514,20,05-5823916,
客厝國小,雲林縣元長鄉頂寮村,23.6285,120.3338,200,05-7882718,1
羅娜基督長老教會,南投縣信義鄉羅娜村,23.6291,120.87418,300,049-2831231,1
豐德宮廣場,雲林縣水林鄉蘇秦村,23.6313,120.2555,300,05-7921124,1
外垵社區活動中心,澎湖縣西嶼鄉外垵村,23.6315,119.5228,90,06-9981660,1
內寮社區活動中心,南投縣竹山鎮桶頭里,23.6323,120.6555,15,049-2712317,
大興國小,花蓮縣光復鄉大興村,23.6323,121.3982,300,03-8702987,1
內垵村?漁民活動中心,澎湖縣西嶼鄉內垵村,23.6324,119.5137,100,06-9983537,1
舊庄國小,雲林縣大埤鄉怡然村,23.63357,120.40157,150,05-5912094,1
大興活動中心,花蓮縣光復鄉大興村,23.6338,121.3942,100,03-8702216,1
西嶼國中體育館,澎湖縣西嶼鄉池東村,23.6348,119.5222,300,,1
東興部落原住民多功能活動中心,花蓮縣豐濱鄉新社村,23.6351,121.5308,,03-8711158,1
橫礁社區活動中心,澎湖縣西嶼鄉橫礁村,23.6358,119.5246,30,06-9983379,1
新生國小,雲林縣元長鄉瓦?村,23.6362,120.3595,200,05-7983093,1
馬佛活動中心,花蓮縣光復鄉西富村,23.6362,121.4295,100,03-8702206,1
四湖國小,雲林縣四湖鄉四湖村,23.6366,120.2284,200,05-7872100,1
古坑鄉立幼兒園,雲林縣古坑鄉古坑村,23.6367,120.5577,30,05-5862935,
四湖鄉避難收容場所,雲林縣四湖鄉湖西村,23.63809,120.22434,20,05-7871642,1
四湖鄉立幼兒園,雲林縣四湖鄉羊調村,23.6381,120.2243,40,05-7873623,1
舊戶政事務所,雲林縣四湖鄉湖西村,23.6381,120.2243,40,05-7876863,
四湖鄉飛沙集會所避難收容場所,雲林縣四湖鄉飛沙村,23.6381,120.2243,100,05-7723171,
小門國小,澎湖縣西嶼鄉小門村,23.6382,119.5312,200,06-9981662,1
合界社區活動中心,澎湖縣西嶼鄉合界村,23.6388,119.5313,32,06-9981177,1
廣溝集貨市場,雲林縣四湖鄉廣溝村,23.6391,120.1979,40,05-7723428,
四湖參天宮,雲林縣四湖鄉湖西村,23.63941,120.22697,1560,05-7872052,1
朝陽大埔北極殿,雲林縣古坑鄉朝陽村,23.6395,120.5945,50,,
新鄉基督長老教會,南投縣信義鄉新鄉村,23.64012,120.87238,80,049-2831050,1
四湖鄉公所3樓禮堂,雲林縣四湖鄉湖西村,23.6408,120.1747,40,05-7876863,1
仁愛國小,雲林縣元長鄉潭西村,23.6409,120.2893,200,05-7882710,1
新鄉活動中心,南投縣信義鄉新鄉村,23.64143,120.87079,200,049-2831500,
大埤國中,雲林縣大埤鄉南和村,23.64189,120.42836,187,05-5912051,1
砂荖活動中心,花蓮縣光復鄉南富村,23.6419,121.4512,100,03-8702206,1
石龜國小活動中心,雲林縣斗南鎮石龜里,23.6424,120.48221,300,05-5972354,1
調解會暨古坑三村聯合辦公處,雲林縣古坑鄉古坑村,23.6427,120.5616,20,05-5823275,
竹灣社區活動中心,澎湖縣西嶼鄉竹灣村,23.6429,119.5163,35,06-9981106,1
飛沙國小,雲林縣四湖鄉飛沙村,23.6431,120.1773,100,05-7723688,1
湳仔社區活動中心,雲林縣古坑鄉湳仔村,23.6433,120.5387,20,05-5823966,
大埤國小,雲林縣大埤鄉南和村,23.6447,120.42937,187,05-5912007,1
新光國小,雲林縣古坑鄉新庄村,23.645,120.5611,100,05-5260572,1
元長國中,雲林縣元長鄉長南村,23.6457,120.3166,500,05-7882012,1
"石頭公園渡假山莊含蓮園休閒民宿,石",雲林縣古坑鄉古坑村,23.6457,120.588,130,05-5829829,
桶頭社區活動中心,南投縣竹山鎮桶頭里,23.646,120.6564,50,049-2711023,
古坑國中,雲林縣古坑鄉朝陽村,23.6462,120.567,200,05-5821004,
嘉興國小,雲林縣大埤鄉嘉興村,23.64724,120.45708,125,05-5912434,1
港子社區活動中心,澎湖縣白沙鄉港子村,23.64824,119.59875,78,06-9932876,1
元長鄉公所大樓,雲林縣元長鄉長南村,23.6497,120.3148,200,05-7882221,1
聯美國小,雲林縣大埤鄉聯美村,23.65037,120.3978,100,05-5912224,1
三崙國小,雲林縣四湖鄉崙南村,23.6517,120.15602,100,05-7721044,1
新社國小二樓綜合教室,花蓮縣豐濱鄉新社村,23.6519,121.5354,200,03-8711138,1
光復鄉立托兒所,花蓮縣光復鄉大全村,23.6521,121.4184,100,03-8705165,1
元長國小,雲林縣元長鄉長南村,23.6522,120.3092,500,05-7882017,1
花嶼社區發展協會,澎湖縣望安鄉花嶼村,23.6527,119.5174,60,06-9991773,1
荷苞建德寺,雲林縣古坑鄉荷苞村,23.654,120.5914,200,,
大池社區活動中心,澎湖縣西嶼鄉大池村,23.6541,119.5166,28,06-9983560,1
信義國小,雲林縣元長鄉五塊村,23.6571,120.2804,200,05-7882712,1
三條崙海清宮,雲林縣四湖鄉崙北村,23.6576,120.1534,500,57721741,1
西南活動中心,花蓮縣光復鄉西富村,23.6584,121.4494,100,03-8702923,1
豐田活動中心,雲林縣大埤鄉豐田村,23.65841,120.44237,50,05-5912038,1
和平國小,雲林縣元長鄉子茂村,23.6586,120.3362,200,05-7882684,1
下庄活動中心,雲林縣土庫鎮溪邊里,23.6588,120.3853,46,05-6621080,1
瑞竹社區活動中心,南投縣竹山鎮瑞竹里,23.6597,120.6599,100,2711912,
太巴塱國小,花蓮縣光復鄉北富村,23.6601,121.4484,100,,1
綺湖社區?人活動中心,雲林縣土庫鎮奮起里,23.661,120.3601,35,05-6623430,1
仁和國小,雲林縣大埤鄉豐岡村,23.66159,120.42052,100,05-5912454,1
水碓國小,雲林縣古坑鄉水碓村,23.6623,120.5662,200,05-5821049,
大同活動中心,花蓮縣光復鄉大同村,23.6633,121.431,100,03-8701180,1
瑞竹國小活動中心,南投縣竹山鎮瑞竹里,23.664,120.6664,100,049-2711024,
嘉隆社區活動中心,雲林縣東勢鄉嘉隆村,23.6656,120.2592,78,05-6992704,1
溪埔寮農民休閒活動中心,雲林縣土庫鎮溪邊里,23.6666,120.3939,113,05-6628385,1
橋真國小,雲林縣斗南鎮明昌里,23.6675,120.4751,375,05-5972241,1
安南宮,雲林縣臺西鄉牛厝村,23.6676,120.2098,100,6980551,1
豐丘基督長老教會,南投縣信義鄉豐丘村,23.66913,120.87302,60,049-2791762,1
田心社區活動中心,雲林縣古坑鄉田心村,23.6693,120.5413,20,,
光復鄉公所,花蓮縣光復鄉大華村,23.6694,121.4233,100,,1
埤腳活動中心,雲林縣土庫鎮埤腳里,23.67,120.3489,67,05-6622617,1
豐丘活動中心,南投縣信義鄉豐丘村,23.67019,120.87493,100,049-2791961,1
光復國中,花蓮縣光復鄉大馬村,23.6705,121.4248,100,03-8701027,1
豐丘體技場,南投縣信義鄉豐丘村,23.67052,120.87511,100,049-2791583,
東勢國民中學活動中心,雲林縣東勢鄉嘉隆村,23.6724,120.2571,200,05-6991035,1
高林社區活動中心,雲林縣古坑鄉高林村,23.6737,120.5702,20,05-5265188,
東南社區活動中心,雲林縣東勢鄉東南村,23.6739,120.2555,81,05-6992674,1
坪頂里集會所,南投縣竹山鎮坪頂里,23.6742,120.6732,50,049-2711951,
東勢國民小學活動中心,雲林縣東勢鄉東南村,23.6743,120.2571,238,05-6991036,1
"明山大飯店室內空間,儲藏室,大廳",南投縣鹿谷鄉內湖村,23.6743,120.7963,300,049-2612132,1
東勢鄉賜安宮香客大樓,雲林縣東勢鄉東南村,23.6744,120.2542,134,05-6991025,1
東勢鄉公所3樓,雲林縣東勢鄉東南村,23.6754,120.2527,262,05-6991524,1
順安宮明德大樓,雲林縣斗南鎮明昌里,23.67554,120.47345,240,05-5972541,1
鯉南社區活動中心,南投縣竹山鎮鯉魚里,23.6757,120.6562,20,049-2712327,
程海社區活動中心,雲林縣東勢鄉程海村,23.6761,120.2325,56,05-6991748,
第一老人文康活動中心,雲林縣土庫鎮順天里,23.6766,120.388,96,05-6622913,1
林厝寮順天府,雲林縣四湖鄉林東村,23.677,120.1798,150,57721449,
東明國中,雲林縣斗南鎮西岐里,23.6778,120.4701,252,05-5972474,1
東北社區活動中心,雲林縣東勢鄉東北村,23.6779,120.2583,82,05-6992694,1
扶朝活動中心,雲林縣土庫鎮埤腳里,23.6787,120.3624,96,05-6626618,1
山內國小,雲林縣元長鄉山內村,23.6791,120.3124,200,05-7882152,1
復興社區活動中心,雲林縣東勢鄉復興村,23.6798,120.2781,56,6991717,1
斗南國小,雲林縣斗南鎮西岐里,23.6803,120.4795,525,05-5972020,1
斗南高中,雲林縣斗南鎮西岐里,23.6811,120.4772,485,05-5972059,1
崙?社區活動中心,雲林縣斗六市崙?里,23.6811,120.5421,50,05-5223636,
嘉東社區活動中心,雲林縣斗六市嘉東里,23.6816,120.5529,40,05-5333255,
土庫鎮公所活動中心,雲林縣土庫鎮石廟里,23.6822,120.3898,44,05-6623211,1
月眉社區活動中心,雲林縣東勢鄉月眉村,23.683,120.2833,54,05-6991731,1
深圳社區活動中心,雲林縣斗六市久安里,23.68301,120.5188,60,05-5222130,
尚德國小操場,雲林縣臺西鄉溪頂村,23.68312,120.18994,150,6982074,
他里霧親水公園,雲林縣斗南鎮西岐里,23.68364,120.47369,3079,05-5973111,
大荖里活動中心,雲林縣土庫鎮大荖里,23.6842,120.3692,60,05-6622714,1
東富國小,花蓮縣光復鄉東富村,23.6845,121.4825,100,03-8701292,1
東和國小,雲林縣古坑鄉東和村,23.6849,120.5686,100,05-5263153,
山腳里集會所暨活動中心,南投縣草屯鎮山腳里,23.68566,120.96447,120,049-2332160,
新厝里集會所暨活動中心,南投縣草屯鎮新厝里,23.68602,120.96948,100,492367999,
土庫國中樂群堂,雲林縣土庫鎮石廟里,23.6862,120.3886,400,05-6622645,1
棋山國小,雲林縣古坑鄉棋盤村,23.6864,120.6038,100,05-5263673,1
風斗避難中心,南投縣信義鄉自強村,23.68963,120.85089,30,,
興南社區活動中心,雲林縣虎尾鎮興南里,23.6905,120.4392,102,05-6328668,
雲林縣褒忠鄉公所,雲林縣褒忠鄉中民村,23.6912,120.304,150,05-6972005,1
南聖宮,雲林縣斗六市林頭里,23.6921,120.5675,200,05-5325335,
龍潭社區活動中心,雲林縣東勢鄉龍潭村,23.6924,120.2421,56,05-6992734,1
福興社區活動中心,南投縣竹山鎮福興里,23.6928,120.6639,50,049-2711541,
重光社區活動中心,雲林縣斗六市重光里,23.69339,120.56614,80,05-5263383,
廣安宮,南投縣竹山鎮福興里,23.6938,120.663,50,049-2711454,
五榔農民活動中心,雲林縣臺西鄉五榔村,23.69461,120.22955,150,6985388,1
昌南社區活動中心,雲林縣東勢鄉昌南村,23.6954,120.2608,32,05-6992754,1
馬太鞍社區活動中心,花蓮縣萬榮鄉明利村,23.696,121.4018,80,03-8751114,1
長平社區活動中心,雲林縣斗六市長平里,23.6965,120.502,80,05-5340427,
雲林縣私立揚子中學活動中心,雲林縣虎尾鎮穎川里,23.69676,120.42327,56,05-6330181-121,
信義國中 -禮堂,南投縣信義鄉明德村,23.69689,120.85423,150,049-2791129,
三合社區活動中心,雲林縣虎尾鎮三合里,23.6977,120.4063,21,05-6626927,
大鞍國小活動中心,南投縣竹山鎮大鞍里,23.699,120.7169,100,049-2841009,
褒忠國中,雲林縣褒忠鄉埔姜村,23.6992,120.3108,300,05-6972056,1
慈海宮,雲林縣臺西鄉海口村,23.6996,120.191,350,6981460,1
馬鳴山鎮安宮,雲林縣褒忠鄉馬鳴村,23.6998,120.2787,200,05-6973150,1
雲林國中,雲林縣斗六市,23.69998,120.53276,1000,05-5326071-16,
梅林社區活動中心,雲林縣斗六市梅林里,23.7003,120.6046,40,05-5572539,
安海宮,雲林縣臺西鄉台西村,23.7004,120.2009,300,6982479,1
褒忠國小,雲林縣褒忠鄉埔姜村,23.7008,120.3105,300,05-6972054,1
芳草社區活動中心,雲林縣虎尾鎮芳草里,23.7008,120.3802,122,05-6651473,
臺西國中操場,雲林縣臺西鄉海口村,23.70119,120.19163,350,6982047,
奉聖宮,南投縣竹山鎮大鞍里,23.7014,120.7167,50,049-2841222,
褒忠鄉立托兒所,雲林縣褒忠鄉埔姜村,23.7015,120.3113,200,05-6975482,1
安南社區活動中心,雲林縣東勢鄉安南村,23.7016,120.2524,34,6992396,1
虎尾科技大學第四期教室,雲林縣虎尾鎮西安里,23.7017,120.4296,63,05-6315077,
虎尾科技大學第三期教室,雲林縣虎尾鎮西安里,23.7017,120.4296,88,05-6315181,
虎尾科技大學第ㄧ期教室,雲林縣虎尾鎮西安里,23.7017,120.4296,256,05-6315243,
虎尾科技大學第二期教室,雲林縣虎尾鎮西安里,23.7017,120.4296,390,05-6315243,
臺西國小操場,雲林縣臺西鄉台西村,23.70179,120.19948,150,6982045,
和雅社區活動中心,南投縣鹿谷鄉和雅村,23.7029,120.7753,60,2753610,
新吉社區活動中心,雲林縣虎尾鎮新吉里,23.7039,120.419,103,05-6331135,
西屯社區活動中心,雲林縣虎尾鎮西屯里,23.7044,120.3893,117,05-6651149,
南平活動中心,雲林縣土庫鎮南平里,23.7045,120.3532,74,05-6650605,1
東屯社區活動中心,雲林縣虎尾鎮東屯里,23.7045,120.3903,54,05-6651635,
崇修堂,雲林縣斗六市,23.70463,120.54064,200,05-5325196,
復興國小,雲林縣褒忠鄉新湖村,23.7048,120.2839,150,05-6972490,1
明利社區活動中心,花蓮縣萬榮鄉明利村,23.70483,121.41237,100,03-8751114,1
安南國民小學活動中心,雲林縣東勢鄉安南村,23.705,120.2492,234,05-6991454,1
梅林國小,雲林縣斗六市梅林里,23.705,120.59488,200,05-5572211-13,
馬光國小學生活動中心,雲林縣土庫鎮南平里,23.7053,120.3536,297,05-6653864701,1
立仁國小活動中心,雲林縣虎尾鎮立仁里,23.7059,120.4283,114,05-6341202-041,
忠孝里集會所活動中心,雲林縣斗六市忠孝里,23.7061,120.5402,50,05-5322610,
第二老人文康活動中心,雲林縣土庫鎮西平里,23.7066,120.3511,111,05-6652289,1
信義里集會所活動中心,雲林縣斗六市信義里,23.7067,120.5499,50,05-5324264,
正心中學,雲林縣斗六市,23.7072,120.5363,1200,05-5512502,
平和國小地下室,雲林縣虎尾鎮平和里,23.70725,120.45073,126,05-6322742-103,
磯崎村辦公處活動中心,花蓮縣豐濱鄉磯崎村,23.7085,121.5419,,03-8711029,1
愛國活動中心,南投縣信義鄉愛國村,23.70919,120.85343,100,049-2791193,1
北溪社區活動中心,雲林縣虎尾鎮北溪里,23.7095,120.4045,97,05-6332786,
國立虎尾高級中學金英館,雲林縣虎尾鎮新興里,23.7095,120.4433,357,05-6322121-209,
長橋社區活動中心,花蓮縣鳳林鎮長橋里,23.7097,121.4195,50,03-8751131,
萬榮鄉立幼兒園,花蓮縣萬榮鄉明利村,23.70977,121.41481,50,03-8751114,1
下溪社區活動中心,雲林縣虎尾鎮下溪里,23.7102,120.4605,69,05-6220101,
內湖國小專科教室2間,南投縣鹿谷鄉內湖村,23.7113,120.7818,150,049-2752437,1
同安國小活動中心,雲林縣東勢鄉同安村,23.7116,120.2657,91,05-6991244,1
多功能活動中心,雲林縣虎尾鎮平和里,23.7116,120.4491,360,05-6322132-216,1
安慶國小地下室,雲林縣虎尾鎮安慶里,23.7117,120.4402,90,05-6322161-704,
虎尾鎮立體育場,雲林縣虎尾鎮公安里,23.71175,120.43271,6000,05-6322132-207,
斗六國中,雲林縣斗六市,23.7129,120.5512,1000,05-5323297-301,
忠信活動中心,南投縣信義鄉明德村,23.71295,120.86838,50,049-2791151,1
虎尾國小體育館,雲林縣虎尾鎮公安里,23.7135,120.4315,686,05-6322026-21,
斗六市老人文康活動中心,雲林縣斗六市公正里,23.7138,120.5428,200,05-5325421,
斗六公園,雲林縣斗六市,23.7138,120.5428,500,5332000-203,
萬榮社區活動中心,花蓮縣萬榮鄉萬榮村,23.71439,121.41012,50,03-8751497,1
虎尾高級農工職業學校活動中心,雲林縣虎尾鎮公安里,23.7146,120.4368,647,05-6322767-500,
鯉魚國小活動中心,南投縣竹山鎮鯉魚里,23.7152,120.6545,100,049-2644787,
新坤社區活動中心,雲林縣東勢鄉新坤村,23.7156,120.251,25,05-6993651,1
潮厝國小,雲林縣褒忠鄉潮厝村,23.7159,120.3352,150,05-6972644,1
崇德國中桌球館,雲林縣虎尾鎮廉使里,23.7171,120.4173,357,05-6322806-043,
石榴國中,雲林縣斗六市,23.7176,120.5928,600,05-5571713-94,
森榮里辦公處,花蓮縣鳳林鎮森榮里,23.7176,121.3972,30,03-8751926,
堀頭社區活動中心,雲林縣虎尾鎮堀頭里,23.7182,120.4505,74,05-6220077,
三塊厝社區活動中心,雲林縣虎尾鎮下溪里,23.7182,120.4734,39,05-6220101,
中溪社區活動中心,雲林縣虎尾鎮中溪里,23.7183,120.4614,85,05-6224355,
安西府,雲林縣臺西鄉五港村,23.7185,120.2007,2510,6982054,1
堀頭里活動中心,雲林縣虎尾鎮堀頭里,23.71865,120.45155,52,05-6220077,1
虎溪社區活動中心,雲林縣斗六市虎溪里,23.71984,120.52275,40,05-5516011,
崙豐國小操場,雲林縣臺西鄉永豐村,23.72033,120.20976,150,6982142,
埒內社區活動中心,雲林縣虎尾鎮埒內里,23.7208,120.4455,84,05-6220576,
安溪社區活動中心,雲林縣虎尾鎮安溪里,23.721,120.4432,98,05-6323326,
進安府香客大樓,雲林縣臺西鄉永豐村,23.7218,120.2097,120,6982289,1
四美社區活動中心,雲林縣東勢鄉四美村,23.7223,120.2443,32,05-6993505,1
田子里集會所,南投縣竹山鎮田子里,23.7224,120.6886,30,049-2658805,
廉使社區活動中心,雲林縣虎尾鎮廉使里,23.723,120.4201,80,05-6365259,
龍巖國小,雲林縣褒忠鄉田洋村,23.7233,120.3012,150,05-6972454,1
榴中社區活動中心,雲林縣斗六市榴中里,23.7241,120.581,100,05-5570696,
虎尾國中活動中心,雲林縣虎尾鎮中溪里,23.7243,120.4559,325,05-6220647-31,
龍潭健康公園,雲林縣斗六市,23.7246,120.581,200,5332000-203,
明聖宮,雲林縣臺西鄉溪頂村,23.72461,120.2126,300,69810521,1
鎮西國小,雲林縣斗六市鎮西里,23.7247,120.5861,500,05-5322047-105,
竹林村集會所,南投縣鹿谷鄉竹林村,23.7256,120.758,300,049-2676709,1
榴北社區活動中心,雲林縣斗六市榴北里,23.72561,120.576,80,05-5572701,
明德里多功能活動中心,雲林縣斗六市明德里,23.72634,120.53765,50,05-5340986,
湖本活動中心,雲林縣林內鄉湖本村,23.7266,120.6229,30,05-5897940,
福田社區活動中心,南投縣竹山鎮福興里,23.7278,120.6665,15,049-2644024,
過溪國小活動中心,南投縣竹山鎮福興里,23.7278,120.6665,100,049-2642573,
惠來社區活動中心,雲林縣虎尾鎮惠來里,23.7291,120.4842,103,05-6223327,
鳳信社區活動中心,花蓮縣鳳林鎮鳳信里,23.7297,121.4434,50,03-8764212,
中溪國民小學教室,雲林縣虎尾鎮頂溪里,23.72984,120.46174,40,05-6222385,
中溪國民小學運動場,雲林縣虎尾鎮頂溪里,23.72984,120.46174,200,05-6222385,
竹豐社區活動中心,南投縣鹿谷鄉竹豐村,23.7314,120.75,200,049-2676085,1
鳳凰社區活動中心,南投縣鹿谷鄉鳳凰村,23.7361,120.7846,200,2750889,1
德興里集會所,南投縣竹山鎮德興里,23.7365,120.6702,100,049-2653496,
郡坑國小,南投縣水里鄉上安村,23.73696,120.85543,200,049-2821421,
廣興社區活動中心,南投縣鹿谷鄉廣興村,23.7374,120.7611,250,049-2752074,1
坪頂集戶,南投縣水里鄉上安村,23.7377,120.85786,50,049-2772141,
秀林里集會所,南投縣竹山鎮秀林里,23.738,120.6877,100,049-2644703,
新興國小操場,雲林縣臺西鄉和豐村,23.73982,120.22226,150,6900143,
郡坑派出所,南投縣水里鄉郡坑村,23.74048,120.85818,50,049-2621481,
光復國小教室,雲林縣虎尾鎮墾地里,23.741,120.40189,20,05-6326257-12,
樂活會館,花蓮縣鳳林鎮鳳智里,23.74122,121.44935,150,,
湖山社區活動中心,雲林縣斗六市湖山里,23.74141,120.55553,40,05-5572158,
溪洲國小,雲林縣斗六市溪洲里,23.74141,120.55553,200,,
來惠國民小學,雲林縣二崙鄉來惠村,23.7424,120.4163,500,05-5982995,1
鳳林鎮藝文中心,花蓮縣鳳林鎮鳳智里,23.7429,121.4472,300,,
土城里集會所,南投縣草屯鎮土城里,23.74349,120.98476,60,049-2552140,
鳳林國中進德堂,花蓮縣鳳林鎮鳳智里,23.7439,121.4488,350,03-8762021,
九芎國小,雲林縣林內鄉九芎村,23.7441,120.6031,75,,1
鳳林鎮公所,花蓮縣鳳林鎮鳳智里,23.7447,121.4518,80,03-8762772,
吳厝國小,雲林縣西螺鎮九隆里,23.745,120.4229,120,55863074,1
吳厝里活動中心,雲林縣西螺鎮吳厝里,23.7456,120.4235,50,55862180,1
鹿谷鄉公所,南投縣鹿谷鄉鹿谷村,23.7457,120.7532,100,0492755720-115,
彰雅社區活動中心,南投縣鹿谷鄉彰雅村,23.7459,120.7559,200,049-2752638,1
"鳳禮,鳳智里活動中心",花蓮縣鳳林鎮鳳智里,23.746,121.451,60,03-8763910,1
凍頂集會所,南投縣鹿谷鄉彰雅村,23.7466,120.7685,200,049-2752638,1
十三社區活動中心,雲林縣斗六市十三里,23.74663,120.56937,40,05-5516606,
鎮南宮餐廳,雲林縣麥寮鄉麥豐村,23.7469,120.2518,665,6932318,
拱範宮停車場香客大樓,雲林縣麥寮鄉麥豐村,23.7469,120.2554,,6932033,
??里集會所,南投縣竹山鎮??里,23.7469,120.6758,100,049-2656135,
九芎活動中心,雲林縣林內鄉九芎村,23.7471,120.6008,30,05-5893175,
公館里活動中心,雲林縣西螺鎮公?里,23.7474,120.4533,50,55862446,1
興華社區活動中心,雲林縣麥寮鄉興華村,23.7479,120.2948,180,05-6932075,
鹿谷社區活動中心,南投縣鹿谷鄉鹿谷村,23.7489,120.7527,200,049-2752177,1
鳳義社區活動中心,花蓮縣鳳林鎮鳳義里,23.7491,121.4393,50,03-8763004,
鹿場里活動中心,雲林縣西螺鎮鹿場里,23.7498,120.4735,50,55842164,1
鳳仁社區活動中心,花蓮縣鳳林鎮鳳仁里,23.7498,121.452,50,03-8763174,
莿桐國中,雲林縣莿桐鄉莿桐村,23.75001,120.50767,100,05-5842014,1
新生社區活動中心,南投縣竹山鎮中山里,23.7503,120.676,150,933419458,
永隆社區活動中心,南投縣鹿谷鄉永隆村,23.7508,120.7766,300,049-2755589,1
三和國民小學,雲林縣二崙鄉三和村,23.7511,120.406,500,05-5982795,1
坪頂製茶中心,雲林縣林內鄉坪頂村,23.7511,120.6373,50,05-5892366,1
鳳仁國小羽球館,花蓮縣鳳林鎮鳳仁里,23.7512,121.4518,300,03-8762201,
九隆里活動中心,雲林縣西螺鎮九隆里,23.7522,120.4328,50,55872551,1
榮村社區活動中心,雲林縣莿桐鄉埔子村,23.75228,120.51352,70,05-5842791,1
桂林里集會所,南投縣竹山鎮桂林里,23.7523,120.6914,100,049-2633333,
大榮2村社區活動中心,花蓮縣鳳林鎮大榮里,23.7523,121.4676,50,03-8763419,
大榮1村社區活動中心,花蓮縣鳳林鎮大榮里,23.7523,121.4676,50,03-8763419,
霄仁社區活動中心,雲林縣麥寮鄉瓦?村,23.753,120.2747,100,05-6932569,1
淵明國中,雲林縣林內鄉林中村,23.7537,120.6144,200,,1
麥寮國小活動中心,雲林縣麥寮鄉麥津村,23.7538,120.2448,200,6932266,
包公廟,南投縣竹山鎮中正里,23.754,120.6854,40,049-2644377,
林中國小,雲林縣林內鄉林中村,23.7549,120.6153,100,,
靈德廟城隍廟,南投縣竹山鎮竹山里,23.7549,120.6857,120,049-2644119,
興天宮,南投縣竹山鎮桂林里,23.7549,120.6971,50,972185885,
中正社區活動中心,南投縣竹山鎮桂林里,23.7553,120.6967,60,049-2642278,
東興國小,雲林縣崙背鄉羅厝村,23.75575,120.37405,27,05-6962164,
賜福宮,雲林縣二崙鄉田尾村,23.7558,120.4159,200,05-5987750,1
七座里活動中心,雲林縣西螺鎮七座里,23.7559,120.4445,50,55862448,1
竹山鎮第一公有零售市場,南投縣竹山鎮竹山里,23.75611,120.68302,80,049-2643955,
延山社區活動中心,南投縣竹山鎮延山里,23.7562,120.7252,50,049-2651922,
林內國中,雲林縣林內鄉烏麻村,23.7563,120.5935,100,,1
雲林國小活動中心,南投縣竹山鎮雲林里,23.7568,120.677,150,049-2643321,
成功國小,雲林縣林內鄉坪頂村,23.7569,120.6403,30,05-5862090,1
祖師公廟三坪院,南投縣竹山鎮竹山里,23.757,120.6861,40,049-2642987,
莿桐國小,雲林縣莿桐鄉莿桐村,23.7572,120.49762,299,05-5842065,1
中崎社區活動中心,南投縣竹山鎮中崎里,23.7575,120.6687,50,049-2651938,
崙背鄉立幼兒園,雲林縣崙背鄉南陽村,23.7578,120.3456,300,05-6962054,1
崙背國中,雲林縣崙背鄉南陽村,23.758,120.3489,882,05-6962013,1
羅厝村活動中心,雲林縣崙背鄉羅厝村,23.758,120.3673,38,05-6962054,1
林南活動中心,雲林縣林內鄉林南村,23.7585,120.6166,30,05-5895058,
延祥社區活動中心,南投縣竹山鎮延祥里,23.7587,120.7022,50,049-2647866,
崙背國小,雲林縣崙背鄉南陽村,23.75898,120.34721,2267,05-6962004,1
林內國小,雲林縣林內鄉林南村,23.7595,120.6175,300,,
興華國小活動中心,雲林縣麥寮鄉興華村,23.7597,120.2882,100,6932574,1
延和國中活動中心,南投縣竹山鎮延和里,23.7603,120.6953,50,049-2658641,
竹圍里集會所,南投縣竹山鎮竹圍里,23.7605,120.682,40,049-2652406,
奉天宮,雲林縣崙背鄉東明村,23.76076,120.35343,225,05-6962540,1
莿桐鄉公所4樓禮堂,雲林縣莿桐鄉莿桐村,23.7609,120.5027,50,05-5844661,1
莿桐鄉公所4樓禮堂,雲林縣莿桐鄉莿桐村,23.76103,120.50247,64,05-5844661,1
延和里集會所,南投縣竹山鎮延和里,23.7616,120.6899,70,049-2653442,
竹山國小齊賢館,南投縣竹山鎮延和里,23.7618,120.6875,100,049-2647440,
崙背鄉公所,雲林縣崙背鄉東明村,23.7619,120.35926,75,05-6962054,1
天衡宮,雲林縣崙背鄉東明村,23.7619,120.3573,100,05-6962249,1
三界公廟,南投縣竹山鎮下坪里,23.7619,120.6849,150,933563722,
順安宮,雲林縣崙背鄉西榮村,23.76252,120.34865,150,05-6962336,1
下湳里活動中心,雲林縣西螺鎮下湳里,23.7632,120.4358,50,55862447,1
大有國小,雲林縣崙背鄉大有村,23.76377,120.30872,306,05-6962741,1
重興國小,雲林縣林內鄉重興村,23.7641,120.5791,100,,1
"東明,西榮,南陽三村聯合活動中心",雲林縣崙背鄉西榮村,23.7645,120.3523,296,05-6962054,1
照靈廟,南投縣竹山鎮下坪里,23.7664,120.6758,50,910541123,
廣興國小,雲林縣西螺鎮廣興里,23.7669,120.4581,500,55863094,1
初鄉村集會所,南投縣鹿谷鄉初鄉村,23.7672,120.7365,200,049-2753219,1
北林3村社區活動中心,花蓮縣鳳林鎮北林里,23.7672,121.471,50,8761724,
海豐社區活動中心,雲林縣麥寮鄉海豐村,23.7675,120.2154,50,05-6932840,
民生國小,雲林縣林內鄉烏塗村,23.7677,120.5971,10,,1
東興里活動中心,雲林縣西螺鎮東興里,23.7678,120.4783,50,55862443,1
中和里集會所,南投縣竹山鎮中和里,23.768,120.6629,100,049-2642200,
延平國小活動中心,南投縣竹山鎮延平里,23.768,120.7071,150,049-2642450,
廣興里活動中心,雲林縣西螺鎮廣興里,23.7682,120.458,50,55862445,1
興中社區活動中心,雲林縣虎尾鎮興中里,23.7701,120.518,143,05-6331928,
頂湳里活動中心,雲林縣西螺鎮頂湳里,23.7706,120.4521,50,55862455,1
二崙國民小學,雲林縣二崙鄉崙東村,23.7722,120.413,1000,05-5982241,
崙後社區活動中心,雲林縣麥寮鄉崙後村,23.77236,120.26657,50,05-6938491,
油車國民小學,雲林縣二崙鄉港後村,23.773,120.4124,500,05-5982600,
延正里舊社區活動中心,南投縣竹山鎮延正里,23.773,120.6979,80,049-2641577,
埤頭里活動中心,雲林縣西螺鎮埤頭里,23.7731,120.4751,50,55862442,1
明禮國小活動中心,雲林縣麥寮鄉崙後村,23.7738,120.2656,50,6932244,
二崙國民中學,雲林縣二崙鄉崙西村,23.7738,120.4069,1500,05-5982020,1
重興活動中心,雲林縣林內鄉重興村,23.7738,120.584,30,05-5897373,1
興貴社區活動中心,雲林縣莿桐鄉興貴村,23.77383,120.51899,63,05-5840786,1
楊厝社區活動中心,雲林縣麥寮鄉海豐村,23.7752,120.2448,50,6931906,
林中活動中心,雲林縣林內鄉林中村,23.7758,120.6113,30,05-5892537,
下坪社區活動中心,南投縣竹山鎮下坪里,23.776,120.6799,50,049-2652348,
饒平國小,雲林縣莿桐鄉饒平村,23.77773,120.5213,300,05-5842071,1
人和活動中心,南投縣信義鄉人和村,23.77904,120.89655,80,049-2776531,
文賢國小,雲林縣西螺鎮鹿場里,23.7793,120.4744,300,55863164,1
坪林台大實驗林?作站,南投縣水里鄉永興村,23.77942,120.842,100,049-2772223,
南平社區活動中心,花蓮縣鳳林鎮南平里,23.7817,121.4584,50,03-8771735,
水璉活動中心,花蓮縣壽豐鄉水璉村,23.7817,121.5472,41,03-8601055,1
延正里新社區活動中心,南投縣竹山鎮延正里,23.7827,120.6929,100,049-2641577,
秀峰社區活動中心,南投縣鹿谷鄉秀峰村,23.7831,120.7762,200,049-2671066,1
見晴國民小學,花蓮縣萬榮鄉見晴村,23.78351,121.45195,130,03-8771034,1
雙龍活動中心,南投縣信義鄉雙龍村,23.7837,120.94769,100,,1
永興社區活動中心,南投縣水里鄉永興村,23.78397,120.86244,300,049-2772223,
雙龍國小,南投縣信義鄉雙龍村,23.7853,120.9502,100,049-2741325,
陽明國小,雲林縣崙背鄉水尾村,23.78598,120.35524,56,05-6967670,1
後安社區活動中心,雲林縣麥寮鄉後安村,23.786,120.2393,62,6932809,1
新安里活動中心,雲林縣西螺鎮新安里,23.7865,120.4491,50,55862440,1
振興里活動中心,雲林縣西螺鎮振興里,23.7879,120.4734,50,55870733,1
文興國小,雲林縣西螺鎮新安里,23.7882,120.4461,300,55863174,1
雙龍天主教,南投縣信義鄉雙龍村,23.78947,120.94538,200,049-2742077,1
迪巴恩基督長老教會,南投縣信義鄉雙龍村,23.78996,120.9452,100,049-2741295,
福田里活動中心,雲林縣西螺鎮福田里,23.7906,120.4406,50,55862454,1
大新國小,雲林縣西螺鎮大新里,23.7909,120.4873,500,55862974,1
大新里活動中心,雲林縣西螺鎮大新里,23.7912,120.4872,50,55862449,1
豐榮國小,雲林縣崙背鄉豐榮村,23.79152,120.3123,675,05-6962006,1
清水社區活動中心,南投縣鹿谷鄉清水村,23.7919,120.7833,250,049-2671888,1
中和國小,雲林縣崙背鄉草湖村,23.79229,120.33041,27,05-6962384,1
西螺國中,雲林縣西螺鎮漢光里,23.7928,120.4601,600,55863522,1
示範托兒所,雲林縣西螺鎮正興里,23.7933,120.4633,200,55866221,1
青雲活動中心,南投縣信義鄉地利村,23.79354,120.94386,100,049-2742526,1
漢光里活動中心,雲林縣西螺鎮漢光里,23.7936,120.4569,50,55872446,1
地利國小,南投縣信義鄉地利村,23.79383,120.94333,50,049-2741254,1
西螺農工,雲林縣西螺鎮大園里,23.7946,120.471,700,55862024,1
波石活動中心,南投縣信義鄉人和村,23.79482,120.92139,100,049-2741092,
合興村活動中心,彰化縣二水鄉合興村,23.79488,120.64254,127,04-8793962,
米棧活動中心,花蓮縣壽豐鄉米棧村,23.7951,121.5243,34,03-8741367,1
施厝聯合活動中心,雲林縣麥寮鄉施厝村,23.7953,120.2824,100,05-6913191,
中山國小,雲林縣西螺鎮廣福里,23.7953,120.4653,500,55862039,1
永定國民小學,雲林縣二崙鄉永定村,23.7959,120.4198,500,05-5982796,1
舊圖書館,雲林縣西螺鎮廣福里,23.7965,120.4655,200,55864334,1
民和社區活動中心,南投縣水里鄉民和村,23.79709,120.92451,200,049-2741785,
民和國中禮堂,南投縣水里鄉民和村,23.79709,120.92451,500,049-2741138,
三盛社區活動中心,雲林縣麥寮鄉三盛村,23.7975,120.2649,100,05-6911737,1
中興活動中心,雲林縣麥寮鄉中興村,23.79788,120.22924,100,05-6916230,
橋頭國小活動中心,雲林縣麥寮鄉橋頭村,23.79789,120.27387,200,05-6912707,
倡和村活動中心,彰化縣二水鄉倡和村,23.79791,120.64919,65,04-8793492,
西螺鎮公所,雲林縣西螺鎮廣福里,23.798,120.4654,400,55863203,1
安定國小,雲林縣西螺鎮安定里,23.7982,120.4393,300,55863154,1
大園里活動中心,雲林縣西螺鎮大園里,23.7983,120.4725,50,55875052,1
頂崁社區活動中心,南投縣水里鄉頂崁村,23.79875,120.86583,100,049-2775391,
河南里活動中心,雲林縣西螺鎮河南里,23.7995,120.4414,50,55862451,1
文昌國小,雲林縣西螺鎮中興里,23.7996,120.4489,500,55862013,1
詔安里活動中心,雲林縣西螺鎮詔安里,23.7997,120.4456,50,55862450,1
安定里活動中心,雲林縣西螺鎮安定里,23.7998,120.4394,50,55862453,1
源泉國小活動中心,彰化縣二水鄉大園村,23.8,120.6424,80,04-8792304,1
修仁村活動中心,彰化縣二水鄉修仁村,23.80006,120.6315,131,04-8790236,
二水鄉公所,彰化縣二水鄉裕民村,23.8003,120.6309,60,04-8794598,1
禪和宮,雲林縣二崙鄉庄西村,23.8006,120.3637,200,05-5983879,1
西螺福興宮,雲林縣西螺鎮福興里,23.8013,120.4608,120,05-5865490,1
聯合里辦公處,雲林縣西螺鎮福興里,23.8018,120.4599,100,55864354,1
東南國中,雲林縣西螺鎮中興里,23.8028,120.4548,600,55874171,1
林榮社區活動中心,花蓮縣鳳林鎮林榮里,23.8035,121.45,50,03-8771014,
永豐社區活動中心,南投縣水里鄉永豐村,23.8043,120.85722,300,049-2771352,
大園村活動中心,彰化縣二水鄉大園村,23.80477,120.63726,108,04-8791318,
瑞田社區活動中心,南投縣鹿谷鄉瑞田村,23.8048,120.7929,250,049-2671056,1
上安社區老人會館,南投縣水里鄉上安村,23.80656,120.83573,50,932552166,
上安社區活動中心,南投縣水里鄉上安村,23.80656,120.83573,200,911663799,
玉峰社區活動中心,南投縣水里鄉玉峰村,23.80656,120.83573,400,049-2777123,
雷厝活動中心,雲林縣麥寮鄉雷厝村,23.8067,120.2891,50,05-6912059,
惠民村活動中心,彰化縣二水鄉惠民村,23.80692,120.63228,127,04-8793788,
受玄宮,彰化縣二水鄉裕民村,23.80748,120.61822,160,04-8793824,
新吉社區活動中心,雲林縣麥寮鄉新吉村,23.8076,120.2763,30,6912945,
海豐村活動中心,彰化縣二水鄉上豊村,23.80827,120.63119,53,04-8792363,
社寮國中教室及活動中心,南投縣竹山鎮山崇里,23.8095,120.7205,100,049-2622010,
二水村活動中心,彰化縣二水鄉二水村,23.80974,120.61582,21,04-8790512,
圖書館二樓,彰化縣二水鄉聖化村,23.80996,120.61665,114,04-8794333,
水里國小禮堂,南投縣水里鄉南光村,23.81008,120.85475,500,049-2770014,
水里國中體育館,南投縣水里鄉鉅工村,23.81102,120.85705,500,049-2772141,
水里鄉公所,南投縣水里鄉鉅工村,23.81132,120.85608,200,049-2772141,
文化村活動中心,彰化縣二水鄉文化村,23.81162,120.61878,56,04-8792166,
中州國小活動中心,南投縣竹山鎮中央里,23.8118,120.738,80,049-2622625,
三村集會所,南投縣水里鄉北埔村,23.81223,120.85369,100,049-2772141,
第三立體停車場三樓,南投縣水里鄉北埔村,23.81304,120.85301,500,049-2771493,
富州社區活動中心,南投縣竹山鎮富州里,23.8141,120.747,50,049-2622012,
光化村活動中心,彰化縣二水鄉光化村,23.81428,120.61597,64,04-8796929,
潮洋國小,彰化縣溪州鄉潮洋村,23.8143,120.5195,42,04-8803059,1
中央社區活動中心,南投縣竹山鎮中央里,23.8145,120.7334,43,049-2622252,
五伯村活動中心,彰化縣二水鄉五伯村,23.81486,120.61211,31,04-8795951,
中央社區活動中心,南投縣水里鄉中央村,23.81491,120.85213,500,049-2772141,
大庄國小,彰化縣溪州鄉大庄村,23.816,120.5675,42,04-8802438,1
日月潭特色遊學中心原光明國小,南投縣魚池鄉武登村,23.8169,120.8851,30,049-2861122,
水里鄉農會倉庫,南投縣水里鄉農富村,23.81723,120.85415,300,049-2772141,
社寮社區活動中心,南投縣竹山鎮社寮里,23.8174,120.7223,80,049-2624653,
義民廟,南投縣水里鄉城中村,23.81742,120.8488,20,049-2770255,
潭南活動中心,南投縣信義鄉潭南村,23.81746,120.94012,40,049-2741561,
新民村集會所,南投縣名間鄉新民村,23.8185,120.6924,30,049-2731896,
過圳村活動中心,彰化縣二水鄉過圳村,23.81861,120.60749,64,04-8796327,
憫世寶宮,南投縣水里鄉水里村,23.81873,120.85223,300,049-2770228,
溪口活動中心,花蓮縣壽豐鄉溪口村,23.8195,121.4734,50,03-8652809,1
成城國小會議室、105-106、201-208教室,南投縣水里鄉新城村,23.81969,120.84839,400,049-2770140,
埔中村民眾活動中心,南投縣名間鄉埔中村,23.821,120.6436,30,,
潭南國小,南投縣信義鄉潭南村,23.82142,120.93987,60,049-2741381,1
頭社社區活動中心會所三聖宮,南投縣魚池鄉頭社村,23.8234,120.908,50,049-2861789,1
合和村活動中心,彰化縣二水鄉合和村,23.8235,120.61247,142,04-8796603,
成功國小,彰化縣溪州鄉成功村,23.8261,120.5448,42,04-8802225,1
三條國小,彰化縣溪州鄉三條村,23.8269,120.4945,42,04-8895080,1
炭寮村集會所,南投縣名間鄉炭寮村,23.8284,120.679,50,049-2734560,
十五村活動中心,彰化縣二水鄉十五村,23.8286,120.6015,22,04-8745687,
復興村活動中心,彰化縣二水鄉復興村,23.82955,120.60478,113,04-8795888,
濁水村集會所,南投縣名間鄉濁水村,23.8308,120.7121,40,049-2732409,
車埕國小禮堂,南投縣水里鄉車埕村,23.83157,120.86569,200,049-2771447,
集集里里集會所暨社區活動中心,南投縣集集鎮集集里,23.83164,120.78529,50,049-2764076,
英文堂廣場,南投縣魚池鄉武登村,23.8318,120.894,25,049-2895371,
昭天宮廣場,彰化縣田中鎮大崙里,23.83188,120.5949,181,04-8761122,
水尾國小,彰化縣溪州鄉水尾村,23.8319,120.4716,42,04-8892442,1
車埕社區活動中心,南投縣水里鄉車埕村,23.83362,120.86443,50,049-2772141,
松嶺社區活動中心,南投縣名間鄉松山村,23.8342,120.6339,60,,
永昌里里集會所暨社區活動中心,南投縣集集鎮永昌里,23.83455,120.81704,20,049-2761181,
松柏村集會所,南投縣名間鄉松柏村,23.8346,120.6355,40,049-2581563,
豐坪活動中心,花蓮縣壽豐鄉豐坪村,23.8351,121.5096,32,03-8652803,1
崁腳村民眾活動中心,南投縣名間鄉崁腳村,23.8353,120.66,30,049-2582662,
聯勤兵整中心,南投縣集集鎮田寮里,23.8363,120.7509,300,049-2781439549512,1
南雅村集會所,南投縣名間鄉南雅村,23.83701,120.70284,20,049-2737221,
頭社國小,南投縣魚池鄉頭社村,23.8373,120.9027,75,049-2861237,
田頭國小,彰化縣竹塘鄉田頭村,23.83731,120.44887,200,04-8972189,1
公所中山堂,南投縣名間鄉中正村,23.8382,120.7033,50,2732116-111,
圳寮國小,彰化縣溪州鄉圳寮村,23.8391,120.5229,42,04-8802165,1
永光國小,彰化縣大城鄉公館村,23.83961,120.30032,100,8941640,
大安國小,彰化縣田中鎮三安里,23.84061,120.59438,181,,1
樹湖活動中心,花蓮縣壽豐鄉樹湖村,23.8407,121.4692,38,03-8652810,1
中山村集會所,南投縣名間鄉中山村,23.8419,120.6932,50,049-2731889,
羅厝國小,彰化縣埔心鄉羅厝村,23.842,120.51,100,048-296249-31,
萬安宮,彰化縣大城鄉山腳村,23.84215,120.31032,100,8943605,
上山社區活動中心,彰化縣大城鄉上山村,23.84219,120.31803,100,8941155,
新厝村集會所,南投縣名間鄉新厝村,23.8427,120.6591,60,049-2732768,
成功國小西畔分校,彰化縣溪州鄉西畔村,23.8429,120.5399,42,04-8802179,1
僑義國小,彰化縣溪州鄉溪厝村,23.8442,120.4791,33,04-8892244,1
樹腳社區活動中心,彰化縣竹塘鄉樹腳村,23.8443,120.44777,50,8970067,
臺西社區活動中心,彰化縣大城鄉頂庄村,23.84441,120.27257,100,919811567,
豐山國小,花蓮縣壽豐鄉豐山村,23.8464,121.4918,50,03-8651640,1
新廣社區活動中心,彰化縣竹塘鄉新廣村,23.84649,120.43013,100,8972978,1
三崙社區活動中心,南投縣名間鄉三崙村,23.8468,120.6367,30,,
長安國小,彰化縣竹塘鄉長安村,23.84734,120.38667,100,04-8972694,1
豐山活動中心,花蓮縣壽豐鄉豐山村,23.8478,121.4936,47,03-8652801,1
頂庄國小,彰化縣大城鄉頂庄村,23.84834,120.28245,100,8945107,
德化國小,南投縣魚池鄉日月村,23.8485,120.9355,150,049-2850441,
土庫國小,彰化縣竹塘鄉土庫村,23.84954,120.40945,100,04-8972140,1
竹圍社區活動中心,彰化縣埤頭鄉竹圍村,23.85022,120.45456,50,04-8893621,
溪州國中,彰化縣溪州鄉溪州村,23.8504,120.4951,78,04-8895054,1
弓鞋社區活動中心,南投縣名間鄉三崙村,23.8504,120.6262,30,,
沙崙社區活動中心,彰化縣田中鎮沙崙里,23.8511,120.58307,181,8761122,1
老人文康活動中心,彰化縣溪州鄉溪州村,23.85124,120.49778,42,04-8891384,
溪州國小,彰化縣溪州鄉尾厝村,23.8526,120.4971,584,04-8895013,1
大城國中,彰化縣大城鄉大城村,23.8529,120.324,100,048-942980-13,1
大城演藝廳,彰化縣大城鄉大城村,23.853,120.3203,100,048-942980-13,1
大城國小,彰化縣大城鄉東城村,23.853,120.3203,100,048-942980-13,1
南州國小,彰化縣溪州鄉溪州村,23.853,120.4909,363,04-8892224,1
彰化縣田中鎮內安國民小學,彰化縣田中鎮新庄里,23.8537,120.5997,100,04-8761122259,1
新民國小,彰化縣田中鎮新民里,23.85428,120.58567,181,8761122,1
大新國小,彰化縣北斗鎮大新里,23.85495,120.55724,440,,1
西林社區活動中心,花蓮縣萬榮鄉西林村,23.85529,121.34274,100,03-8771524,1
陸嘉社區活動中心,彰化縣埤頭鄉陸嘉村,23.85566,120.47071,15,04-8890399,
仁和村集會所,南投縣名間鄉仁和村,23.8562,120.7057,50,049-2734156,
新庄社區活動中心,彰化縣田中鎮新庄里,23.85654,120.59425,141,8761122,1
田中鎮立圖書館,彰化縣田中鎮中路里,23.85663,120.58869,320,8761122,1
廈新社區活動中心,南投縣名間鄉新光村,23.8568,120.6758,40,,
彰化縣立景崧文化教育園區-龍江館,彰化縣田中鎮梅州里,23.8571,120.5821,150,04-8761122259,1
田中國小,彰化縣田中鎮南路里,23.85734,120.58749,272,8761122,1
西林天主堂,花蓮縣萬榮鄉西林村,23.8576,121.3593,100,03-8771524,1
竹圍村社區活動中心,南投縣名間鄉竹圍村,23.8582,120.6382,50,,
赤水社區活動中心,南投縣名間鄉赤水村,23.8595,120.6317,20,049-2271283,
新庄社區活動中心,彰化縣埤頭鄉新庄村,23.85974,120.4837,20,04-8892001,
竹林社區活動中心,彰化縣竹塘鄉竹林村,23.86039,120.40292,50,8973473,1
大坑村集會所,南投縣名間鄉大坑村,23.8605,120.6578,60,049-2271297,
田中鎮公所公共造產公有第一零售市場,彰化縣田中鎮東路里,23.8606,120.585,150,,1
西港國小二樓,彰化縣大城鄉東港村,23.861,120.28653,100,8941029,
竹塘國小,彰化縣竹塘鄉竹塘村,23.86103,120.42877,200,04-8972039,1
田中鎮民活動中心,彰化縣田中鎮西路里,23.86149,120.5808,75,8761122,1
虎坑社區活動中心,南投縣名間鄉東湖村,23.8622,120.6955,60,049-2732508,
幸福國小,桃園市龜山區幸福里,23.86295,120.97192,200,,1
楓樹國小,桃園市龜山區楓樹里,23.86295,120.97192,200,,
東仁社區活動中心,南投縣名間鄉東湖村,23.8652,120.7,60,049-2734896,
三潭國小,彰化縣田中鎮北路里,23.8655,120.5862,272,8761122,1
大湖社區活動中心,彰化縣埤頭鄉大湖村,23.8659,120.4528,40,48922117,1
中和社區活動中心,彰化縣北斗鎮中和里,23.8661,120.5462,150,,1
明潭國小,南投縣魚池鄉水社村,23.8674,120.9098,100,049-2855045,
東和國小,彰化縣田中鎮復興里,23.86748,120.6062,181,04-8761122,1
龍潭社區活動中心,彰化縣田中鎮龍潭里,23.86762,120.58081,121,8761122,1
月眉國小,花蓮縣壽豐鄉月眉村,23.86797,121.55638,50,03-8631011,1
月眉國小-米棧分校,花蓮縣壽豐鄉米棧村,23.8681,121.5564,45,03-8741270,1
明潭國中,南投縣魚池鄉水社村,23.8684,120.9113,150,049-2855145,
壽豐活動中心,花蓮縣壽豐鄉壽豐村,23.8691,121.5099,13,03-8652805,1
菜寮社區活動中心,彰化縣大城鄉菜寮村,23.8691,120.31241,100,8943605,
共和活動中心,花蓮縣壽豐鄉共和村,23.8693,121.5308,31,03-8652804,1
元埔社區活動中心,彰化縣埤頭鄉元埔村,23.8695,120.50333,35,04-8925036,
田仔社區活動中心,南投縣名間鄉田仔村,23.8702,120.6751,50,,
萬來國小,彰化縣北斗鎮西德里,23.8703,120.5221,500,,1
壽豐鄉公所,花蓮縣壽豐鄉壽豐村,23.8704,121.5091,50,03-8654110,1
文化中心,花蓮縣壽豐鄉壽豐村,23.8704,121.5091,50,03-8652131-122,1
芙朝社區活動中心,彰化縣埤頭鄉芙朝村,23.87069,120.48211,25,04-8925723,
螺青國小,彰化縣北斗鎮東光里,23.87114,120.53431,440,04-8882031,1
鹽寮活動中心,花蓮縣壽豐鄉鹽寮村,23.87139,121.59829,15,03-8671123,1
北斗鎮公所,彰化縣北斗鎮西德里,23.8714,120.5218,70,,1
大庄村集會所,南投縣名間鄉大庄村,23.8722,120.6551,30,049-2271189,
錦梓社區活動中心,南投縣名間鄉赤水村,23.8734,120.6324,40,,
五庄社區活動中心,彰化縣竹塘鄉五庄村,23.87349,120.4316,50,8971939,1
彰化縣田中鎮明禮國民國小,彰化縣田中鎮三光里,23.8755,120.5661,100,04-8742344,
北斗國小,彰化縣北斗鎮新政里,23.87576,120.52328,230,,1
三光社區活動中心,彰化縣田中鎮三光里,23.8759,120.56697,70,8761122,1
北斗國中,彰化縣北斗鎮大道里,23.87593,120.52159,170,,1
螺陽國小,彰化縣北斗鎮西安里,23.87624,120.51472,420,,1
中寮社區活動中心,南投縣中寮鄉中寮村,23.8763,120.7732,30,049-2694162,1
崁頂社區活動中心,南投縣中寮鄉崁頂村,23.8763,120.7732,50,049-2691164,1
下社區活動中心,南投縣名間鄉?下村,23.8764,120.6355,60,,
中寮社區活動中心,彰化縣北斗鎮中寮里,23.8781,120.5109,310,921492658,
北斗家商,彰化縣北斗鎮大道里,23.8785,120.5221,470,04-8882224,1
內城社區活動中心,南投縣中寮鄉內城村,23.879,120.7628,100,049-2601662,1
豐美社區活動中心,彰化縣大城鄉豐美村,23.87919,120.30681,100,8943756,
新街村集會所,南投縣名間鄉新街村,23.8797,120.6934,20,049-2241087,
仙樂社區活動中心,南投縣中寮鄉八仙村,23.8798,120.7641,50,049-2691425,1
埤頭國中,彰化縣埤頭鄉崙腳村,23.88011,120.46026,50,04-8922004,
頂興社區活動中心,南投縣中寮鄉廣興村,23.8805,120.7724,50,049-2691848,1
光榮活動中心,花蓮縣壽豐鄉光榮村,23.8817,121.5143,39,03-8652806,1
大林村集會所,南投縣魚池鄉大林村,23.8823,120.9442,25,049-2898327,
萬丹社區活動中心,南投縣名間鄉萬丹村,23.8827,120.7063,50,049-2237938,
爽文老人活動中心,南投縣中寮鄉龍岩村,23.8828,120.7992,100,049-2603698,1
金安老人會館,南投縣魚池鄉中明村,23.8834,120.9233,30,049-2899147,
平和活動中心,花蓮縣壽豐鄉平和村,23.8837,121.5197,49,03-8661801,1
睦宜社區活動中心,彰化縣田尾鄉睦宜村,23.88405,120.54916,42,04-8832171133,1
新興老人會館,南投縣水里鄉新興村,23.88487,120.87271,500,049-2772141,
天乙宮,彰化縣田尾鄉饒平村,23.88512,120.52711,90,04-8832171133,1
八仙社區活動中心,南投縣中寮鄉八仙村,23.8857,120.7572,50,049-2691425,1
老人文康中心,彰化縣竹塘鄉民靖村,23.8864,120.41144,100,048-972001-112,1
南鎮國小,彰化縣田尾鄉南鎮村,23.88653,120.5607,150,,1
大林社區活動中心,南投縣魚池鄉大林村,23.8872,120.949,25,049-2898327,
五城村活動中心,南投縣魚池鄉五城村,23.8874,120.8879,75,049-2897466,
鄉立托兒所,彰化縣埤頭鄉平原村,23.8888,120.4601,40,48927183,
清聖宮,彰化縣社頭鄉清水村,23.88888,120.60595,300,04-8732621164,
仁里社區活動中心,彰化縣田尾鄉仁里村,23.88898,120.53411,84,04-8832171133,1
花與樹博物館,彰化縣田尾鄉饒平村,23.88898,120.53411,350,04-8832171133,1
老人文康中心,彰化縣埤頭鄉平原村,23.889,120.46,25,48922117,1
永安社區活動中心,南投縣中寮鄉復興村,23.8892,120.7369,50,049-2694508,1
新生社區活動中心,彰化縣田尾鄉新生村,23.88931,120.54872,84,04-8832171133,1
四武宮辦公室,彰化縣埤頭鄉和豊村,23.88978,120.48728,30,04-8910078,1
社頭鄉公所大禮堂,彰化縣社頭鄉仁雅村,23.8898,120.585,50,04-8732621,1
東光村避難所,南投縣魚池鄉東光村,23.8898,120.9665,25,049-2880523,
福田社區活動中心,彰化縣田尾鄉福田村,23.88999,120.56271,60,04-8832171133,1
東光國小,南投縣魚池鄉東光村,23.8905,120.9667,200,049-2880523,
五城國小,南投縣魚池鄉五城村,23.8909,120.8891,100,049-2896455,
正義社區活動中心,彰化縣田尾鄉正義村,23.89178,120.51676,34,04-8832171133,1
田尾國小,彰化縣田尾鄉饒平村,23.89188,120.52859,500,,1
南鎮社區活動中心,彰化縣田尾鄉南鎮村,23.89214,120.55477,78,04-8832171133,1
中明活動中心,南投縣魚池鄉中明村,23.8922,120.9206,25,049-2899147,
永和社區活動中心,南投縣中寮鄉永和村,23.8925,120.7764,50,049-2601318,1
埤頭國小,彰化縣埤頭鄉埤頭村,23.8925,120.47835,50,04-8922019,
永興里災民收容所社區活動中心,南投縣南投市永興里,23.8926,120.6389,150,049-2235456,1
南曾社區活動中心,彰化縣田尾鄉南曾村,23.89274,120.53417,84,04-8832171133,1
嘉和里災民收容所嘉和里神木社區活動中心,南投縣南投市嘉和里,23.8928,120.6696,100,049-2222110,1
社頭鄉老人文康活動中心,彰化縣社頭鄉舊社村,23.893,120.595,150,04-8732621,1
千秋里災民收容所社區活動中心,南投縣南投市千秋里,23.893,120.706,150,049-2227180,1
圖書館一樓,彰化縣埤頭鄉合興村,23.8933,120.4587,40,48927904,1
中和國小活動中心,彰化縣埤頭鄉中和村,23.8933,120.4587,50,48922117,1
三豐社區活動中心,彰化縣大城鄉三豐村,23.89353,120.29917,100,8986158,
合興國小,彰化縣埤頭鄉合興村,23.89407,120.45943,50,04-8922030,
北曾社區活動中心,彰化縣田尾鄉北曾村,23.89483,120.53401,90,04-8832171133,1
爽文社區活動中心,南投縣中寮鄉爽文村,23.8949,120.7244,100,049-2602430,1
嘉和里、嘉興里災民收容所嘉和里集會所,南投縣南投市嘉和里,23.8955,120.6871,250,049-2231475,1
嘉和里災民收容所嘉和里集會所,南投縣南投市嘉和里,23.8955,120.6871,250,049-2234543,1
路上國小,彰化縣芳苑鄉路上村,23.8961,120.3283,150,04-8982014,1
中興國小,彰化縣二林鎮華崙里,23.8963,120.427,100,04-8683458,1
永芳社區活動中心,南投縣中寮鄉永芳村,23.8966,120.7145,50,049-2601938,1
社頭鄉運動公園體育館,彰化縣社頭鄉美雅村,23.8968,120.5858,500,04-8732621,1
北鎮社區活動中心,彰化縣田尾鄉北鎮村,23.89733,120.55214,78,04-8832171133,1
溪頂社區活動中心,彰化縣田尾鄉溪頂村,23.8974,120.50814,45,04-8832171133,1
田尾社區活動中心,彰化縣田尾鄉田尾村,23.8974,120.50814,84,04-8832171133,1
社頭國小,彰化縣社頭鄉仁雅村,23.89744,120.58445,300,04-8732621164,
二林鎮鎮立幼兒園,彰化縣二林鎮豐田里,23.8976,120.3707,200,04-8952421,1
興華社區活動中心,彰化縣二林鎮興華里,23.89814,120.36638,75,48966058,
萬興國中,彰化縣二林鎮振興里,23.89814,120.36638,121,48681593,
圓和宮,彰化縣二林鎮趙甲里,23.89814,120.36638,121,48961129,
民眾活動中心,彰化縣二林鎮頂厝里,23.89814,120.36638,121,48961062,
育德國小,彰化縣二林鎮外竹里,23.89814,120.36638,121,48968055,
梅芳社區活動中心,彰化縣二林鎮梅芳里,23.89814,120.36638,151,48683288,
慈靈宮,彰化縣二林鎮西庄里,23.89814,120.36638,227,48682046,
廣福宮,彰化縣二林鎮後厝里,23.89814,120.36638,303,48967723,
東興社區活動中心,彰化縣二林鎮東興里,23.89814,120.36638,303,48956015,
麒麟宮代化堂集會所,南投縣魚池鄉東池村,23.8983,120.9396,50,049-2896817,1
永豐社區活動中心,彰化縣埤頭鄉永豊村,23.89847,120.45079,25,04-8923001,
新興社區活動中心,彰化縣田尾鄉新興村,23.89859,120.55839,90,04-8832171133,1
魚池國小,南投縣魚池鄉魚池村,23.899,120.9373,300,049-2895537,
長興長寮尾活動中心,南投縣魚池鄉共和村,23.8992,120.9533,50,049-2880168,
龍安社區活動中心,南投縣中寮鄉龍安村,23.8996,120.7592,50,049-2601314,1
月眉活動中心,花蓮縣壽豐鄉月眉村,23.8996,121.554,53,03-8631116,1
三鹿社區活動中心,臺中市沙鹿區三鹿里,23.89986,120.36482,224,04-26358251,1
二林國小,彰化縣二林鎮豐田里,23.8999,120.3716,200,,1
中正國小,彰化縣二林鎮南光里,23.8999,120.3773,150,04-8960145,1
新厝社區活動中心,彰化縣田尾鄉新厝村,23.9,120.50387,30,04-8832171133,1
原斗國小,彰化縣二林鎮原斗里,23.9005,120.3754,100,04-8902322,1
社頭國中,彰化縣社頭鄉廣興村,23.90127,120.58208,300,04-8732621164,
仁豐國小,彰化縣田尾鄉新厝村,23.90251,120.50823,100,04-8830347,1
三和里災民收容所里集會所,南投縣南投市三和里,23.9026,120.6859,250,049-2225041,1
豐田社區活動中心,彰化縣田尾鄉豐田村,23.90342,120.51087,60,04-8832171133,1
三興里災民收容所南投高商活動中心,南投縣南投市三興里,23.9039,120.6853,250,049-2222269,1
打簾社區活動中心,彰化縣田尾鄉打簾村,23.90487,120.52998,60,04-8832171133,
志學活動中心,花蓮縣壽豐鄉志學村,23.9053,121.5322,40,03-8661800,1
崇文里災民收容所南投國小活動中心,南投縣南投市崇文里,23.9058,120.6839,250,049-2222038,1
彰仁里災民收容所南投國小活動中心,南投縣南投市南投里,23.9058,120.6839,250,049-2222038,1
新城村避難所,南投縣魚池鄉新城村,23.9059,120.9259,50,049-2899669,
中寮國小活動中心,南投縣中寮鄉永平村,23.906,120.8067,100,049-2691322,1
新莊社區活動中心,彰化縣永靖鄉新莊村,23.90685,120.55391,26,8224149,
永靖國中,彰化縣永靖鄉瑚璉村,23.90685,120.55391,472,8221191-283,
原斗社區活動中心,彰化縣二林鎮原斗里,23.90728,120.43618,10,8902022,
西斗社區活動中心,彰化縣二林鎮西斗里,23.90728,120.43618,12,8903877,
東和里集會所,彰化縣二林鎮東和里,23.90728,120.43618,18,48961005,
大永社區活動中心,彰化縣二林鎮大永里,23.90728,120.43618,91,8902596,
東勢社區活動中心,彰化縣二林鎮東勢里,23.90728,120.43618,91,8902421,
新興宮,彰化縣二林鎮萬合里,23.90728,120.43618,136,8904637,
復豐社區活動中心,彰化縣二林鎮復豐里,23.90728,120.43618,151,8903832,
慈聖?,彰化縣二林鎮東華里,23.90728,120.43618,200,8902114,
南光社區活動中心,彰化縣二林鎮南光里,23.90728,120.43618,200,48961006,
中正村社區活動中心,南投縣仁愛鄉中正村,23.90732,120.98989,100,049-2926534,1
朝興國小,彰化縣社頭鄉朝興村,23.90829,120.60406,200,04-8732621164,
養靈社區活動養靈社區活動中心山楂腳,南投縣魚池鄉大雁村,23.9089,120.9149,25,049-2896856,
振興里災民收容所里辦公處,南投縣南投市振興里,23.9095,120.6961,100,049-2222483,1
仁和里災民收容所市區7里聯合辦公處,南投縣南投市仁和里,23.9101,120.6858,150,2237153,1
南投里災民收容所市區七里聯合辦公處,南投縣南投市仁和里,23.9101,120.6858,150,049-2244089,1
三民里災民收容所南投高中,南投縣南投市三民里,23.9105,120.6809,300,049-2231175,1
湳港社區活動中心,彰化縣永靖鄉湳港村,23.91093,120.54839,230,8221147,
五福社區活動中心,彰化縣永靖鄉五福村,23.91143,120.54108,67,8225153,
溪畔社區活動中心,彰化縣田尾鄉溪畔村,23.91225,120.53611,36,04-8832171133,1
福山里災民收容所社區活動中心,南投縣南投市福山里,23.9131,120.6376,150,049-229208,1
平和里災民收容所平和國小活動中心,南投縣南投市平和里,23.9132,120.6912,250,049-2222028,1
龍泉里災民收容所康壽國小活動中心,南投縣南投市康壽里,23.9133,120.6863,150,049-2243457,1
康壽里災民收容所康壽國小活動中心,南投縣南投市康壽里,23.9133,120.6863,150,049-2243457,1
漳和里災民收容所漳和里活動中心,南投縣南投市漳和里,23.9134,120.6738,150,2242848,1
漳和里災民收容所南投國中活動中心,南投縣南投市漳和里,23.9137,120.6769,250,049-2222549,1
武界基督長老教會,南投縣仁愛鄉法治村,23.91377,121.04274,200,,1
港西社區活動中心,彰化縣永靖鄉港西村,23.9141,120.54152,34,8223811,
漳興里災民收容所社區活動中心,南投縣南投市漳興里,23.9146,120.681,200,049-2227563,1
大雁村集會所,南投縣魚池鄉大雁村,23.9166,120.9193,25,049-2896856,
豐崙國小,彰化縣埤頭鄉豊崙村,23.9172,120.4602,50,48922117,1
陸豐國小,彰化縣田尾鄉陸豐村,23.91735,120.50504,120,,1
永南社區活動中心,彰化縣永靖鄉永南村,23.91832,120.5424,37,04-8231035,
福興社區活動中心,彰化縣永靖鄉福興村,23.91864,120.51351,37,8222265,
橋頭國小,彰化縣社頭鄉橋頭村,23.9187,120.57983,300,04-8732621164,
沛霖宮,彰化縣田尾鄉海豐村,23.9187,120.49837,80,04-8832171133,1
獨鰲社區活動中心,彰化縣永靖鄉獨鰲村,23.91902,120.53145,116,8248369,
共和國小,南投縣魚池鄉共和村,23.9192,120.9663,75,049-2880608,
池南活動中心,花蓮縣壽豐鄉池南村,23.9197,121.506,53,03-8641008,1
浮圳社區活動中心,彰化縣永靖鄉浮圳村,23.92005,120.56007,45,8221708,
湳雅國小,彰化縣社頭鄉湳雅村,23.92035,120.60144,300,04-8732621164,
崙美社區活動中心,彰化縣永靖鄉崙美村,23.92036,120.53862,96,8223100,
軍功里災民收容所里活動中心,南投縣南投市軍功里,23.9208,120.7003,150,049-2237088,1
後寮國小,彰化縣芳苑鄉後寮村,23.9209,120.3417,150,04-8983184,1
陸豐社區活動中心,彰化縣田尾鄉陸豐村,23.92094,120.50099,45,04-8832171133,1
張厝村集會所,彰化縣社頭鄉張厝村,23.92094,120.50099,50,04-8732621164,
平山里災民收容所平山里辦公處,南投縣南投市平山里,23.921,120.6749,150,049-2260565,1
甘霖宮,彰化縣永靖鄉永北村,23.92112,120.54133,50,04-8223408,
福盛社區活動中心,南投縣中寮鄉福盛村,23.9236,120.7318,50,049-2691561,1
東山里災民收容所觀音寺,南投縣南投市東山里,23.9238,120.7167,150,049-2222950,1
聖興宮,彰化縣永靖鄉永興村,23.92381,120.5699,197,8224248,
竹子社區活動中心,彰化縣永靖鄉竹子村,23.92446,120.50386,45,8240195,
鳳鳴里災民收容所鳳鳴國中禮堂,南投縣南投市鳳鳴里,23.9248,120.6397,250,049-2291831,1
四芳社區活動中心,彰化縣永靖鄉四芳村,23.92558,120.52249,73,8222465,
同安社區活動中心,彰化縣永靖鄉同安村,23.92567,120.52856,145,8222551,
光雲社區活動中心,彰化縣永靖鄉光雲村,23.92713,120.55562,88,8221460,
湳墘社區活動中心,彰化縣永靖鄉湳墘村,23.92828,120.53265,39,8222267,
同仁社區活動中心,彰化縣永靖鄉同仁村,23.92828,120.53265,43,8247678,
新興里災民收容所新豐國小禮堂,南投縣南投市新興里,23.9294,120.6724,250,049-2251804,1
麒麟國小,南投縣埔里鎮麒麟里,23.9304,120.99,280,049-2925941,1
崙子社區活動中心,彰化縣永靖鄉崙子村,23.93058,120.56631,35,8229052,
五汴社區活動中心,彰化縣永靖鄉五汴村,23.9307,120.55881,35,8237900,
西勢社區活動中心,彰化縣溪湖鎮西勢里,23.93123,120.47664,30,939529552,
愛蘭里集會所,南投縣埔里鎮愛蘭里,23.9314,120.9902,50,049-2984040-118,1
和興社區活動中心,南投縣中寮鄉和興村,23.9322,120.7501,50,049-2692989,1
內興里災民收容所德興國小活動中心,南投縣南投市內興里,23.9325,120.693,250,049-2359050,1
光華活動中心,花蓮縣吉安鄉光華村,23.934,121.578,37,8422057,1
義和村集會所,南投縣中寮鄉義和村,23.9349,120.7601,100,049-2220602,1
內新里災民收容所內新里集會所,南投縣南投市內新里,23.9357,120.6903,150,049-2390779,1
義和社區活動中心,南投縣中寮鄉義和村,23.9359,120.7589,50,049-2220602,1
港源社區五榖宮,南投縣國姓鄉南港村,23.9366,120.8663,50,2451892,1
龍岩村集會所,南投縣中寮鄉龍岩村,23.9376,120.7629,50,049-2603698,1
珠格里集會所,南投縣埔里鎮珠格里,23.9376,120.9584,30,049-2984040-118,1
太平國小,彰化縣埔心鄉太平村,23.93817,120.55267,200,8226049-102,
埔心鄉立幼兒園,彰化縣埔心鄉太平村,23.9385,120.5513,100,04-8242192-12,
永豐里災民收容所里辦公處,南投縣南投市永豐里,23.9385,120.6703,100,049-2253667,1
湳底社區活動中心,彰化縣溪湖鎮湳底里,23.9406,120.50725,30,04-8282055,
鳳山里災民收容所鳳山里集會所,南投縣南投市鳳山里,23.9409,120.6379,100,049-2292060,1
金龍宮,南投縣埔里鎮水頭里,23.9409,120.9707,30,049-2984040-107,1
媽厝國小,彰化縣溪湖鎮媽厝里,23.94107,120.49634,100,04-8854793,
清水社區活動中心,南投縣中寮鄉清水村,23.9415,120.7725,100,049-2602388,1
光明里災民收容所光復國小導師室地下室,南投縣南投市光明里,23.9416,120.7024,150,049-2332587,1
桃米里集會所,南投縣埔里鎮桃米里,23.9424,120.9269,50,049-2984040-118,1
營南里災民收容所營南里集會所,南投縣南投市營南里,23.9438,120.6754,150,049-2329087,1
福興里災民收容所福興里集會所永興宮,南投縣南投市福興里,23.94412,120.66577,50,049-2256727,1
水頭里集會所,南投縣埔里鎮水頭里,23.9446,120.9799,30,049-2984040-118,1
廣福國小活動中心,南投縣中寮鄉廣福村,23.9447,120.7883,100,049-2691464,1
美港社區活動中心,彰化縣大村鄉美港村,23.94482,120.56246,50,,1
溪南里集會所醒覺堂,南投縣埔里鎮溪南里,23.945,120.9567,60,049-2984040-118,
福興里災民收容所三玄宮,南投縣南投市福興里,23.9467,120.6593,150,049-2251580,1
永福社區活動中心,南投縣中寮鄉永福村,23.9471,120.791,50,049-2691519,1
萬豐國小,南投縣仁愛鄉萬豐村,23.94739,121.07602,200,2974123,
干城活動中心,花蓮縣吉安鄉干城村,23.9474,121.545,35,8526086,1
文蘭活動中心,花蓮縣秀林鄉文蘭村,23.9479,121.5068,100,955079056,1
舊館國小,彰化縣埔心鄉舊?村,23.94804,120.52593,600,8292025,
二林工商,彰化縣二林鎮豐田里,23.9482,120.4428,200,,1
大庭社區活動中心,彰化縣溪湖鎮大庭里,23.94921,120.49858,40,04-8859409,
光榮里災民收容所省政府青少年活動中心,南投縣南投市光榮里,23.9498,120.6962,200,049-2394852,1
國立暨南大學體育健康中心,南投縣埔里鎮桃米里,23.95028,120.93,2200,049-2911045,
南港國小1甲-6甲與3間專科教室,南投縣國姓鄉南港村,23.9504,120.8693,60,049-2451937,1
南港社區活動中心,南投縣國姓鄉南港村,23.9508,120.8695,50,049-2452813,1
明聖國小,彰化縣埔心鄉瓦北村,23.95144,120.55719,400,8295395,
仁安活動中心,花蓮縣吉安鄉仁安村,23.9517,121.5968,63,8422948,1
光華里災民收容所光華國小活動中心,南投縣南投市光華里,23.9522,120.6908,100,049-2332549,1
營北里災民收容所營北里辦公處,南投縣南投市營北里,23.9524,120.6877,100,492371449,1
員林市育英國小,彰化縣員林市黎明里,23.9526,120.5742,230,,1
南華活動中心,花蓮縣吉安鄉南華村,23.9527,121.5513,63,8534573,1
埔心鄉公所,彰化縣埔心鄉義民村,23.9531,120.5435,100,04-8296249-31,1
埔心國小,彰化縣埔心鄉義民村,23.95394,120.54402,500,8291928,
東溪國小,彰化縣溪湖鎮東溪里,23.95397,120.49794,50,04-8853223,
埔心國中,彰化縣埔心鄉義民村,23.95404,120.54302,700,8291129,
稻香活動中心,花蓮縣吉安鄉稻香村,23.9548,121.5757,40,8533083,1
永興活動中心,花蓮縣吉安鄉永興村,23.955,121.5683,53,8526058,1
仁和活動中心,花蓮縣吉安鄉仁和村,23.9563,121.5876,101,8523002,1
田中社區活動中心,彰化縣溪湖鎮田中里,23.9568,120.46673,30,04-8858452,
老人文康中心,彰化縣溪湖鎮大竹里,23.95688,120.47851,100,925797151,
成功里集會所,南投縣埔里鎮成功里,23.9575,120.8946,100,049-2913075,1
枇杷里集會所,南投縣埔里鎮枇杷里,23.9579,120.9766,80,049-2984040-118,1
草湖國中,彰化縣芳苑鄉草湖村,23.9583,120.3784,400,04-8861051,1
員林市西區體館,彰化縣員林市新生里,23.9587,120.5642,200,,1
杷城里集會所,南投縣埔里鎮杷城里,23.9588,120.9699,100,049-2984040-118,1
員林市公所三樓禮堂,彰化縣員林市中正里,23.9591,120.5743,100,,1
溪湖鎮公所,彰化縣溪湖鎮湖東里,23.95923,120.47853,100,04-8852121,
溪湖國小,彰化縣溪湖鎮光華里,23.95923,120.47853,100,04-8853827,
同聲集會所,南投縣埔里鎮同聲里,23.9594,120.9655,100,049-2984040-118,1
湖西國小,彰化縣溪湖鎮大突里,23.95971,120.46775,60,04-8851256,
南埔社區活動中心,南投縣草屯鎮南埔里,23.9599,120.6633,50,049-2550802,
光輝里災民收容所里集會所,南投縣南投市光輝里,23.9601,120.6861,150,049-2324530,1
紫微宮,南投縣草屯鎮上林里,23.9611,120.6689,30,049-2359066,
南埔里集會所,南投縣草屯鎮南埔里,23.9611,120.6845,80,049-2553300,
草屯國小禮堂,南投縣草屯鎮玉峰里,23.9629,120.6845,200,049-2362007,
河東社區活動中心,彰化縣溪湖鎮河東里,23.96298,120.44811,30,,
薰化里集會所,南投縣埔里鎮薰化里,23.9635,120.9623,25,049-2984040-118,
清新里集會所,南投縣埔里鎮清新里,23.9635,120.9623,30,049-2984040-118,1
南門里集會所,南投縣埔里鎮南門里,23.9637,120.9669,60,049-2984040-118,1
義民祠,南投縣埔里鎮南村里,23.9638,120.9446,30,049-2984040-107,1
湖東國小,彰化縣溪湖鎮湖東里,23.96393,120.48237,100,04-8858771,
福安宮,彰化縣溪湖鎮光平里,23.96397,120.47939,30,04-8851852,
王功國小,彰化縣芳苑鄉王功村,23.9642,120.342,400,04-8932182,1
虎山國小禮堂,南投縣草屯鎮山腳里,23.9648,120.6809,200,049-2339107,
銅門收容所,花蓮縣秀林鄉銅門村,23.965,121.4944,70,03-8641057,1
湖北國小,彰化縣溪湖鎮太平里,23.96522,120.47679,100,04-8855548,
春陽活動中心,南投縣仁愛鄉春陽村,23.96579,121.21113,100,2802471,1
東昌活動中心,花蓮縣吉安鄉東昌村,23.9658,121.5953,47,8528607,1
太清宮,南投縣草屯鎮新厝里,23.9669,120.739,30,049-2333346,
員林市僑信國小,彰化縣員林市三信里,23.967,120.5716,200,,1
泰安里集會所,南投縣埔里鎮泰安里,23.9671,120.9756,50,049-2984040-118,1
平林里集會所,南投縣草屯鎮平林里,23.9673,120.7397,100,049-2572288,
員林市東山國小,彰化縣員林市南東里,23.9678,120.601,300,,1
石川里集會所,南投縣草屯鎮石川里,23.968,120.7451,100,049-2327162,
西門里集會所,南投縣埔里鎮西門里,23.9681,120.9643,50,0492984040-118,1
仁里活動中心,花蓮縣吉安鄉仁里村,23.9684,121.5925,90,8514057,1
親愛村活動中心,南投縣仁愛鄉親愛村,23.96847,121.1079,100,2974201,
御史里舊集會所,南投縣草屯鎮御史里,23.9686,120.6685,50,049-2569326,
主農社區活動中心,花蓮縣花蓮市主農里,23.9688,121.5968,50,03-8350088,1
福興活動中心,花蓮縣吉安鄉福興村,23.9689,121.5624,106,8526216,1
土城國小禮堂,南投縣草屯鎮土城里,23.9691,120.6763,200,049-2552024,
坪頂國小禮堂,南投縣草屯鎮坪頂里,23.9692,120.6657,200,049-2552074,
鳳霞國小,彰化縣埔心鄉二重村,23.96974,120.5262,363,8294072,
敦和國小禮堂,南投縣草屯鎮敦和里,23.9698,120.668,200,049-2365074,
南昌活動中心,花蓮縣吉安鄉南昌村,23.9704,121.5797,72,8521081,1
梧鳳國小,彰化縣埔心鄉梧鳳村,23.97047,120.51201,363,8291964-13,
慈恩社區活動中心,南投縣埔里鎮枇杷里,23.9712,120.9598,50,049-2984040-225,1
中正國小,花蓮縣花蓮市主學里,23.9717,121.5997,187,03-8322819,
中原國小文中三國中預定地,花蓮縣花蓮市主權里,23.9718,121.5964,85,03-8333547,
石川社區活動中心,南投縣草屯鎮石川里,23.9719,120.6606,50,049-2357833,
加老里集會所,南投縣草屯鎮加老里,23.972,120.6837,50,049-2330638,
大城社區活動中心,南投縣埔里鎮大城里,23.9721,120.9589,50,049-2984040-225,1
中竹社區活動中心,彰化縣溪湖鎮中竹里,23.97316,120.50496,40,04-8818737,
新興社區活動中心,彰化縣大村鄉新興村,23.97325,120.53744,30,,1
虎山社區活動中心,南投縣埔里鎮大湳里,23.9734,120.9777,120,049-2984040-225,1
吉安國小,花蓮縣吉安鄉吉安村,23.9734,121.5628,223,8523984,1
花蓮城隍廟香客大樓,花蓮縣花蓮市主睦里,23.9734,121.6058,100,03-8222854,
恆吉活動中心,南投縣埔里鎮大城里,23.9736,120.9498,60,049-2984040-225,1
吉安活動中心,花蓮縣吉安鄉吉安村,23.9736,121.5643,32,8535282,1
通天宮,彰化縣溪湖鎮西寮里,23.97369,120.47264,30,04-8818072,
五穀宮,花蓮縣吉安鄉吉安村,23.974,121.5742,70,8521334,1
親愛國小萬大分校,南投縣仁愛鄉親愛村,23.97417,121.12798,200,2974032,
雙冬社區活動中心,南投縣草屯鎮雙冬里,23.9749,120.7039,100,049-2571599,
勝安活動中心,花蓮縣吉安鄉勝安村,23.9754,121.5869,38,8522377,1
宜昌活動中心,花蓮縣吉安鄉宜昌村,23.9756,121.5832,49,8535389,1
忠孝國小,花蓮縣花蓮市主力里,23.9756,121.5986,47,03-8351218,
主權社區活動中心,花蓮縣花蓮市主權里,23.9757,121.5938,72,03-8333749,1
蜈蚣里集會所,南投縣埔里鎮蜈蚣里,23.9767,120.9897,50,049-2984040-118,1
南村里集會所,南投縣埔里鎮南村里,23.97688,120.91971,70,049-2984040-118,
碧洲社區活動中心,南投縣草屯鎮碧洲里,23.9773,120.6864,100,049-2367656,
勝安宮,花蓮縣吉安鄉勝安村,23.9777,121.5867,1300,8528658,1
敦和里集會所,南投縣草屯鎮敦和里,23.9778,120.7005,50,049-2355085,
聖地慈惠堂,花蓮縣吉安鄉勝安村,23.978,121.586,700,8521334,1
中正體育館,花蓮縣花蓮市民權里,23.978,121.6142,593,03-8580686,
國風國中,花蓮縣花蓮市國風里,23.9785,121.5954,800,03-8323847,1
新寶國小,彰化縣芳苑鄉新寶村,23.97862,120.35004,150,04-8932885,1
山腳社區活動中心,南投縣草屯鎮山腳里,23.9788,120.7257,20,049-2332160,
碧峰里集會所,南投縣草屯鎮碧峰里,23.9789,120.7177,100,049-2355921,
明義國小,花蓮縣花蓮市國風里,23.979,121.6029,185,03-8326686,1
房里里集會所,南投縣埔里鎮房里里,23.9791,120.9493,40,049-2984040-118,1
南埔將軍廟文教中心,南投縣草屯鎮南埔里,23.9797,120.6982,100,049-2568603,
大園國小,彰化縣埔鹽鄉豐澤村,23.9798,120.4882,150,04-8853760,1
旭光高中禮堂,南投縣草屯鎮富寮里,23.9799,120.6866,200,049-2563472,
富寮里集會所,南投縣草屯鎮富寮里,23.9801,120.6947,20,049-2569379,
平林國小禮堂,南投縣草屯鎮平林里,23.9801,120.721,200,049-2571761,
新庄里集會所,南投縣草屯鎮新庄里,23.9803,120.6806,50,049-2313717,
上林老人活動中心,南投縣草屯鎮上林里,23.9804,120.6799,60,049-2350417,
北山國中,南投縣國姓鄉北山村,23.9805,120.8736,50,049-2451028,1
北山國小1甲-6甲與6間專科教室,南投縣國姓鄉北山村,23.9808,120.8939,50,049-2451935,1
籃城社區活動中心,南投縣埔里鎮籃城里,23.981,120.9567,100,049-2984040-225,
加興宮,南投縣草屯鎮加老里,23.9813,120.6872,30,049-2327903,
龍泉宮,南投縣草屯鎮北勢里,23.9815,120.7911,20,049-2566297,1
碧峰國小禮堂,南投縣草屯鎮碧峰里,23.9817,120.6775,200,049-2334304,
南天宮,南投縣國姓鄉北山村,23.9817,120.8724,50,049-2451032,1
嘉長宮,南投縣草屯鎮加老里,23.9818,120.7911,30,049-2354886,
花蓮市公所,花蓮縣花蓮市國威里,23.9821,121.6068,37,03-8322141,1
慶豐活動中心,花蓮縣吉安鄉慶豐村,23.9825,121.5632,61,8535375,1
敦和宮,南投縣草屯鎮敦和里,23.9835,120.664,200,049-2323793,
國立花蓮農業職業學校,花蓮縣花蓮市國魂里,23.9836,121.599,382,03-8312313,1
中原國小禮堂,南投縣草屯鎮中原里,23.984,120.7428,200,049-2554631,
大西國小,彰化縣大村鄉大崙村,23.9841,120.5261,100,04-8522677,1
永和宮,南投縣草屯鎮中原里,23.9841,120.6638,20,049-2560987,
永安宮,南投縣草屯鎮北勢里,23.9847,120.7951,20,049-2568513,
天盛國小,彰化縣埔鹽鄉天盛村,23.985,120.4288,150,04-86650842,1
坪頂社區活動中心,南投縣草屯鎮坪頂里,23.9852,120.7206,30,049-2552573,
擺塘社區活動中心,彰化縣大村鄉擺塘村,23.98532,120.56,30,,1
埔鹽鄉立幼兒園,彰化縣埔鹽鄉新水村,23.9858,120.4423,200,048-652301-142,1
新水國小,彰化縣埔鹽鄉新水村,23.9858,120.4453,200,04-8652301142,1
花蓮高商,花蓮縣花蓮市國安里,23.9865,121.6025,266,03-8322532210,
北昌活動中心,花蓮縣吉安鄉南華村,23.987,121.5947,83,8577346,1
守成社區活動中心,南投縣埔里鎮牛眠里,23.9872,120.9863,50,049-2984040-225,1
草屯國中禮堂,南投縣草屯鎮炎峰里,23.9876,120.7183,200,049-2362024,
富功國小禮堂,南投縣草屯鎮富寮里,23.9877,120.6624,200,049-2569213,
中原里集會所,南投縣草屯鎮中原里,23.9879,120.7183,100,049-2554436,
南港國小,彰化縣埔鹽鄉南港村,23.988,120.4958,200,04-8850169,1
貢旗社區活動中心,彰化縣大村鄉貢旗村,23.98815,120.53816,50,,1
大村國中,彰化縣大村鄉村上村,23.9882,120.5655,100,,1
村上社區活動中心,彰化縣大村鄉村上村,23.9884,120.56649,50,,1
加錫社區活動中心,彰化縣大村鄉加錫村,23.98869,120.52491,50,,1
向善里集會所,南投縣埔里鎮向善里,23.9887,120.9253,40,049-2984040-118,1
南美崙營區,花蓮縣花蓮市民勤里,23.9887,121.6157,300,,
村上國小,彰化縣大村鄉村上村,23.9889,120.5648,150,04-8533680,1
永安活動中心,花蓮縣吉安鄉永安村,23.989,121.5731,156,8566167,1
北投里新集會所,南投縣草屯鎮北投里,23.9892,120.6913,100,049-2321339,
大石社區活動中心,南投縣國姓鄉大石村,23.9893,120.8616,50,049-2451365,1
新豐里集會所,南投縣草屯鎮新豐里,23.9909,120.6894,60,049-2314651,
忠孝國小,南投縣埔里鎮牛眠里,23.991,120.9798,180,049-2984040-107,1
御史里新集會所,南投縣草屯鎮御史里,23.9911,120.7643,150,049-2569326,
中華國小,花蓮縣花蓮市國盛里,23.992,121.607,189,03-8324308,1
雙冬國小禮堂,南投縣草屯鎮雙冬里,23.9922,120.6722,200,049-2571362,
鎮立幼兒園,南投縣草屯鎮復興里,23.9923,120.7624,100,049-2313114,
埔鹽國小,彰化縣埔鹽鄉埔南村,23.9927,120.4766,200,04-8852882,1
坪頂里集會所,南投縣草屯鎮坪頂里,23.9927,120.7423,100,049-2552468,
過溝社區活動中心,彰化縣大村鄉過溝村,23.99277,120.55465,30,,1
鑄強國小,花蓮縣花蓮市民政里,23.9928,121.6255,293,03-8223787,1
村東國小,彰化縣大村鄉福興村,23.9934,120.5856,50,,1
大村鄉公所,彰化縣大村鄉大村村,23.9935,120.5472,90,,1
太昌活動中心,花蓮縣吉安鄉太昌村,23.9936,121.5639,80,8569236,1
大村國小,彰化縣大村鄉大村村,23.9937,120.5454,200,04-8522794,1
集仙宮,南投縣草屯鎮北投里,23.9938,120.6496,30,049-2333635,
老人文康中心,彰化縣埔鹽鄉埔南村,23.9946,120.4783,150,04-8652301-142,1
大橋社區活動中心,彰化縣大村鄉大橋村,23.99465,120.56041,50,,
明廉國小,花蓮縣花蓮市國富里,23.995,121.5947,51,03-8569088,1
紫雲宮,南投縣草屯鎮雙冬里,23.9951,120.6679,20,049-2571466,
新庄國小禮堂,南投縣草屯鎮新庄里,23.9957,120.7173,200,049-2333104,
朝陽宮,南投縣草屯鎮北投里,23.9958,120.7173,30,049-2327645,
田洋社區活動中心,彰化縣大村鄉田洋村,23.9961,120.53355,50,,
"慈濟大學附設國民中學,小學",花蓮縣花蓮市國興里,23.997,121.5746,344,03-8572823,1
美崙國中,花蓮縣花蓮市民孝里,23.9978,121.6277,193,03-8223537,
自強國中,花蓮縣花蓮市國裕里,23.9979,121.5991,330,03-8579338,1
碧洲里集會所,南投縣草屯鎮碧洲里,23.9984,120.6568,30,049-2367656,
大村村社區活動中心,彰化縣大村鄉大村村,23.99852,120.54479,50,,
花蓮高工,花蓮縣花蓮市民意里,23.9987,121.6199,310,03-8226108,
慈濟大學人文社會學院,花蓮縣花蓮市國興里,23.9997,121.5734,316,03-8572677,1
富寮社區活動中心,南投縣草屯鎮富寮里,23.9999,120.6757,30,049-2354922,1
德安市民活動中心,新北市新店區德安里,24.0,121.0,22,,
永樂福利園區,彰化縣埔鹽鄉永樂村,24.0004,120.4345,150,910437974,1
私立四維高級中學,花蓮縣花蓮市國慶里,24.0004,121.5916,500,03-8561455,
永樂國小,彰化縣埔鹽鄉永樂村,24.0005,120.4313,150,04-8652263,1
埔鹽鄉公所,彰化縣埔鹽鄉好修村,24.0005,120.4637,100,048-652301-142,1
復興里集會所,南投縣草屯鎮復興里,24.0007,120.6665,100,049-2336449,
大葉大學,彰化縣大村鄉福興村,24.0012,120.5963,70,,1
北勢里集會所,南投縣草屯鎮北勢里,24.0012,120.6564,100,049-2568513,
聯合里辦公處,南投縣草屯鎮炎峰里,24.0013,120.6501,60,049-2328906,
楓林活動中心,南投縣仁愛鄉南豐村,24.00131,121.06799,50,2920775,1
行政院國軍退除役官兵輔導委員會花,花蓮縣花蓮市民意里,24.0017,121.6182,10,03-8223111,
民孝社區活動中心,花蓮縣花蓮市民孝里,24.0022,121.631,54,03-8223273,1
衛生福利部東區老人之家養護院區,花蓮縣新城鄉嘉新村,24.0035,121.6142,180,03-8222831,1
水源收容所,花蓮縣秀林鄉水源村,24.0038,121.554,60,03-8567603,1
大陳二村活動中心,花蓮縣花蓮市民意里,24.0039,121.6168,63,03-8241064,1
花蓮縣立體育場,花蓮縣花蓮市國慶里,24.004,121.582,527,03-858068615,
育民國小,彰化縣秀水鄉下崙村,24.00434,120.50535,50,04-7694845,1
嘉新社區活動中心,花蓮縣新城鄉嘉新村,24.0055,121.6123,71,8221227,1
昭德堂,南投縣埔里鎮史港里,24.0056,120.9571,50,049-2984040-115,1
漢寶活動中心,彰化縣芳苑鄉漢寶村,24.0058,120.3688,100,04-8991999,1
下崙惠來社區活動中心,彰化縣秀水鄉下崙村,24.00626,120.50237,30,04-7692952,
史港里集會所,南投縣埔里鎮史港里,24.0067,120.9575,70,0492984040-118,1
史港國小,南投縣埔里鎮史港里,24.0067,120.9575,130,049-2931521,1
陝西社區活動中心,彰化縣秀水鄉陝西村,24.00671,120.51782,30,0-7691039,1
帝君廟活動中心,南投縣埔里鎮一新里,24.0068,120.9321,30,049-2984040-107,1
南豐村眉溪天主堂,南投縣仁愛鄉南豐村,24.00694,121.09597,100,,
好修國小,彰化縣埔鹽鄉好修村,24.0072,120.4596,200,04-8653555,1
利河伯社福基金會附設私立基督仁愛之家,南投縣埔里鎮福興里,24.0074,120.9756,30,049-29830390-204,1
福興里集會所,南投縣埔里鎮福興里,24.0074,120.9756,50,049-2984040-118,1
花蓮港天宮,花蓮縣花蓮市國慶里,24.0076,121.5872,300,03-8560017,1
茄苳社區活動中心,彰化縣大村鄉茄苳村,24.00841,120.53884,50,,1
三和社區活動中心,彰化縣福興鄉三和村,24.00954,120.40675,100,7701811,
柑林社區活動中心,南投縣國姓鄉大石村,24.0097,120.8488,50,049-2721002,1
福龜社區北玄宮,南投縣國姓鄉福龜村,24.0098,120.8169,30,,1
長春社區活動中心,彰化縣花壇鄉長春村,24.01025,120.57594,30,04-7864214,1
國福社區活動中心,花蓮縣花蓮市國福里,24.0104,121.5819,35,03-8580837,1
福龜國小1甲-6甲與2間專科教室,南投縣國姓鄉福龜村,24.0114,120.823,50,049-2721019,1
陜西國小,彰化縣秀水鄉金興村,24.01173,120.51744,150,04-7692242,1
芬園國小,彰化縣芬園鄉社口村,24.01237,120.628,300,049-2523968,1
芬園鄉公所,彰化縣芬園鄉社口村,24.01363,120.62893,100,049-2523968,1
茄荖國小,彰化縣芬園鄉茄荖村,24.01486,120.64304,300,049-2523968,1
玉陵宮廣場,彰化縣秀水鄉金陵村,24.0149,120.50555,50,04-7684285,1
華南國小活動中心,彰化縣花壇鄉中庄村,24.01624,120.55126,40,04-7863225,1
花壇鄉公所,彰化縣花壇鄉南口村,24.0163,120.5664,40,04-7865921,
三春國小,彰化縣花壇鄉三春村,24.01631,120.56642,100,04-7862154,
楓灣宮廣場,彰化縣花壇鄉灣雅村,24.01699,120.56295,80,04-7875360,
"育樂國小1甲-6甲與2間專科教室,圖書室,禮堂",南投縣國姓鄉柑林村,24.0173,120.8459,50,049-2721274,1
三汴社區活動中心,彰化縣福興鄉三汴村,24.01832,120.48589,100,7772066,
金興上興宮社區活動中心,彰化縣秀水鄉金興村,24.01853,120.5174,30,04-7685467,1
李家宗祠,彰化縣花壇鄉灣東村,24.01903,120.56417,60,04-7864343,
仁愛國小,南投縣仁愛鄉大同村,24.02061,121.13305,300,049-2802373,1
曾厝社區活動中心,彰化縣秀水鄉曾厝村,24.02065,120.50933,30,04-7694747,1
佳林社區活動中心,花蓮縣新城鄉佳林村,24.0211,121.6023,36,8260919,1
穀豐宮,南投縣國姓鄉福龜村,24.0222,120.8269,50,049-2722746,1
花壇村活動中心,彰化縣花壇鄉花壇村,24.0228,120.5281,40,04-7863746,1
橋頭社區活動中心,彰化縣花壇鄉橋頭村,24.02345,120.54949,60,04-7882699,1
長沙社區活動中心,彰化縣花壇鄉長沙村,24.0242,120.55432,30,7863163,1
國軍805醫院,花蓮縣新城鄉嘉里村,24.0244,121.6074,100,03-8263151,1
受鎮宮,南投縣埔里鎮廣成里,24.025,120.9498,100,049-2984040-107,1
廣成里社區活動中心,南投縣埔里鎮廣成里,24.025,120.9498,100,049-2984040-225,1
永豐國小,彰化縣福興鄉番社村,24.02566,120.45295,100,7792748,
仁愛國中,南投縣仁愛鄉大同村,24.02587,121.13711,100,2802206,
花壇國小,彰化縣花壇鄉長沙村,24.02619,120.54305,300,7862043,1
明正國小,彰化縣秀水鄉埔崙村,24.0265,120.49316,200,04-7692533,1
富山國小,彰化縣芬園鄉大埔村,24.02705,120.61999,100,049-2522084,1
七星潭社區活動中心,花蓮縣新城鄉大漢村,24.0271,121.6298,27,8265717,1
基督教芥菜種會,花蓮縣新城鄉北埔村,24.0275,121.6062,41,03-8260653,1
南勢里活動中心,臺中市霧峰區南勢里,24.02763,120.67366,50,04-23329371,1
乾峰國小1甲-6甲與4間專科教室,南投縣國姓鄉乾溝村,24.0279,120.8246,20,049-2721002,1
秀水港墘社區活動中心,彰化縣秀水鄉秀水村,24.02794,120.52291,61,04-7680775,1
秀水社區活動中心,彰化縣秀水鄉秀水村,24.02794,120.52291,61,04-7694735,1
管嶼國小,彰化縣福興鄉廈粘村,24.028,120.41033,100,7702949,
萬豐國小北棟教室,臺中市霧峰區萬豐里,24.02802,120.69832,1830,,
春陽國小,南投縣仁愛鄉春陽村,24.02827,121.14872,100,2802573,1
東區幼兒園,彰化縣福興鄉橋頭村,24.0288,120.474,100,047-772066-304,1
乾溝義民祠,南投縣國姓鄉乾溝村,24.0293,120.8141,20,049-2723185,1
乾溝社區活動中心,南投縣國姓鄉乾溝村,24.0294,120.824,50,049-2723509,1
福安社區活動中心清龍巖,彰化縣秀水鄉福安村,24.02976,120.49488,30,04-7689186,1
花壇鄉舊營區,彰化縣花壇鄉長沙村,24.03057,120.54923,300,04-7865921,
莊雅社區活動中心,彰化縣秀水鄉莊雅村,24.03181,120.50712,99,04-7691899,1
文祥國小,彰化縣花壇鄉崙雅村,24.03408,120.5237,100,04-7862255,1
北埔社區活動中心,花蓮縣新城鄉北埔村,24.0341,121.6032,35,8269669,1
秀水高工,彰化縣秀水鄉福安村,24.03447,120.49682,100,04-7697021,1
太平社區活動中心,南投縣埔里鎮合成里,24.0345,120.924,50,049-2984040-225,1
秀水鄉農會,彰化縣秀水鄉安東村,24.03495,120.50123,200,04-7691321,1
秀水國小,彰化縣秀水鄉安東村,24.03508,120.50315,200,04-7695756,1
精英村辦公處,南投縣仁愛鄉精英村,24.03516,121.18567,80,049-2970913,1
合成社區活動中心,南投縣埔里鎮合成里,24.0363,120.9247,40,049-2984040-225,1
大漢社區活動中心,花蓮縣新城鄉大漢村,24.0368,121.61,70,8265717,1
國姓社區活動中心,南投縣國姓鄉國姓村,24.0376,120.855,50,049-2721731,1
復興南營區,花蓮縣新城鄉大漢村,24.038,121.6119,120,03-8269732,1
華龍國小,彰化縣秀水鄉秀水村,24.03828,120.51409,150,04-7692713,1
秀水鄉老人文康中心,彰化縣秀水鄉莊雅村,24.03828,120.50732,50,7697024-302,1
僑愛國小,彰化縣花壇鄉中口村,24.03833,120.53503,40,04-7863227,1
安東社區活動中心,彰化縣秀水鄉安東村,24.03923,120.50125,61,04-7694739,
國姓國小活動中心,南投縣國姓鄉國姓村,24.0396,120.8567,50,049-2721018,1
新城鄉立圖書館,花蓮縣新城鄉大漢村,24.0399,121.6042,58,03-8261790,1
新城鄉原住民文化館,花蓮縣新城鄉大漢村,24.0405,121.6048,90,03-8267223,1
樹林腳社區活動中心,花蓮縣新城鄉北埔村,24.0407,121.59769,39,8269669,1
北勢里活動中心,臺中市霧峰區北勢里,24.04096,120.66967,50,04-23393521,
福興國中,彰化縣福興鄉福興村,24.041,120.4367,200,047-772066-304,1
溪尾國小教學大樓2樓綜合教室,臺中市烏日區溪尾里,24.0411,120.6397,80,049-2523020,
花壇鄉立圖書館,彰化縣花壇鄉長沙村,24.0415,120.5322,30,047865921-04,1
國姓國中禮堂,南投縣國姓鄉長豐村,24.0423,120.8585,200,049-2721144,1
護國宮,南投縣國姓鄉石門村,24.0425,120.8616,50,,1
文德宮香客大樓,彰化縣花壇鄉白沙村,24.04294,120.54744,100,04-7863904,1
復興國小-課後照顧教室,臺中市霧峰區坑口里,24.04305,120.69726,895,,1
光復國中小國中部地下室,臺中市霧峰區南柳里,24.04417,120.68924,1095,,1
岩竹社區活動中心,彰化縣花壇鄉岩竹村,24.04482,120.55438,25,04-7878114,1
安溪社區活動中心,彰化縣秀水鄉安溪村,24.04494,120.51001,103,04-7638056,1
西區幼兒園,彰化縣福興鄉西勢村,24.0451,120.4272,100,047-772066-336,1
花壇鄉立老人文康中心,彰化縣花壇鄉永春村,24.0457,120.5352,40,04-7865921,1
白沙社區活動中心,彰化縣花壇鄉白沙村,24.04631,120.54525,50,04-7870138,1
福興鄉公所,彰化縣福興鄉外埔村,24.0479,120.4439,200,047-772066-304,1
街尾里活動中心,彰化縣鹿港鎮街尾里,24.04848,120.43566,100,47775508,1
龍山寺,彰化縣鹿港鎮龍山里,24.04907,120.43454,303,47772461,1
秀水鄉立體育館,彰化縣秀水鄉安東村,24.05037,120.50533,100,47697024,1
菜園社區活動中心,彰化縣鹿港鎮菜園里,24.05102,120.43286,60,47775505,1
莊德堂,彰化縣鹿港鎮興化里,24.05119,120.43577,60,47775509,1
鹿港鎮立停車場,彰化縣鹿港鎮大有里,24.05349,120.43261,333,47772850,1
康樂社區活動中心,花蓮縣新城鄉康樂村,24.05381,121.6099,30,03-8260352,1
佳民國小收容所,花蓮縣秀林鄉佳民村,24.0539,121.5994,60,03-8264900,1
玉皇大帝神明會館,彰化縣鹿港鎮長興里,24.05417,120.43478,75,47773657,1
洛津國小,彰化縣鹿港鎮洛津里,24.05464,120.43091,151,47772782,1
東崎社區活動中心,彰化縣鹿港鎮東崎里,24.05617,120.47495,60,47784919,1
文開國小,彰化縣鹿港鎮新宮里,24.0566,120.43003,151,04-7788770,1
景福社區發展協會,彰化縣鹿港鎮景福里,24.05718,120.43656,181,47775494,1
高賓土雞城,彰化縣鹿港鎮永安里,24.05726,120.43834,100,47756139,1
北港村集會所,南投縣國姓鄉北港村,24.05794,120.91374,50,049-2461033,1
文康安養活動中心,彰化縣鹿港鎮順興里,24.0582,120.4339,200,047772006-1610,1
鹿東國小,彰化縣鹿港鎮頂厝里,24.05841,120.4433,181,47775513,1
鶴鳴社區活動中心,彰化縣秀水鄉鶴鳴村,24.05843,120.50282,30,,1
楞嚴宮,南投縣國姓鄉長福村,24.0591,120.8777,30,049-2431305,1
合作國小學生活動中心,南投縣仁愛鄉合作村,24.0595,121.1922,300,2970063,1
四德里活動中心,臺中市霧峰區四德里,24.06081,120.66705,50,04-23338120,1
四德國小禮堂,臺中市霧峰區四德里,24.06083,120.66794,1425,,
鹿港高中,彰化縣鹿港鎮東石里,24.06098,120.42368,212,47761912,1
霧峰區圖書館3樓,臺中市霧峰區本堂里,24.06192,120.70056,500,04-23332426,1
馬興國小,彰化縣秀水鄉馬興村,24.06196,120.49689,150,04-7521728,1
喀哩國小北棟1樓自然教室,臺中市烏日區螺潭里,24.06228,120.64288,200,23351016,
碧雲宮,南投縣國姓鄉北港村,24.0626,120.9248,50,049-2461198,1
馬興社區活動中心,彰化縣秀水鄉馬興村,24.06272,120.49551,69,04-7526742,1
鹿港文創會館,彰化縣鹿港鎮埔崙里,24.06311,120.43587,242,47775514,1
淨蓮禪寺,南投縣國姓鄉北港村,24.0637,120.8979,100,049-2461557,1
溝墘社區發展協會,彰化縣鹿港鎮溝墘里,24.06429,120.47549,30,47716479,1
桐林國小青銅林廣場,臺中市霧峰區桐林里,24.06617,120.73595,385,04-23304311,1
互助村中原活動中心,南投縣仁愛鄉互助村,24.06647,120.97271,200,049-2941162,1
德林念佛寺,南投縣國姓鄉北港村,24.0666,120.9364,150,049-2461870,1
義興社區活動中心,彰化縣秀水鄉義興村,24.06669,120.49104,73,04-7526567,1
長流國小1甲-6甲及2間專科教室,南投縣國姓鄉長流村,24.0667,120.8763,50,049-22431006,1
本鄉里活動中心,臺中市霧峰區本鄉里,24.06712,120.7008,25,04-23336367,
南瑤宮,彰化縣彰化市南瑤里,24.06767,120.53826,100,047222141-1710,1
甲寅里活動中心,臺中市霧峰區甲寅里,24.06827,120.70131,50,04-23308890,1
僑榮國小樂群樓地下室,臺中市霧峰區甲寅里,24.06993,120.70319,750,,1
曾家社區活動中心,彰化縣伸港鄉曾家村,24.07012,120.54517,60,04-7982010154,1
長流社區活動中心,南投縣國姓鄉長流村,24.0708,120.8762,100,049-2431753,1
海埔里民集會所,彰化縣鹿港鎮海埔里,24.07114,120.43939,90,47751662,1
溪南國中北棟教室2樓,臺中市烏日區溪埧里,24.0715,120.6442,150,04-23353959-11,
追分國小多功能教室,臺中市大肚區社腳里,24.07197,120.34069,100,04-26932604,1
新興國小,彰化縣鹿港鎮詔安里,24.07239,120.45678,121,7775520,1
霧峰農工向陽樓,臺中市霧峰區甲寅里,24.07321,120.6996,1070,,1
五福國小康寧樓,臺中市霧峰區五福里,24.07347,120.66735,1655,,
奉天宮,南投縣國姓鄉大旗村,24.0739,120.8776,30,049-2431705,1
松崗活動中心,南投縣仁愛鄉大同村,24.07496,121.17094,100,2803700,
東湖活動中心廣場,臺中市大里區東湖里,24.07681,120.69318,20,935045731,
長豐社區活動中心,南投縣國姓鄉長豐村,24.0774,120.8711,30,049-2431975,1
草湖國民小學禮堂/操場,臺中市大里區西湖里,24.07825,120.69,1100,,1
吉峰國小三期校舍地下室,臺中市霧峰區吉峰里,24.0796,120.7191,856,04-23300893830,1
德鹿谷長老教會,南投縣仁愛鄉合作村,24.08045,121.26806,80,921786179,
介壽生活藝文館,彰化縣彰化市光復里,24.08067,120.54461,115,047222141-2007,1
景美活動中心,花蓮縣秀林鄉景美村,24.0825,121.6067,100,03-8267603,1
合作活動中心,南投縣仁愛鄉合作村,24.08331,121.21581,60,049-2970912,1
東園國小體育館,臺中市烏日區東園里,24.08392,120.63994,150,04-23353092,
美群國民小學地下室/風雨操場,臺中市大里區塗城里,24.08416,120.70883,2000,,1
塗城活動中心,臺中市大里區塗城里,24.08424,120.72374,115,04-24937979,1
德興民眾活動中心,彰化縣線西鄉德興村,24.08426,120.51902,50,04-7583036,
源埤社區活動中心,彰化縣和美鎮源埤里,24.0853,120.5107,150,04-7631247,1
夏田活動中心廣場,臺中市大里區夏田里,24.08541,120.66855,40,928901233,
瑞城國民小學活動中心/操場,臺中市大里區瑞城里,24.08609,120.70284,1300,,
瑞城活動中心,臺中市大里區瑞城里,24.08613,120.70376,100,04-24925618,1
老人文康中心,彰化縣彰化市陽明里,24.08655,120.54912,74,047222141-1710,1
頂番社區活動中心,彰化縣鹿港鎮頂番里,24.0867,120.4848,100,919499499,1
大榮國小,彰化縣和美鎮南佃里,24.087,120.501,200,7636814,
鎮平社區活動中心,彰化縣和美鎮鎮平里,24.088,120.509,60,7525245,
頂番國小,彰化縣鹿港鎮頂番里,24.08875,120.47984,181,47711515,1
竹仔坑社區活動中心,臺中市大里區健民里,24.08912,120.72904,45,04-24911213,1
健民國民小學演奏廳/操場,臺中市大里區健民里,24.08941,120.7279,1000,,
嘉犁社區活動中心,彰化縣和美鎮嘉犁里,24.09,120.516,100,7365277,
金城活動中心,臺中市大里區金城里,24.09013,120.69543,100,04-24921753,1
竹坑營區,臺中市大里區健民里,24.09039,120.73021,60,04-24916292,1
詔安社區活動中心,彰化縣和美鎮詔安里,24.091,120.528,150,7355293,
新厝社區活動中心,彰化縣鹿港鎮洋厝里,24.09104,120.44746,60,47781566,1
頭崙里集會所,彰化縣鹿港鎮頭崙里,24.09144,120.47696,150,47711517,1
"長福國小1甲-6甲,音樂室,圖書室",南投縣國姓鄉長福村,24.0927,120.888,50,049-2431295,1
仁德活動中心,臺中市大里區仁化里,24.09283,120.69993,100,910507094,1
塗城國民小學南棟教學大樓地下室/運動場,臺中市大里區仁德里,24.09305,120.70028,500,,1
成功國民中學操場,臺中市大里區金城里,24.09405,120.69927,1200,04-24927226,
五光國小西棟1樓舞蹈教室,臺中市烏日區光明里,24.09448,120.64701,50,23362276,
大里高中中正堂/操場,臺中市大里區大元里,24.09512,120.67896,1500,,1
光正國民中學風雨操場/操場,臺中市大里區健民里,24.09618,120.71806,2500,,1
大嘉國小,彰化縣和美鎮嘉犁里,24.0966,120.511,200,7552524,
新庄社區活動中心,彰化縣和美鎮新庄里,24.0971,120.5336,100,04-7550003,1
福興宮,臺中市大里區新里里,24.09808,120.67746,100,04-24065066,1
面前社區活動中心,彰化縣和美鎮面前里,24.099,120.488,100,7562842,
農特產品產銷中心,南投縣仁愛鄉新生村,24.09917,121.03069,200,2941765,
大新活動中心,臺中市大里區新里里,24.09962,120.67585,200,04-24063979123,1
大里運動公園,臺中市大里區國光里,24.10005,120.68535,2000,,
大里國民小學運動場,臺中市大里區新里里,24.10055,120.67702,620,,
國光里活動中心,臺中市大里區國光里,24.10083,120.68316,45,04-24810965,1
立德里活動中心,臺中市大里區立德里,24.10096,120.6946,75,04-22753457,1
內新國民小學北棟地下室/操場,臺中市大里區東昇里,24.10096,120.69486,350,,1
自治公園,臺中市烏日區烏日里,24.10139,120.62805,4000,04-23368016-111,1
大霞社區活動中心,彰化縣和美鎮大霞里,24.1017,120.5037,250,7564903,1
行政院原住民族委員會青年?藝研習中心,臺中市和平區南勢里,24.10223,120.54827,1200,04-25942731,1
大元國民小學新元館/操場,臺中市大里區大元里,24.10275,120.69108,1120,,1
東汴里活動中心,臺中市太平區東汴里,24.1035,120.7716,189,04-22789685,
和仁國小,彰化縣和美鎮山犁里,24.104,120.494,150,7575407,
新庄國小,彰化縣和美鎮犁盛里,24.104,120.533,200,7353267,
草中社區活動中心,彰化縣鹿港鎮草中里,24.1041,120.4626,100,922839189,1
立新國民中學勤學樓地下室/風雨操場,臺中市大里區立仁里,24.10437,120.69692,200,,1
光隆國小〈圖書室2樓〉,臺中市太平區光隆里,24.1046,120.7277,1773,,1
烏日國民中學第1棟2樓,臺中市烏日區湖日里,24.10476,120.61731,200,04-23381009,
光德國中B、C棟教室2樓,臺中市烏日區仁德里,24.1051,120.6408,320,,1
立新國民小學D棟大樓地下室/風雨操場,臺中市大里區立仁里,24.10543,120.69957,250,,1
北三棧社區活動中心,花蓮縣新城鄉順安村,24.1057,121.621,35,8611280,1
三和里公兒九公園,臺中市烏日區三和里,24.10631,120.60804,1000,,
草中社區發展協會,彰化縣鹿港鎮草中里,24.10654,120.46326,60,47712750,1
益民國民小學後棟地下室/運動場,臺中市大里區長榮里,24.107,120.6873,525,04-24834970,1
烏日社區活動中心,臺中市烏日區烏日里,24.1075,120.6257,80,04-23387906,
爽文國民中學活動中心/操場,臺中市大里區永隆里,24.10788,120.67717,1470,,1
糖友社區活動中心,彰化縣和美鎮糖友里,24.108,120.5342,200,04-7363737,1
新仁活動中心,臺中市大里區新仁里,24.108,120.7053,50,910428646,1
僑仁國小體育館,臺中市烏日區仁德里,24.10829,120.64079,300,23381241,
樹王活動中心,臺中市大里區樹王里,24.10837,120.66758,75,04-24069030,1
和美鎮公所,彰化縣和美鎮仁愛里,24.1085,120.4943,150,047-560620-251,1
和東國小,彰化縣和美鎮和東里,24.1093,120.5015,500,047-552724-24,1
九德國民小學風雨操場,臺中市烏日區九德里,24.10986,120.63896,300,04-23366540,
和美鎮立幼兒園,彰化縣和美鎮和東里,24.11,120.5,100,7555965,
光榮國民中學光榮館/操場,臺中市大里區西榮里,24.11048,120.68691,600,,1
兒童青少年福利服務中心,臺中市大里區內新里,24.11065,120.69187,200,04-24827405,1
永隆國民小學活動中心/操場,臺中市大里區永隆里,24.11084,120.6765,1100,,1
和美國小,彰化縣和美鎮和西里,24.111,120.495,500,7552005,
柑井社區活動中心,彰化縣和美鎮柑井里,24.111,120.514,100,7356693,
和群國中,彰化縣和美鎮柑井里,24.111,120.519,300,7552430,
光隆營區,臺中市大里區立仁里,24.11123,120.73049,35,04-22784383,1
下犁民眾活動中心,彰化縣線西鄉下犁村,24.11124,120.46999,80,04-7583111,
旭光國小旭光廳2樓,臺中市烏日區榮泉里,24.11164,120.59263,120,04-23381847-10,
僑泰中學育才大樓,臺中市大里區樹王里,24.11179,120.66696,250,04-24063936,1
中圍社區活動中心,彰化縣和美鎮中圍里,24.112,120.532,100,7356849,
樹義國小樂群樓及操場,臺中市南區樹義里,24.112,120.6574,953,,1
興隆里活動中心,臺中市太平區興隆里,24.112,120.7323,204,04-22756053,1
永隆里活動中心,臺中市大里區永隆里,24.11279,120.67384,60,04-24069937,1
和美高中,彰化縣和美鎮和西里,24.113,120.4936,500,047-552043-242,1
中寮社區活動中心,彰化縣和美鎮中寮里,24.113,120.538,60,7352282,
長億高中〈體育館.操場〉,臺中市太平區長億里,24.1131,120.7216,5386,,
內新里活動中心,臺中市大里區內新里,24.11315,120.69086,75,04-24828833,1
福崙宮,彰化縣鹿港鎮山崙里,24.11316,120.44779,106,7712531,1
東興活動中心,臺中市大里區東興里,24.1134,120.68123,50,04-24812032,1
四張社區活動中心,彰化縣和美鎮四張里,24.114,120.485,100,7569735,
崇光國民小學崇光樓地下室/操場,臺中市大里區東興里,24.11519,120.68357,1000,,1
發祥活動中心,南投縣仁愛鄉發祥村,24.11556,121.16062,100,2955670,
臺中高工操場,臺中市南區永興里,24.116,120.6612,780,,1
楓樹兒童青少年活動中心,臺中市南屯區楓樹里,24.1161,120.6289,50,24738325,1
私立大明高級中學體育場/禮堂,臺中市大里區大明里,24.11649,120.68598,270,04-24816565,1
大崙國小塗溝分校-室外,嘉義縣水上鄉塗溝村,24.1165,120.6132,500,05-3712690,
竹營社區活動中心,彰化縣和美鎮竹營里,24.117,120.5011,100,04-7553911,1
臺中市南區聯合辦公大樓,臺中市南區南和里,24.1171,120.6638,61,,1
順安農宅示範中心,花蓮縣新城鄉順安村,24.1172,121.6365,23,8611280,1
東汴國小〈行政教學大樓.操場〉,臺中市太平區東汴里,24.1174,120.7958,575,,
秀林國小收容所,花蓮縣秀林鄉秀林村,24.118,121.6244,100,03-8611393,1
臺中市立大里幼兒園-日新分班,臺中市大里區日新里,24.11811,120.69237,80,04-24070302,1
竹園社區活動中心,彰化縣和美鎮竹園里,24.119,120.525,60,7351963,
長億永成里活動中心,臺中市太平區長億里,24.1192,120.7209,815,04-22785777,1
大慶活動中心,臺中市南區樹德里,24.1196,120.6542,30,04-24753268,1
南區圖書館,臺中市南區平和里,24.1201,120.6697,57,04-22623497,1
祥興活動中心,臺中市大里區祥興里,24.12035,120.68593,20,928206608,1
和平國小和平館及操場,臺中市南區和平里,24.1213,120.6607,513,04-22613139,1
梅村長老教會,南投縣仁愛鄉發祥村,24.12177,121.11075,100,,
月眉社區活動中心,彰化縣和美鎮月眉里,24.122,120.495,100,7553688,
犁盛社區活動中心,彰化縣和美鎮犁盛里,24.122,120.527,100,7356473,
信義國小信義館及操場,臺中市南區平和里,24.1222,120.66857,1440,22622005-732,1
曉陽國小,彰化縣線西鄉頂犁村,24.1227,120.478,100,04-7585375,1
中平國中〈活動中心.操場〉,臺中市太平區中平里,24.1231,120.7183,972,04-22767416101,1
頭汴國小〈行政大樓B1〉,臺中市太平區頭汴里,24.1232,120.7515,1820,,
頂犁民眾活動中心,彰化縣線西鄉頂犁村,24.12323,120.48092,100,04-7585646,
頭汴里活動中心,臺中市太平區頭汴里,24.1239,120.7507,278,04-22762323,1
建平國小〈會議室1樓、操場〉,臺中市太平區建國里,24.1241,120.7245,1419,04-22779532,1
國光國小國光堂及操場,臺中市南區國光里,24.1245,120.6801,707,,1
中興活動中心,臺中市南區積善里,24.1247,120.6759,50,04-22626105,
頭前社區活動中心,彰化縣和美鎮頭前里,24.125,120.506,100,7552882,
禪光育幼院,花蓮縣新城鄉新城村,24.1257,121.6497,105,03-8612555,1
福隆里活動中心,臺中市太平區福隆里,24.1258,120.7345,294,04-22795015,1
嘉寶社區活動中心,彰化縣和美鎮嘉寶里,24.126,120.512,100,7579618,
四育國中四育館及操場,臺中市南區福平里,24.126,120.6651,544,,1
臺中市立崇倫國中崇倫堂及操場,臺中市南區崇倫里,24.1261,120.659,483,,
臺中市立東峰國中,臺中市東區東興里,24.12626,120.68617,700,04-22825133,1
王田社區運動公園,臺中市大肚區王田里,24.1264,120.5838,120,04-26932638,
臺中市西區萬壽公園,臺中市西區公正里,24.12648,120.65062,3550,,1
國立中興大學附屬臺中高級農業職業學校禮堂,臺中市東區東興里,24.1266,120.6856,700,04-22810010,1
天主教聲遠之家,花蓮縣新城鄉新城村,24.1266,121.6513,53,03-8610075,1
好修社區活動中心,彰化縣和美鎮好修里,24.127,120.494,60,7552719,
塭仔民眾活動中心,彰化縣線西鄉塭仔村,24.12808,120.45614,80,04-7555350,
溝內民眾活動中心,彰化縣線西鄉溝內村,24.12833,120.45499,80,04-7588933,
大智國小2樓禮堂,臺中市東區東橋里,24.1286,120.6908,500,04-22825683,
新城社區活動中心,花蓮縣新城鄉新城村,24.1288,121.6502,23,8611519,1
興田社區活動中心,花蓮縣新城鄉新城村,24.1301,121.6452,45,8611519,1
線西國小,彰化縣線西鄉寓埔村,24.1313,120.4697,100,04-7585075,
崇仁活動中心,臺中市南區西川里,24.1314,120.6606,53,04-23763080,1
紅葉國小梅林分校,南投縣仁愛鄉發祥村,24.13146,121.18463,100,2955563,
臺中國小活動中心,臺中市東區振興里,24.13152,120.68472,600,,1
線西國中,彰化縣線西鄉寓埔村,24.1325,120.4687,100,04-7584129,
長億國小〈行政大樓B1、操場、籃球場〉,臺中市太平區長億里,24.133,120.7164,1649,04-22737653,
大忠國民小學一樓課照教室,臺中市大肚區大東里,24.13371,120.5542,40,04-26993693,1
培英國小,彰化縣和美鎮塗厝里,24.134,120.51,150,7552430,
寓埔民眾活動中心,彰化縣線西鄉寓埔村,24.13433,120.45949,80,04-7585106,
臺中市西區大勇國小禮堂,臺中市西區吉龍里,24.1345,120.6578,100,,1
南屯區公所4樓開放式會議室,臺中市南屯區向心里,24.1347,120.6441,50,,1
線西民眾活動中心,彰化縣線西鄉線西村,24.13583,120.46312,80,04-7580182,
育英國中操場,臺中市東區樂成里,24.13594,120.69813,500,04-22115313,
塗厝社區活動中心,彰化縣和美鎮塗厝里,24.136,120.508,60,7554632,
南屯里活動中心,臺中市南屯區南屯里,24.1363,120.639,60,24738325,1
臺中市東區區公所禮堂,臺中市東區東信里,24.13652,120.7038,1500,04-22151988,
線西鄉立幼兒園,彰化縣線西鄉線西村,24.1368,120.4668,200,04-7584851,1
春社里活動中心2、3樓,臺中市南屯區春社里,24.1374,120.612,200,,1
祥順運動公園,臺中市太平區宜佳里,24.1383,120.7128,9810,04-25120998,1
臺中市東區樂業國小,臺中市東區泉源里,24.13835,120.1942,450,04-22121293,
宜欣國小〈宜學樓、南大樓〉,臺中市太平區宜欣里,24.1392,120.7153,1913,,1
臺中市西區忠信國小禮堂忠信堂,臺中市西區公民里,24.1393,120.6686,100,,1
汴頭社區活動中心,彰化縣伸港鄉汴頭村,24.13991,120.49704,40,04-7982010154,1
頂庄民眾活動中心,彰化縣線西鄉頂庄村,24.1403,120.4674,80,04-7588139,
永定里社區活動中心,臺中市南屯區永定里,24.1404,120.6366,50,24752799,1
臺中市西區區公所,臺中市西區平和里,24.1412,120.6712,50,,1
田新公園管理室,臺中市南屯區田心里,24.1424,120.6443,50,24738325,1
大同里活動中心3樓,臺中市南屯區大同里,24.1425,120.6502,100,24738325,1
台中公園,臺中市北區新興里,24.14364,120.68407,2000,,1
臺中市中區老人休閒活動中心,臺中市中區柳川里,24.1439,120.6795,18,04-2222250234,
臺中市中區區公所六樓大禮堂,臺中市中區柳川里,24.1439,120.6795,170,,
新港社區活動中心,彰化縣伸港鄉新港村,24.14391,120.48473,40,04-7982010154,1
臺中市光復國小3樓禮堂及內操場,臺中市中區大墩里,24.14393,120.68172,990,04-22294174-730,1
興中停車場,臺中市中區大誠里,24.1442,120.6785,1500,04-2222250236,
臺中市光復國民小學外操場,臺中市中區大墩里,24.14459,120.68172,1200,04-22294174-730,1
伸港國中第二校區,彰化縣伸港鄉埤墘村,24.14463,120.48996,10,04-7982010154,1
坪林國小〈南棟大樓B1.操場〉,臺中市太平區坪林里,24.145,120.7371,1136,04-23927677731,
進德國小一樓活動中心,臺中市東區東勢里,24.1452,120.6934,500,04-22126834,1
勤益科技大學〈工程館B1.操場〉,臺中市太平區坪林里,24.1464,120.7334,5080,04-23924505,
大道國中宗堯樓1樓,臺中市大肚區大東里,24.14694,120.54884,40,04-26992028,
地潭社區活動中心,彰化縣和美鎮地潭里,24.147,120.516,60,7556126,
文德宮,彰化縣伸港鄉七嘉村,24.14721,120.4924,10,04-7982010154,
中華國小〈前棟B1、操場〉,臺中市太平區中山里,24.1473,120.726,1350,,
富世活動中心,花蓮縣秀林鄉富世村,24.1473,121.6277,100,03-8611829,1
泉州社區活動中心,彰化縣伸港鄉泉州村,24.14783,120.48076,20,04-7982010154,1
太平國中〈行政大樓B1〉,臺中市太平區坪林里,24.1483,120.7346,4241,04-23922540101,1
力行國小,南投縣仁愛鄉力行村,24.14837,121.18937,200,2955078,
伸東國民小學,彰化縣伸港鄉七嘉村,24.1484,120.4879,500,04-7982314-12,
伸港鄉老人文康活動中心,彰化縣伸港鄉新港村,24.1486,120.4878,200,04-7982010-200,1
惠智公園管理室1、2樓,臺中市南屯區三和里,24.1489,120.6391,50,24738325,1
大新活動中心3樓,臺中市南屯區大業里,24.1489,120.6526,150,24738325,1
蚵寮社區活動中心,彰化縣伸港鄉蚵寮村,24.14901,120.45727,60,04-7982010154,
臺中市北區太平國小大禮堂及操場,臺中市北區錦平里,24.1492,120.682,2000,04-22211101,1
泉厝社區活動中心,彰化縣伸港鄉泉厝村,24.14957,120.47983,20,04-7982010154,1
伸仁國民小學,彰化縣伸港鄉曾家村,24.1499,120.4696,400,04-7982324-801,
湖內社區活動中心,彰化縣和美鎮湖內里,24.1503,120.5093,60,04-756121,1
大湖里光大里聯合活動中心,臺中市北區大湖里,24.15032,120.67949,80,04-222254485,
大肚社區活動中心,臺中市大肚區大肚里,24.15065,120.54548,41,04-26992379,1
力行國小活動中心,臺中市東區東勢里,24.1507,120.69394,800,04-23604412,
新港國民國小,彰化縣伸港鄉新港村,24.151,120.4768,500,04-7982310-2285,
大肚區公所五樓,臺中市大肚區大肚里,24.15124,120.54532,200,,1
新光國小行政大樓,臺中市太平區新光里,24.1524,120.7066,1050,,1
臺中市西區中正國小禮堂中正館,臺中市西區民龍里,24.1526,120.6667,100,,
臺中市西區和龍民龍聯合里活動中心中心,臺中市西區民龍里,24.1535,120.6702,50,,
老人活動中心,臺中市大肚區頂街里,24.15352,120.54057,180,04-26981175,1
大肚國小體育館,臺中市大肚區頂街里,24.1546,120.5463,120,04-26992016,
新平國小〈南棟B1、操場、籃球場〉,臺中市太平區新坪里,24.1547,120.7201,850,04-23914533,
黎明里活動中心,臺中市南屯區黎明里,24.1555,120.6296,60,24738325,
黃竹國小〈戶外操場〉,臺中市太平區黃竹里,24.1556,120.7344,128,,
何南、何成里聯合活動中心,臺中市西屯區何成里,24.1557,120.64811,364,423223355,
大同社區活動中心,彰化縣伸港鄉大同村,24.15664,120.47616,20,04-7982010154,1
什股社區活動中心,彰化縣伸港鄉什股村,24.15664,120.47616,20,04-7982010154,1
臺中市西區忠明國小禮堂忠明館,臺中市西區忠誠里,24.1578,120.6591,100,,1
臺中市西區忠明高中禮堂忠明館,臺中市西區忠明里,24.1579,120.6637,100,,1
新光國中〈活動中心.操場〉,臺中市太平區新光里,24.1579,120.7093,1917,04-23957597601,1
中和社區活動中心,臺中市大肚區中和里,24.1586,120.54446,100,04-26933251,1
營埔社區活動中心,臺中市大肚區營埔里,24.1586,120.5446,100,04-26933141,1
永順社區活動中心,臺中市大肚區永順里,24.1588,120.5331,180,04-26993577,1
頂街社區活動中心,臺中市大肚區頂街里,24.1589,120.5446,180,04-26993047,1
臺中市新社區中興合作農場,臺中市新社區中和里,24.1589,120.8262,36,04-25931271,
臺中市北區乾溝子活動中心,臺中市北區淡溝里,24.1591,120.6662,150,04-23191577,1
山陽國小防空避難室,臺中市大肚區山陽里,24.15931,120.54487,70,04-26983117,1
紅葉國小,南投縣仁愛鄉發祥村,24.15931,121.17671,300,2955075,
臺中市新社區大林國小,臺中市新社區福興里,24.15948,120.86391,90,04-25941995,1
省三國小育德館及操場,臺中市北區邱厝里,24.1599,120.6848,450,04-22318092,1
鐵山社區活動中心,彰化縣和美鎮鐵山里,24.16,120.519,150,7560457,
溪底社區活動中心,彰化縣伸港鄉溪底村,24.1607,120.50145,40,04-7982010154,1
漢口國中（操場）,臺中市西屯區何明里,24.16176,120.65703,1650,,
崇德國小收容所,花蓮縣秀林鄉崇德村,24.162,121.6524,100,03-8621201,1
何安里活動中心,臺中市西屯區何安里,24.16233,120.65376,405,423124675,
大同國民國小,彰化縣伸港鄉大同村,24.1625,120.4845,500,04-7982307-703,
瑞井社區活動中心,臺中市大肚區瑞井里,24.16335,120.57237,80,04-26914635,1
臺中市新社區福民國小,臺中市新社區福興里,24.16365,120.88096,90,04-25941147,
溫泉部落鄰長家,南投縣仁愛鄉力行村,24.16378,121.18012,50,,
惠來國小（三期活動中心、操場）,臺中市西屯區惠來里,24.16493,120.6497,505,,
海尾社區活動中心,彰化縣伸港鄉海尾村,24.16516,120.48513,40,04-7982010154,1
西屯區公所,臺中市西屯區潮洋里,24.16544,120.63379,372,,
臺中市北區明德活動中心,臺中市北區明德里,24.1657,120.6694,30,04-22951419,1
臺中市北區行政大樓,臺中市北區賴厝里,24.166,120.6822,400,,1
臺中市立東山高級中學禮堂、操場,臺中市北屯區水景里,24.1666,120.7122,770,04-24360166,1
定興社區活動中心,彰化縣伸港鄉定興村,24.16681,120.49696,40,04-7982010154,1
臺中市立三光國民中學（禮堂、操場）,臺中市北屯區三光里,24.16735,120.6984,2235,,
文昌國民小學（活動中心-弘文堂、操場）,臺中市北屯區平昌里,24.16819,120.69321,1422,,
中山國中（操場）,臺中市西屯區何德里,24.16844,120.66019,1375,,
逢甲國民小學（操場、校舍頂樓）,臺中市北屯區民政里,24.16846,120.75975,483,04-22390047,
臺中市北區長青里活動中心,臺中市北區長青里,24.1691,120.6685,200,04-22918691,1
長安國小（操場跑道）,臺中市西屯區何仁里,24.1691,120.65308,242,,
何福、何德里聯合活動中心,臺中市西屯區何福里,24.16968,120.66229,380,423120685,
協和國小（學生活動中心、操場）,臺中市西屯區協和里,24.16986,120.62007,1732,,
四維國民小學（活動中心）,臺中市北屯區平昌里,24.17078,120.69531,304,,
何源里活動中心,臺中市西屯區何源里,24.1708,120.66554,150,423157705,
臺中市北區賴興活動中心,臺中市北區賴興里,24.1718,120.6757,400,04-22956505,
上安國小（活動中心、操場）,臺中市西屯區至善里,24.17207,120.63911,889,,
東光國民小學（活動中心、操場）,臺中市北屯區東光里,24.17211,120.70183,1631,,
基督長老教會,南投縣仁愛鄉力行村,24.17243,121.19637,100,2955035,
力行活動中心,南投縣仁愛鄉力行村,24.17243,121.19637,100,2955666,
大洋部落真耶穌教會,南投縣仁愛鄉力行村,24.17243,121.19637,100,,
文心國民小學（禮堂、操場）,臺中市北屯區平和里,24.17296,120.68258,950,,
崇德國民中學（崇德館、操場）,臺中市北屯區平陽里,24.17296,120.68258,1566,,
上石國小（活動中心、操場）,臺中市西屯區上石里,24.17368,120.64329,1885,,
中達里育德里邱厝里聯合活動中心,臺中市北區中達里,24.17374,120.67439,100,04-22021615,
平順里、平心里、平福里活動中心（3樓）,臺中市北屯區平心里,24.1741,120.6877,300,04-22439138,
至善國中（至善館、操場）,臺中市西屯區至善里,24.17433,120.64019,2179,,
青少年活動中心,臺中市北屯區平和里,24.1744,120.6826,206,923155189,1
中台科技大學羽球館,臺中市北屯區?子里,24.1745,120.7357,150,,1
大福社區活動中心,臺中市西屯區大福里,24.17464,120.66674,165,422910825,
建功國民小學（地下室停車場）,臺中市北屯區軍功里,24.1757,120.71594,575,04-24367042731,
軍功國民小學（禮堂、操場）,臺中市北屯區和平里,24.1757,120.71594,1698,,
福安地區各里聯合活動中心,臺中市西屯區福和里,24.17604,120.61803,290,423508889,1
全興社區活動中心,彰化縣伸港鄉全興村,24.17607,120.48845,60,04-7982010154,1
鵬程里活動中心,臺中市西屯區鵬程里,24.1764,120.64865,95,424523792,1
瑞峰國小防空避難室,臺中市大肚區蔗?里,24.17668,120.5746,100,04-26911291,1
瀋陽公園管理室（活動中心1、2樓）,臺中市北屯區水湳里,24.1769,120.6724,620,04-22921989,1
大鵬國小（綜合球場）,臺中市西屯區大鵬里,24.17748,120.6653,500,,
僑孝國民小學（活動中心）,臺中市北屯區舊社里,24.17776,120.69965,496,,
軍功里活動中心,臺中市北屯區軍功里,24.17786,120.71784,117,04-24363587,1
四箴國中操場、體育館,臺中市龍井區新庄里,24.17819,120.57695,250,04-26314606,
北新國民中學（活動中心）,臺中市北屯區舊社里,24.17888,120.69593,967,04-22449374,
竹坑里活動中心,臺中市龍井區竹坑里,24.18031,120.54639,30,04-26354289,1
龍峰國小操場,臺中市龍井區新庄里,24.18046,120.57615,100,04-26314707,
仁愛國民小學（禮堂三樓、操場）,臺中市北屯區仁愛里,24.18048,120.6719,1304,,
北屯國民小學（禮堂、操場）,臺中市北屯區北京里,24.18048,120.6719,2250,,
大德國民中學（操場）,臺中市北屯區大德里,24.18056,120.66914,825,04-22916984,
翠華村華崗活動中心,南投縣仁愛鄉,24.18067,121.1999,100,,
大德公園管理室（1、2樓）,臺中市北屯區大德里,24.1815,120.6719,550,04-22982321,1
舊社公園活動中心（1、2樓、室外）,臺中市北屯區舊社里,24.1815,120.7007,1580,04-22452926,1
西安、西墩、至善里聯合活動中心,臺中市西屯區西安里,24.18165,120.63994,180,427029768,
北屯區公所六樓禮堂,臺中市北屯區仁和里,24.1827,120.6867,350,04-24606021,1
臺中市東勢區慶福社區活動中心,臺中市東勢區慶福里,24.18286,120.84096,100,25854978,
龍井國小操場、龍騰館,臺中市龍井區龍西里,24.18371,120.52984,150,04-26397131,1
永安國小（永安館、操場）,臺中市西屯區福安里,24.18484,120.62508,1954,,
陳平國民小學（地下活動中心）,臺中市北屯區忠平里,24.18532,120.66755,443,,
東海國小（操場、籃球場）,臺中市西屯區福聯里,24.18602,120.5896,432,,
后庄社區活動中心,臺中市北屯區后庄里,24.18809,120.66498,80,04-24252398,
麗陽營區,臺中市和平區博愛里,24.1883,120.9866,120,04-25942412,1
福科國中（操場、籃球場）,臺中市西屯區福林里,24.1892,120.6138,1542,,
龍崗社區活動中心,臺中市龍井區龍崗里,24.18961,120.54806,30,04-26350514,1
松竹國民小學（勁竹及松青樓地下室）,臺中市北屯區松和里,24.1908,120.68668,643,04-22447043731,
仁美國民小學（地下室、活動中心、操場）,臺中市北屯區仁美里,24.1908,120.68668,2421,04-24211136,
臺中市東勢區慶福里社區活動中心戶外停車場,臺中市東勢區慶福里,24.191,120.8438,50,04-25852900,
龍井國中操場,臺中市龍井區竹坑里,24.19228,120.54406,100,04-26353344,
龍井區公所禮堂,臺中市龍井區龍泉里,24.19268,120.54558,80,04-26352411,
協成國小（教學及行政大樓）,臺中市新社區協成里,24.19277,120.81349,100,,1
四張犁國民中學（活動中心、操場）,臺中市北屯區同榮里,24.19353,120.67744,910,04-24210380,
國安國小（新大樓活動中心、操場）,臺中市西屯區永安里,24.19358,120.60908,1509,,
新興國民小學（禮堂、操場）,臺中市北屯區同榮里,24.19504,120.66275,773,,
四張犁國民小學（操場）,臺中市北屯區仁和里,24.19504,120.66275,1209,,
龍泉國小操場,臺中市龍井區龍泉里,24.19584,120.54746,100,04-26353340,
四民里仁和里仁美里同榮里聯合活動中心室內、室外,臺中市北屯區仁和里,24.19626,120.68052,1250,04-24226353,
頭家國小-多功能教室,臺中市潭子區頭家里,24.19703,120.69622,160,04-25325532,
泰安國小（育才堂、操場）,臺中市西屯區港尾里,24.19785,120.64886,1944,,
頭家里/頭家東里活動中心,臺中市潭子區頭家里,24.19791,120.69907,120,25343219,
拍瀑拉水裡社公園,臺中市龍井區龍泉里,24.19854,120.56282,200,04-22289111,
龍港國小操場,臺中市龍井區麗水里,24.19873,120.50093,100,04-26395586,
大坑國小1.2樓教室、操場,臺中市北屯區大坑里,24.1988,120.7607,625,04-22390748,
水裡港文化館,臺中市龍井區麗水里,24.20078,120.49844,20,04-26352411,1
龍津國小操場、綜合教學大樓,臺中市龍井區龍津里,24.20107,120.52168,150,04-26393394,
潭陽社區活動中心,臺中市潭子區潭陽里,24.2012,120.70347,200,04-25363891,
麗水社區活動中心,臺中市龍井區麗水里,24.2022,120.5011,60,04-26397057,1
臺中市東勢區慶東社區活動中心,臺中市東勢區慶東里,24.2023,120.8422,28,04-25854331,1
僑忠國小-體育館,臺中市潭子區福仁里,24.2025,120.70371,350,04-25324740,
新興國小-專科教室,臺中市潭子區聚興里,24.20399,120.72553,50,04-25364571,
龍津國中操場,臺中市龍井區三德里,24.20452,120.52105,150,04-26304536,
臺中市東勢區東華國中教室,臺中市東勢區慶東里,24.2054,120.8397,1100,,1
東興國小（一樓課照教室）,臺中市新社區東興里,24.20615,120.8201,100,04-25811467,1
臺中市東勢區成功國小,臺中市東勢區慶東里,24.20831,120.83978,1200,0425852040-103,1
潭子國中-活動中心,臺中市潭子區潭陽里,24.21019,120.70836,230,04-25376192-302,
榮興村辦公處,南投縣仁愛鄉榮興村,24.21044,121.30025,40,04-25991119,
潭子區運動公園,臺中市潭子區甘蔗里,24.21106,120.70071,2500,972674820,
臺中市大雅區三和公園,臺中市大雅區三和里,24.21185,120.66525,1580,,
臺中市大雅區大明國小活動中心,臺中市大雅區員林里,24.2128,120.6499,1191,,
潭陽國小-業勤樓,臺中市潭子區潭陽里,24.21304,120.71013,160,04-25382255-806,
合作國小,臺中市豐原區三村里,24.2131,120.5581,100,,1
潭北社區活動中心,臺中市潭子區潭北里,24.2141,120.7089,63,25365074,1
山腳社區活動中心,臺中市龍井區山腳里,24.21429,120.54937,30,04-26355115,1
東寶國小-綜合教室,臺中市潭子區東寶里,24.2148,120.67952,110,04-25324564-732,
忠和社區活動中心,臺中市龍井區忠和里,24.21486,120.52405,35,04-26391692,1
新田社區活動中心,臺中市潭子區新田里,24.21497,120.72322,150,910435207,1
潭秀社區活動中心,臺中市潭子區潭秀里,24.21529,120.70387,100,04-25325946,
潭子國小-圖書室,臺中市潭子區潭秀里,24.21589,120.70536,150,04-25324610-243,
龍海國小操場,臺中市龍井區忠和里,24.21596,120.52668,100,04-26393334,
臺中市立大華國中地下室,臺中市大雅區四德里,24.2161,120.6496,560,,1
臺中市大雅區西寶社區活動中心,臺中市大雅區西寶里,24.2161,120.668,60,04-25661148,1
潭秀國中-體育館,臺中市潭子區甘蔗里,24.21617,120.69952,220,04-25343542-311,
臺中市北勢國小禮堂,臺中市沙鹿區六路里,24.21693,120.57155,124,,
南勢社區活動中心,臺中市沙鹿區南勢里,24.21739,120.5678,50,921761539,1
南陽國小,臺中市豐原區中陽里,24.2187,120.5677,300,04-25222521705,
臺中市東勢區上城社區活動中心,臺中市東勢區上城里,24.2188,120.84,46,04-25853520,1
馬力埔社區活動中心,臺中市新社區永源里,24.21889,120.79234,50,926620597,
臺中市大雅區文雅國小地下室,臺中市大雅區文雅里,24.2195,120.6461,1700,,
臺中市大雅區三和國小體育館,臺中市大雅區三和里,24.2199,120.6667,1464,,1
臺中市東勢區下城社區活動中心,臺中市東勢區下城里,24.22,120.83666,50,25852877,
臺中市大雅區陽明國小1樓教室,臺中市大雅區秀山里,24.2213,120.632,944,,
臺中市東勢區新成國小禮堂,臺中市東勢區上城里,24.2213,120.8394,800,,
六路社區活動中心,臺中市沙鹿區六路里,24.22157,120.57848,126,04-26351092,1
臺中市大雅區大雅國小體育館,臺中市大雅區二和里,24.2222,120.6503,950,,1
晉江社區活動中心,臺中市沙鹿區晉江里,24.22265,120.58058,86,04-26529646,1
臺中市立大雅國中體育館,臺中市大雅區大雅里,24.2241,120.6504,820,,1
福興社區活動中心,臺中市沙鹿區福興里,24.22461,120.5674,95,04-26358301,
北勢社區活動中心,臺中市沙鹿區北勢里,24.22482,120.57112,76,963491572,
臺中市北勢國中禮堂,臺中市沙鹿區北勢里,24.22518,120.56921,259,,1
北勢國民中學操場,臺中市沙鹿區北勢里,24.22518,120.56921,451,04-26322236731,
停四雅楓停車場,臺中市大雅區雅楓里,24.22547,120.65684,190,,
斗抵社區活動中心,臺中市沙鹿區斗抵里,24.22585,120.55457,157,04-26355567,1
鎌村里活動中心,臺中市豐原區鎌村里,24.2262,120.7299,100,04-25367874,1
大南國小（多功能教室）,臺中市新社區大南里,24.22674,120.80469,150,,
臺中市大雅區上雅社區活動中心,臺中市大雅區上雅里,24.2281,120.6509,50,04-25676420,1
臺中市新社區公所,臺中市新社區復盛里,24.2282,120.8122,50,04-25811111,1
臺中市大雅區公所,臺中市大雅區上雅里,24.2289,120.6478,120,,1
臺中市大雅區秀山社區活動中心,臺中市大雅區秀山里,24.229,120.6334,40,04-25664666,
栗林社區活動中心,臺中市潭子區栗林里,24.22963,120.71211,100,04-25365471,1
永寧國小操場,臺中市梧棲區永寧里,24.23,120.53,200,,
國立中科實驗高級中學,臺中市大雅區秀山里,24.23014,120.62599,267,,
中興嶺停車場,臺中市新社區中興里,24.23123,120.80964,300,04-25811111,
復盛公園戶外臨時避難收容場所,臺中市新社區復盛里,24.23123,120.80964,300,04-25811111,
臺中市大雅區汝鎏國小1~3樓教室,臺中市大雅區秀山里,24.2314,120.6265,1924,,1
新社區老人文康活動中心,臺中市新社區復盛里,24.2321,120.80745,50,04-25811111,1
東陽里活動中心,臺中市豐原區東陽里,24.2329,120.7476,50,04-25273283,1
興安社區活動中心,臺中市沙鹿區興仁里,24.23327,120.56286,37,04-26627806,
興仁社區活動中心,臺中市沙鹿區興仁里,24.23327,120.56286,38,04-26621976,
臺中市大雅區大楓社區活動中心,臺中市大雅區上楓里,24.2346,120.667,50,04-25653731,1
臺中市大雅區上楓社區活動中心二,臺中市大雅區上楓里,24.2347,120.6668,50,04-25663234,1
鎮立公園,臺中市沙鹿區北勢里,24.23475,120.56641,95,04-26634226,
沙鹿國民中學操場,臺中市沙鹿區美仁里,24.23521,120.56335,363,,
臺中市沙鹿國中禮堂,臺中市沙鹿區美仁里,24.23521,120.56335,553,,1
臺中市原住民綜合服務中心,臺中市大雅區忠義里,24.23534,120.62236,72,,
美仁社區活動中心,臺中市沙鹿區美仁里,24.2358,120.56157,44,04-26627678,
居仁社區活動中心,臺中市沙鹿區居仁里,24.2358,120.56157,74,04-26652678,1
臺中市沙鹿國小禮堂,臺中市沙鹿區美仁里,24.2358,120.56157,315,,1
臺中市大雅區上楓國小庠序樓地下室,臺中市大雅區上楓里,24.2361,120.667,1216,,1
豐田國小,臺中市豐原區豐田里,24.237,120.722,500,04-25262891112,1
文昌街、日新街口停車場,臺中市沙鹿區洛泉里,24.23705,120.56185,709,04-26625014617,
臺中市東勢區石角國小教室,臺中市東勢區隆興里,24.2379,120.8503,400,,
臺中市大雅區六寶國小1~3樓教室,臺中市大雅區六寶里,24.2381,120.6355,900,,1
豐田里活動中心舊,臺中市豐原區豐田里,24.2381,120.7218,50,04-25273282,1
臺中市竹林國小禮堂,臺中市沙鹿區竹林里,24.23854,120.56788,73,,1
竹林國民小學操場,臺中市沙鹿區竹林里,24.23854,120.56788,859,,
三角社區活動中心,臺中市神岡區三角里,24.2386,120.6895,45,04-25627716,
豐南國中,臺中市豐原區田心里,24.2394,120.7169,1000,04-25280185130,1
豐田活動中心新,臺中市豐原區豐田里,24.2402,120.7213,50,04-25273282,1
崑山國小,臺中市新社區崑山里,24.24108,120.78776,100,04-25812496,1
南陽里活動中心,臺中市豐原區南陽里,24.2412,120.7261,100,04-25290359,1
清泉社區活動中心,臺中市沙鹿區清泉里,24.24154,120.61464,88,04-26151920,1
梧棲國中活動中心,臺中市梧棲區文化里,24.2418,120.5492,300,04-26562850,
豐原區公所,臺中市豐原區田心里,24.2419,120.7182,200,04-25222106,
梧南國小3樓視聽教室,臺中市梧棲區草湳里,24.2421,120.5238,100,,
東勢高工學生活動中心,臺中市東勢區新盛里,24.2422,120.8338,2200,04-25872136-502,1
新社國小（活動中心）,臺中市新社區新社里,24.24225,120.80836,150,,
田心里活動中心,臺中市豐原區田心里,24.2424,120.7186,50,04-25293100,1
草湳里活動中心,臺中市梧棲區草湳里,24.2429,120.5225,120,04-26391870,
大德國小風雨操場,臺中市梧棲區大村里,24.2431,120.5423,300,,
鹿寮社區活動中心,臺中市沙鹿區鹿寮里,24.24311,120.56676,77,04-26688320,
臺中市公明國小禮堂,臺中市沙鹿區公明里,24.24316,120.60971,75,,1
公明國民小學操場,臺中市沙鹿區公明里,24.24316,120.60971,1744,,
臺中市東勢區新盛國小教室,臺中市東勢區新盛里,24.2434,120.8307,1200,,1
鹿鳴公園,臺中市沙鹿區北勢里,24.2438,120.56675,20,04-26634226,
臺中市鹿寮國中禮堂,臺中市沙鹿區鹿寮里,24.2438,120.56675,151,,1
鹿寮國民中學操場,臺中市沙鹿區鹿寮里,24.2438,120.56675,826,,
臺中港區綜合體育館,臺中市梧棲區大村里,24.2444,120.5435,400,04-26578439,1
中港高中地下一樓會議教室,臺中市梧棲區大村里,24.2448,120.5422,300,,1
公明社區活動中心,臺中市沙鹿區公明里,24.24564,120.60793,90,04-26151578,1
社口國小樂群樓,臺中市神岡區社南里,24.2457,120.6847,955,,1
豐原高商,臺中市豐原區西勢里,24.246,120.7129,860,,
大庄社區活動中心,臺中市梧棲區大庄里,24.2463,120.5426,100,04-26567430,1
公明國民中學教室,臺中市沙鹿區公明里,24.24655,120.60753,110,,
臺中市公明國中禮堂,臺中市沙鹿區公明里,24.24655,120.60753,111,,
臺中市公明國中操場,臺中市沙鹿區公明里,24.24655,120.60753,588,,
北陽里活動中心,臺中市豐原區北陽里,24.2473,120.7304,50,04-25273278,1
豐東國中,臺中市豐原區北陽里,24.2474,120.729,700,04-25221743230,1
福陽國小,臺中市豐原區北陽里,24.2481,120.7234,100,04-25291101630,1
瑞穗國小,臺中市豐原區西安里,24.2493,120.7117,1000,04-25262064,1
陸軍第五地區支援指揮部豐原甲型聯,臺中市豐原區社皮里,24.2497,120.7055,115,425156702,
西安里活動中心,臺中市豐原區西安里,24.2497,120.7134,100,04-25273279,1
岸裡國小學生活動中心,臺中市神岡區岸裡里,24.2498,120.6975,188,,1
臺中市立東勢國中教室,臺中市東勢區泰昌里,24.2503,120.8324,800,04-25873843228,1
中正國小活動中心,臺中市梧棲區福德里,24.2504,120.5387,250,,
臺中市東勢區泰安宮,臺中市東勢區廣興里,24.2517,120.8313,20,04-25771266,1
南嵩里活動中心,臺中市豐原區南嵩里,24.2519,120.7426,50,04-25130778,1
中陽里活動中心,臺中市豐原區中陽里,24.2521,120.725,100,04-25273284,1
富春國小,臺中市豐原區豐西里,24.2524,120.7133,1000,04-25222542731,1
中港國小視聽教室,臺中市梧棲區大村里,24.2525,120.5328,100,,1
臺中市立中山國小教室,臺中市東勢區泰昌里,24.253,120.8351,500,04-25872471-12,1
豐圳里活動中心新,臺中市豐原區豐圳里,24.2537,120.7085,100,04-25206740,1
情人公園,臺中市梧棲區中正里,24.2545,120.5326,100,,
庄前里活動中心,臺中市神岡區庄前里,24.2545,120.6605,41,04-25622888,
臺中市東勢區延平社區活動中心,臺中市東勢區延平里,24.255,120.8285,50,04-25886293,1
五里聯合活動中心,臺中市豐原區豐榮里,24.2551,120.7202,200,04-25204086,
梧棲區公所四樓禮堂,臺中市梧棲區中正里,24.2552,120.5317,80,04-26564311,1
豐村國小,臺中市豐原區南村里,24.2553,120.7367,300,04-25222468704,1
豐原國小,臺中市豐原區豐榮里,24.2554,120.7211,330,04-25222066714,1
臺中市鹿峰國小禮堂,臺中市沙鹿區鹿峰里,24.25561,120.57002,363,,1
鹿峰國民小學操場,臺中市沙鹿區鹿峰里,24.25561,120.57002,810,,
東勢區鯉魚伯公公園,臺中市東勢區東安里,24.25619,120.8251,1700,04-25872106,1
南村里活動中心,臺中市豐原區南村里,24.2566,120.7299,100,04-25132523,
大甲溪河濱公園,臺中市東勢區南平里,24.25697,120.82425,34000,04-25872106,
龍興活動中心,臺中市石岡區龍興里,24.257,120.7898,60,04-25815460,
北庄社區活動中心,臺中市神岡區北庄里,24.2574,120.6683,48,04-25621236,
翁明里活動中心,臺中市豐原區翁明里,24.2576,120.7259,100,04-25220938,1
東勢客家文化園區,臺中市東勢區廣興里,24.25762,120.83186,1300,04-25888634,1
圳寮里活動中心,臺中市豐原區圳寮里,24.2577,120.7186,100,04-25245853,1
神岡區公所,臺中市神岡區神岡里,24.2579,120.6614,204,04-25620841,
梧棲綜合活動中心,臺中市梧棲區中正里,24.258,120.5289,250,04-26562339,1
臺中市東勢區中科國小,臺中市東勢區中嵙里,24.25811,120.85167,700,0425872534-304,1
大湳里活動中心,臺中市豐原區大湳里,24.2582,120.7193,50,04-25246993,1
臺中市東勢區東勢國小禮堂,臺中市東勢區廣興里,24.2586,120.8296,2100,,1
南簡公園,臺中市梧棲區南簡里,24.25865,120.54415,500,04-26560005,
神岡國小中正體育館,臺中市神岡區神岡里,24.2589,120.6611,163,,
南田里活動中心,臺中市豐原區南田里,24.2591,120.7419,50,04-25221845,1
石岡托兒所和盛分所,臺中市石岡區和盛里,24.2591,120.8154,60,04-25815868,
三村里活動中心,臺中市豐原區三村里,24.2598,120.7093,50,04-25347069,1
東新國小教室,臺中市東勢區東新里,24.2604,120.8274,300,04-25881083,1
公館國民小學操場,臺中市沙鹿區西勢里,24.26047,120.59561,470,04-26154353219,
頂寮社區活動中心,臺中市梧棲區頂寮里,24.2605,120.5326,150,04-26569450,1
北湳里活動中心,臺中市豐原區北湳里,24.2608,120.7216,50,04-25255502,1
葫蘆墩國小,臺中市豐原區西湳里,24.2611,120.7143,500,04-25205136732,
豐陽國中,臺中市豐原區南田里,24.262,120.745,200,04-25203470551,1
豐洲國小教室,臺中市神岡區豐洲里,24.2623,120.704,168,,1
社會福利館,臺中市石岡區德興里,24.2627,120.8134,150,04-25822743,
翁子里活動中心,臺中市豐原區翁子里,24.2629,120.7425,100,04-25132005,
東新國中教室,臺中市東勢區東新里,24.2634,120.8295,1300,,1
?榔國小禮堂,臺中市清水區?榔里,24.2639,120.5451,70,,1
土牛活動中心,臺中市石岡區土牛里,24.2655,120.0892,40,04-25818635,1
清水國小活動中心,臺中市清水區南寧里,24.2668,120.5732,250,,1
清水區公所,臺中市清水區中社里,24.2683,120.5596,250,,
清水國中學生活動中心---培德樓,臺中市清水區西社里,24.2683,120.563,500,,1
西湳里活動中心,臺中市豐原區西湳里,24.2685,120.7177,100,04-25206773,1
三叉坑社區活動中心,臺中市和平區自由里,24.2686,120.8913,130,917656122,
清水區老人文康活動中心1樓,臺中市清水區靈泉里,24.269,120.5783,50,,
鰲峰社區活動中心,臺中市清水區鰲峰里,24.2693,120.5791,40,,
吳厝國小地下室1 樓,臺中市清水區吳厝里,24.2696,120.6047,15,,1
東湳里活動中心,臺中市豐原區東湳里,24.2704,120.7265,100,04-25250968,1
金星活動中心,臺中市石岡區金星里,24.2708,120.7735,100,04-25724116,
建國國小教學行政大樓地下室,臺中市清水區西社里,24.2712,120.5629,200,,1
大秀國小--國小禮堂及朝陽樓地下室1樓,臺中市清水區武鹿里,24.2718,120.5729,170,,1
清水紫雲巖文化大樓,臺中市清水區鰲峰里,24.2722,120.5789,300,04-26225500,
圳堵國小學生活動中心,臺中市神岡區圳堵里,24.2725,120.6587,209,,
梅子活動中心,臺中市石岡區梅子里,24.2733,120.7996,60,04-25817571,1
朴子里活動中心,臺中市豐原區朴子里,24.2736,120.7484,50,04-25273274,1
金沙鎮大洋里辦公處,金門縣金沙鎮大洋里,24.274,118.271,30,082-335089,
石岡區公所,臺中市石岡區九房里,24.2748,120.7803,60,,1
萬興活動中心,臺中市石岡區萬興里,24.2753,120.791,60,04-25815305,1
HHH,臺中市石岡區九房里,24.2758,120.7803,50,04-5555555555,1
西寧國小活動中心,臺中市清水區西寧里,24.276,120.5754,600,,1
萬安活動中心,臺中市石岡區萬安里,24.276,120.7776,20,04-25721996,
石岡國小籃球場,臺中市石岡區石岡里,24.2761,120.7733,100,04-25721730,
東山國小教學大樓地下室,臺中市清水區東山里,24.2763,120.6344,70,,1
清海國中--弘德樓地下室,臺中市清水區武鹿里,24.2764,120.5537,250,,1
峰谷國小南棟教室,臺中市霧峰區峰谷里,24.279,120.4318,900,04-23399271,1
金沙鎮何斗里辦公處,金門縣金沙鎮何斗里,24.282,118.24,80,082-351872,
金沙鎮三山里辦公處,金門縣金沙鎮三山里,24.282,118.245,30,082-351840,
金沙鎮浦山里辦公處,金門縣金沙鎮浦山里,24.284,118.232,30,082-352848,
金沙鎮光前里辦公處,金門縣金沙鎮光前里,24.284,118.253,80,082-353833,
石城國小教室,臺中市東勢區茂興里,24.286,120.7925,900,,
"三田國小禮堂1,2樓",臺中市清水區田寮里,24.2899,120.5811,400,,1
雙崎社區活動中心,臺中市和平區自由里,24.2907,120.9085,110,923389079,1
金沙鎮汶沙里辦公處,金門縣金沙鎮汶沙里,24.291,118.245,30,082-352556,
大楊國小A棟地下室,臺中市清水區楊厝里,24.2923,120.6101,50,04-26200634,1
舊社社區活動中心,臺中市后里區舊社里,24.2949,120.7014,200,,
后里七星崗營區,臺中市后里區廣福里,24.2957,120.7355,1673,04-25570089,1
墩南社區活動中心,臺中市后里區墩南里,24.2964,120.7149,120,04-225564843,
七星國小,臺中市后里區墩南里,24.2966,120.7163,693,,
后里南營區,臺中市后里區廣福里,24.2985,120.7279,1244,04-25570089,
上新社區籃槌球場,苗栗縣卓蘭鎮上新里,24.2991,120.8345,100,425897176,
內灣國小操場,苗栗縣卓蘭鎮內灣里,24.2991,120.8495,200,425892094,
上新老人文康中心,苗栗縣卓蘭鎮上新里,24.3027,120.83172,100,04-25897176,1
金沙鎮西園里辦公處,金門縣金沙鎮西園里,24.303,118.242,30,082-354628,
甲南國小北棟地下室1樓,臺中市清水區菁埔里,24.3046,120.5958,50,,1
清泉國中活動中心,臺中市清水區菁埔里,24.306,120.5918,150,04-26113119,1
后綜高中,臺中市后里區廣福里,24.3062,120.7226,2083,,
臺中市立后里幼兒園,臺中市后里區墩北里,24.3067,120.7112,50,,
后里國中,臺中市后里區眉山里,24.3071,120.695,869,,
墩東社區活動中心,臺中市后里區墩東里,24.3071,120.7155,150,04-25569829,
內埔國小,臺中市后里區墩東里,24.3075,120.7145,726,,
墩北社區活動中心,臺中市后里區墩北里,24.308,120.7119,120,04-25561888,
后里社區活動中心,臺中市后里區后里里,24.3082,120.7206,80,04-25581487,
和平活動中心,花蓮縣秀林鄉和平村,24.3083,121.7483,100,03-8681113,1
義里社區活動中心,臺中市后里區義里里,24.3084,120.7314,70,04-25575340,1
后里區立活動中心,臺中市后里區墩東里,24.3089,120.7142,200,,
明正國小教室,臺中市東勢區明正里,24.3094,120.7904,380,,1
后里國小,臺中市后里區義里里,24.31,120.7294,620,,
金沙鎮官嶼里辦公處,金門縣金沙鎮官嶼里,24.311,118.245,30,082-351715,
育英國小,臺中市后里區太平里,24.3113,120.6794,250,,
卓蘭國小活動中心,苗栗縣卓蘭鎮新厝里,24.3122,120.8248,200,04-25892008,1
卓蘭國小操場,苗栗縣卓蘭鎮新榮里,24.3122,120.8248,500,04-25892008,
高美國小教學行政大樓地下室1樓,臺中市清水區高美里,24.3123,120.5622,300,,1
臺中市立后里幼兒園-太平聯合分所,臺中市后里區太平里,24.3131,120.6776,50,,1
厚里社區活動中心,臺中市后里區厚里里,24.3135,120.7157,150,00-00000000,
月眉國小,臺中市后里區眉山里,24.3153,120.6909,818,,
泰安社區活動中心,臺中市后里區泰安里,24.3218,120.7435,100,04-25566920,1
泰安國小,臺中市后里區泰安里,24.3253,120.7505,579,,
水美國小勤學樓,臺中市外埔區水美里,24.328,120.6339,200,04-26876508,1
南澳高中,宜蘭縣南澳鄉南澳村,24.3322,121.7451,245,03-9981024,1
豐原國中,臺中市豐原區西湳里,24.3323,120.7298,100,04-25251200107,1
外埔老人文康活動中心,臺中市外埔區大同里,24.3324,120.651,500,04-26832216,
農民研習中心大型收容所,臺中市外埔區大同里,24.3327,120.6512,100,04-26834508,
公館社區活動中心,臺中市后里區公館里,24.3329,120.7329,150,932066387,
金洋國小,宜蘭縣南澳鄉金洋村,24.3332,121.7458,28,03-9981486,1
澳花和平基督長老教會,宜蘭縣南澳鄉澳花村,24.33345,121.74583,20,03-9985180,1
水美社區活動中心,臺中市外埔區水美里,24.3337,120.6315,100,04-26879697,
坪林社區活動中心,苗栗縣卓蘭鎮坪林里,24.3358,120.8761,100,04-25921312,1
景山國小操場,苗栗縣卓蘭鎮景山里,24.3358,120.8763,100,425921221,
文武國小體育教室,臺中市大甲區武陵里,24.3364,120.6006,118,04-26710928,1
桃山社區活動中心,臺中市和平區達觀里,24.34,120.9357,60,,1
豐原高中,臺中市豐原區南田里,24.3401,120.6253,210,04-252903816277,1
大甲區長青活動中心,臺中市大甲區中山里,24.3409,120.6269,525,04-26872101,1
雙連國小操場,苗栗縣卓蘭鎮坪林里,24.3449,120.8419,100,425892794,
大安國小體育館,臺中市大安區中庄里,24.3451,120.5882,5119,,1
老人文康活動中心,臺中市大安區中庄里,24.3459,120.5895,50,,1
大安區公所禮堂,臺中市大安區中庄里,24.3462,120.5866,60,,1
梅園村活動中心,苗栗縣泰安鄉梅園村,24.3479,120.9304,100,919531713,1
新開國小操場,苗栗縣大湖鄉新開村,24.34826,120.82635,100,,
新開國小,苗栗縣大湖鄉新開村,24.34826,120.82635,100,,
文昌國小戶外空地,臺中市大甲區孔門里,24.3483,120.6242,413,04-26872076,1
大甲高工活動中心,臺中市大甲區頂店里,24.3499,120.6445,496,04-26874132,1
大甲國小禮堂,臺中市大甲區文武里,24.3508,120.6261,240,04-26872048,1
豐田國小操場,苗栗縣卓蘭鎮豐田里,24.3517,120.8577,200,425892164,
坪林國小操場,苗栗縣卓蘭鎮坪林里,24.3526,120.8653,200,425921334,1
大甲國中活動中心,臺中市大甲區文武里,24.3536,120.6223,491,04-26872564,1
三光國小體育館,臺中市大安區龜?里,24.358,120.6005,300,,1
景山社區活動中心,苗栗縣卓蘭鎮景山里,24.3587,120.8671,50,04-25921583,1
士林國小,苗栗縣泰安鄉士林村,24.3605,120.947,150,934135440,1
象鼻村活動中心,苗栗縣泰安鄉象鼻村,24.36053,120.94702,160,977109996,1
象鼻村活動中心戶外廣場,苗栗縣泰安鄉象鼻村,24.36225,120.93894,100,037-962518,
大安國中體育館,臺中市大安區松雅里,24.3652,120.6018,1325,,1
栗林國小操場,苗栗縣大湖鄉栗林村,24.3735,120.84271,100,,
栗林社區活動中心,苗栗縣大湖鄉栗林村,24.37351,120.84274,100,037-951219,1
武榮社區活動中心,苗栗縣大湖鄉武榮村,24.3755,120.8646,100,037-990119,
日南國中體育館,臺中市大甲區孟春里,24.3783,120.652,539,04-26813721,1
海墘國小體育館,臺中市大安區海墘里,24.3792,120.589,2370,04-26876085,1
東興國小操場,苗栗縣大湖鄉東興村,24.38072,120.88281,100,037-992815,
東興國小,苗栗縣大湖鄉東興村,24.38073,120.88282,100,037-992815,1
永安國小體育館,臺中市大安區永安里,24.3823,120.6063,300,,1
武榮國小操場,苗栗縣大湖鄉武榮村,24.38251,120.86742,100,,
日南國小禮堂,臺中市大甲區幸福里,24.39,120.6551,99,04-26813704,1
細道邦長老教會,苗栗縣泰安鄉中興村,24.3938,120.9203,30,037-994370,1
梅園村活動中心戶外廣場,苗栗縣泰安鄉梅園村,24.39527,120.96991,100,919531713,
南湖國中操場,苗栗縣大湖鄉義和村,24.3974,120.86727,200,,
南湖國中,苗栗縣大湖鄉義和村,24.3974,120.86727,200,,1
西南門里辦公處,金門縣金城鎮西門里,24.40212,118.30594,50,,
金門城社區活動中心,金門縣金城鎮古城里,24.40212,118.30594,50,082-329428,
華龍國小戶外空地,臺中市大甲區日南里,24.406,120.6482,2702,04-26811270,1
前水頭社區活動中心,金門縣金城鎮金水里,24.41264,118.29532,50,082-329103,
和平社區活動中心,金門縣金城鎮珠沙里,24.41488,118.32855,50,082-329563,
金門縣烈嶼鄉上岐村辦公處,金門縣烈嶼鄉上岐村,24.4154,118.226,30,082-364503,1
金湖鎮料羅里辦公處,金門縣金湖鎮料羅里,24.41668,118.43626,30,082-330889,1
賢庵里辦公處,金門縣金城鎮賢庵里,24.41785,118.30989,30,082-326500,
大湖農工操場,苗栗縣大湖鄉大寮村,24.42,120.86117,150,,
大湖農工,苗栗縣大湖鄉大寮村,24.42,120.86117,150,,1
西岐國小有晴館,臺中市大甲區西岐里,24.4209,120.629,280,04-26811747,1
大興村活動中心,苗栗縣泰安鄉大興村,24.4211,120.9109,100,037-990381,1
大湖國小操場,苗栗縣大湖鄉明湖村,24.42142,120.86981,100,037-991008,
大湖國小,苗栗縣大湖鄉大湖村,24.42142,120.86981,100,037-991008,
大南村辦公處,苗栗縣大湖鄉大南村,24.4224,120.8984,100,037-992709,1
大湖鄉老人文康中心,苗栗縣大湖鄉大湖村,24.42499,120.86688,100,,1
福興里民活動中心,苗栗縣通霄鎮福興里,24.4259,120.7277,30,037-782434,1
鄉立武塔村幼兒園,宜蘭縣南澳鄉武塔村,24.4259,121.7493,22,03-9982665,1
金湖鎮蓮庵里辦公處,金門縣金湖鎮蓮庵里,24.42601,118.44528,30,082-337011,1
大湖國中操場,苗栗縣大湖鄉靜湖村,24.42643,120.87078,100,,
大湖國中,苗栗縣大湖鄉靜湖村,24.42643,120.87078,100,,1
金門縣烈嶼鄉上林村辦公處,金門縣烈嶼鄉上林村,24.4279,118.2322,30,082-364503,1
金門縣烈嶼鄉體育館,金門縣烈嶼鄉林湖村,24.429,118.2429,100,,1
新隆國小操場,苗栗縣銅鑼鄉新隆村,24.4297,120.809,20,037-971102,
新隆國小,苗栗縣銅鑼鄉新隆村,24.4297,120.809,50,037-971102,1
金門縣立體育館,金門縣金城鎮南門里,24.42986,118.31522,500,082-328616,
金城鎮公所,金門縣金城鎮東門里,24.43274,118.32061,60,082-325058,1
榜林村辦公處收容所,金門縣金寧鄉榜林村,24.43513,118.33187,50,082-372477,
金門縣烈嶼鄉西口村辦公處,金門縣烈嶼鄉西口村,24.4353,118.2383,30,082-364503,1
金湖鎮新湖里辦公處,金門縣金湖鎮新湖里,24.43581,118.41455,30,082-333101,1
南山活動中心,宜蘭縣大同鄉復興村,24.4386,121.371,92,03-9892690,1
金湖鎮正義里辦公處,金門縣金湖鎮正義里,24.43901,118.39002,40,082-325439,1
金湖鎮公所,金門縣金湖鎮新市里,24.44151,118.41688,120,082-332528,1
金湖鎮新市里辦公處,金門縣金湖鎮新市里,24.44157,118.41675,40,082-332131,
金湖鎮溪湖里辦公處,金門縣金湖鎮溪湖里,24.44246,118.46029,30,082-330977,1
金湖鎮山外里辦公處,金門縣金湖鎮山外里,24.44357,118.41469,30,082-331183,1
金岳國小,宜蘭縣南澳鄉金岳村,24.4456,121.7692,28,03-9981636,1
武塔國小,宜蘭縣南澳鄉武塔村,24.44565,121.7776,30,03-9981632,1
金門縣烈嶼鄉黃埔村辦公處,金門縣烈嶼鄉黃埔村,24.4467,118.2518,30,082-364503,1
清安村活動中心,苗栗縣泰安鄉清安村,24.4478,120.9074,110,037-941017,1
南澳村辦公處,宜蘭縣南澳鄉南澳村,24.4488,121.7778,15,03-9982900,1
富民社區活動中心戶外廣場,苗栗縣泰安鄉清安村,24.44902,120.89961,100,037-941017,
盤山村辦公處收容所,金門縣金寧鄉盤山村,24.44905,118.34023,50,082-329174,1
后盤村辦公處收容所,金門縣金寧鄉后盤村,24.45089,118.35427,50,082-311867,1
金寧鄉公所收容所,金門縣金寧鄉盤山村,24.4509,118.3349,100,082-326510,1
金湖鎮瓊林里辦公處,金門縣金湖鎮瓊林里,24.45515,118.37292,50,082-332426,1
安美村辦公處收容所,金門縣金寧鄉安美村,24.45734,118.32665,50,082-327411,1
湖埔村辦公處收容所,金門縣金寧鄉湖埔村,24.45806,118.30547,50,,1
朝陽社區活動中心,宜蘭縣蘇澳鎮朝陽里,24.4615,121.8158,72,03-9982068,1
興隆國小操場,苗栗縣銅鑼鄉興隆村,24.4629,120.812,20,037-982804,
興隆國小,苗栗縣銅鑼鄉興隆村,24.4629,120.812,50,037-982804,1
南強社區活動中心,宜蘭縣蘇澳鎮南強里,24.4635,121.8059,49,03-9981073,1
通霄鎮綜合活動中心,苗栗縣通霄鎮通東里,24.4638,120.7449,200,037-761637,1
文峰國小操場,苗栗縣銅鑼鄉樟樹村,24.4645,120.7858,20,037-981143,
文峰國小,苗栗縣銅鑼鄉樟樹村,24.4645,120.7858,50,037-981143,1
蓬萊國小,宜蘭縣蘇澳鎮南強里,24.4647,121.803,50,03-9981660,1
錦水村活動中心,苗栗縣泰安鄉錦水村,24.4652,120.9428,80,037-941325,1
南澳鄉公所二樓,宜蘭縣南澳鄉南澳村,24.46607,121.80363,30,03-9981915,1
錦水村活動中心戶外廣場,苗栗縣泰安鄉錦水村,24.46711,120.93466,120,,
金洋社區活動中心,宜蘭縣南澳鄉金洋村,24.4673,121.8006,23,03-9981458,1
南澳國小,宜蘭縣南澳鄉南澳村,24.46751,121.80115,75,03-9981228,1
南衡宮,苗栗縣獅潭鄉竹木村,24.4716,120.8865,50,037-991150,1
九湖國小操場,苗栗縣銅鑼鄉九湖村,24.473,120.7764,20,037-981149,
九湖國小,苗栗縣銅鑼鄉九湖村,24.473,120.7764,50,037-981149,1
碧候國小,宜蘭縣南澳鄉碧候村,24.47444,121.78472,43,03-9981634,1
豐林國小,苗栗縣獅潭鄉新豐村,24.4766,120.8913,400,037-991150,1
古寧村辦公處收容所,金門縣金寧鄉古寧村,24.47777,118.31223,50,082-329376,1
新豐村活動中心,苗栗縣獅潭鄉新豐村,24.4789,120.8939,120,037-991150,1
城南社區活動中心,苗栗縣通霄鎮城南里,24.4838,120.6826,30,037-782345,1
銅鑼灣會館,苗栗縣銅鑼鄉銅鑼村,24.4851,120.7855,70,037-982130-31,1
通霄國小,苗栗縣通霄鎮通東里,24.4869,120.6786,200,037-752008,1
豐林社區活動中心,苗栗縣獅潭鄉豐林村,24.4884,120.9005,250,037-931368,1
金沙鎮公所,金門縣金沙鎮汶沙里,24.4889,118.4132,110,082-352150,1
八卦村活動中心,苗栗縣泰安鄉八卦村,24.4896,120.9325,40,037-995837,1
中興國小操場,苗栗縣銅鑼鄉中平村,24.4899,120.8028,20,037-224458,
中興國小,苗栗縣銅鑼鄉中平村,24.4899,120.8028,50,037-224458,1
四季活動中心,宜蘭縣大同鄉,24.4899,121.4182,88,03-9809140,
通霄國中,苗栗縣通霄鎮通西里,24.4908,120.6833,200,037-752002,1
銅鑼國小操場,苗栗縣銅鑼鄉福興村,24.4908,120.7913,20,037-981013,
銅鑼國小,苗栗縣銅鑼鄉福興村,24.4908,120.7913,50,037-981013,1
八卦村活動中心戶外操場,苗栗縣泰安鄉八卦村,24.49133,120.9243,200,,
苗栗縣青少年服務中心暨平安社區活動中心,苗栗縣通霄鎮平安里,24.4951,120.69129,150,037-753643,1
竹森社區活動中心,苗栗縣銅鑼鄉竹森村,24.5041,120.7829,50,037-981888,1
廣德宮廣場,苗栗縣銅鑼鄉竹森村,24.5045,120.7828,30,037-981508,
公館鄉公所,苗栗縣公館鄉玉泉村,24.50596,120.8284,300,037-222210,
公館鄉老人文康中心,苗栗縣公館鄉玉谷村,24.51511,120.82435,300,037-233433,
東澳社區活動中心,宜蘭縣蘇澳鎮東澳里,24.516,121.8346,42,03-9986365,1
東澳國小,宜蘭縣南澳鄉東岳村,24.52148,121.8327,38,03-9986217,1
東岳村災民收容中心,宜蘭縣南澳鄉東岳村,24.5216,121.833,27,03-9986103,1
南勢社區活動中心,苗栗縣苗栗市南勢里,24.5235,120.7924,30,037-353113,
五湖社區活動中心,苗栗縣西湖鄉五湖村,24.5246,120.7704,50,037-911606,1
和興社區活動中心,苗栗縣獅潭鄉和興村,24.5263,120.9146,150,037-931368,1
四湖社區活動中心,苗栗縣西湖鄉四湖村,24.5312,120.745,50,037-921069,1
茂安活動中心,宜蘭縣大同鄉,24.5315,121.4516,90,03-9809422,1
義民廟,苗栗縣獅潭鄉新店村,24.53924,120.9201,300,037-932181,
獅潭國小,苗栗縣獅潭鄉新店村,24.54004,120.92102,300,037-932181,
水源社區活動中心,苗栗縣苗栗市水源里,24.5405,120.8165,15,037-335604,
新店村活動中心,苗栗縣獅潭鄉新店村,24.5421,120.9215,100,037-932181,1
蓬萊國小室外,苗栗縣南庄鄉蓬萊村,24.5428,120.9708,100,037-823385,1
蓬萊國小室內,苗栗縣南庄鄉蓬萊村,24.5428,120.97082,40,37823385,1
勝利社區活動中心,苗栗縣苗栗市勝利里,24.5445,120.8234,40,037-355669,
獅潭國中,苗栗縣獅潭鄉新店村,24.545,120.9229,300,037-932181,1
恭敬社區活動中心,苗栗縣苗栗市恭敬里,24.5461,120.8155,35,037-323718,
國立聯合大學活動中心,苗栗縣苗栗市恭敬里,24.5464,120.816,100,037-381248,
國立聯合大學操場,苗栗縣苗栗市恭敬里,24.5464,120.816,200,037-381248,
高苗里活動中心,苗栗縣苗栗市高苗里,24.5494,120.81182,300,922061077,1
大同國小活動中心,苗栗縣苗栗市大同里,24.5528,120.815,100,,
大同國小操場,苗栗縣苗栗市大同里,24.5528,120.815,200,,
維新社區活動中心,苗栗縣苗栗市維新里,24.5535,120.8256,20,037-325950,1
新英社區活動中心,苗栗縣苗栗市新英里,24.5548,120.8077,30,037-324211,
苗栗市老人文康中心室外草皮,苗栗縣苗栗市大同里,24.5556,120.8142,100,037-363702,1
苗栗市老人文康中心室內空間,苗栗縣苗栗市大同里,24.5556,120.8142,150,037-363702,
苗栗農工活動中心,苗栗縣苗栗市維祥里,24.5564,120.8341,100,,
苗栗農工操場,苗栗縣苗栗市維祥里,24.5564,120.8341,300,,
西湖鄉農特產品展售綜合活動中心,苗栗縣西湖鄉三湖村,24.5589,120.7562,200,037-921360,1
西湖鄉農特產品展售綜合活動中心戶外草坪,苗栗縣西湖鄉三湖村,24.5589,120.7562,300,037-921360,1
西湖鄉立體育館,苗栗縣西湖鄉金獅村,24.559,120.7569,100,037-272922,1
中苗社區活動中心,苗栗縣苗栗市中苗里,24.5593,120.8204,25,037-321327,
秀巒村集會所,新竹縣尖石鄉秀巒村,24.5601,121.2855,50,03-5847524,1
永興村活動中心,苗栗縣獅潭鄉永興村,24.5608,120.931,150,037-931070,
福麗社區活動中心,苗栗縣苗栗市福麗里,24.5613,120.8163,30,037-327686,
建功國小操場,苗栗縣苗栗市建功里,24.5642,120.8243,300,,
文山國小活動中心,苗栗縣苗栗市文山里,24.5671,120.8133,80,,
文山國小操場,苗栗縣苗栗市文山里,24.5671,120.8133,150,,
玉苗社區活動中心,苗栗縣苗栗市玉苗里,24.5697,120.8244,30,037-329118,
北苗聯合社區活動中心室內空間,苗栗縣苗栗市北苗里,24.5711,120.8248,100,037-260610,
北苗聯合社區活動中心室外停車場,苗栗縣苗栗市北苗里,24.5711,120.8248,200,,
鎮西堡長老教會,新竹縣尖石鄉秀巒村,24.5732,121.302,80,03-5847791,1
玉峰村集會所,新竹縣尖石鄉玉峰村,24.5735,121.3656,50,03-5847080,1
永興國小,苗栗縣獅潭鄉永興村,24.5737,120.9365,400,037-931070,1
南安國中,宜蘭縣蘇澳鎮南建里,24.576,121.8689,82,03-9962749,1
永樂社區活動中心,宜蘭縣蘇澳鎮永樂里,24.5762,121.8414,74,03-9971536,1
苗栗縣頭屋國小操場,苗栗縣頭屋鄉頭屋村,24.5764,120.8509,100,037-251071,
苗栗縣頭屋國小活動中心,苗栗縣頭屋鄉頭屋村,24.5764,120.8509,150,037-251071,1
苗栗縣頭屋國中操場,苗栗縣頭屋鄉頭屋村,24.577,120.8534,100,037-250738-140,1
苗栗縣頭屋國中活動中心,苗栗縣頭屋鄉頭屋村,24.577,120.8534,100,037-250738-140,1
永樂國小,宜蘭縣蘇澳鎮永樂里,24.5786,121.8461,34,03-9962840,1
南安國小,宜蘭縣蘇澳鎮南建里,24.5789,121.8684,69,03-9962043,1
福星國小活動中心,苗栗縣苗栗市福星里,24.5791,120.826,80,,
福星國小操場,苗栗縣苗栗市福星里,24.5791,120.826,150,,
昭安社區活動中心,宜蘭縣蘇澳鎮南建里,24.5794,121.8599,51,03-9967231,1
南興社區活動中心,宜蘭縣蘇澳鎮南興里,24.5798,121.8663,33,03-9961777,1
百壽村活動中心,苗栗縣獅潭鄉百壽村,24.5799,120.9415,60,037-931070,1
頭屋鄉老人文康活動中心,苗栗縣頭屋鄉象山村,24.581,120.8661,50,037-250078-46,1
南寧社區活動中心,宜蘭縣蘇澳鎮南寧里,24.5812,121.8695,37,03-9952578,1
白米社區活動中心,宜蘭縣蘇澳鎮永春里,24.5826,121.8454,40,03-9965316,1
南成社區活動中心,宜蘭縣蘇澳鎮南正里,24.583,121.864,34,03-9967342,1
中和國小操場,苗栗縣後龍鎮中和里,24.5881,120.73473,300,,
中和國小綜合教室,苗栗縣後龍鎮中和里,24.5881,120.7347,90,,1
養老天主堂,新竹縣尖石鄉秀巒村,24.589,121.2674,40,03-5847524,1
士敏國小,宜蘭縣蘇澳鎮長安里,24.5923,121.8537,55,03-9962342,1
長安社區活動中心,宜蘭縣蘇澳鎮長安里,24.5928,121.8541,93,03-9962217,1
蘇西社區活動中心,宜蘭縣蘇澳鎮蘇西里,24.5939,121.8412,51,03-9961912,1
永光社區活動中心,宜蘭縣蘇澳鎮永光里,24.594,121.8521,114,03-9951515,1
蘇澳海事,宜蘭縣蘇澳鎮蘇西里,24.5941,121.8456,132,03-9951661,1
南江村社區活動中心,苗栗縣南庄鄉南江村,24.5943,121.0001,50,37825289,1
蘇澳鎮公所,宜蘭縣蘇澳鎮蘇西里,24.5944,121.8422,70,03-9973421,1
聖湖社區活動中心,宜蘭縣蘇澳鎮聖湖里,24.5947,121.8345,99,03-9971003,1
桃山村辦公處,新竹縣五峰鄉桃山村,24.5948,121.1088,60,03-5851217,1
蘇澳國中,宜蘭縣蘇澳鎮聖湖里,24.5953,121.8354,67,03-9962137,1
蘇東社區活動中心,宜蘭縣蘇澳鎮蘇東里,24.5956,121.8544,35,03-9960383,1
蘇澳國小,宜蘭縣蘇澳鎮蘇西里,24.5967,121.8413,72,03-9962312,1
蘇北社區活動中心,宜蘭縣蘇澳鎮蘇北里,24.5968,121.8505,28,03-9964744,1
東村社區第二活動中心,苗栗縣南庄鄉東村,24.5969,121.0009,60,932527982,1
鄉公所廣場後,苗栗縣南庄鄉東村,24.597,121.0003,50,037-661667,1
鄉公所廣場前,苗栗縣南庄鄉東村,24.597,121.0003,150,037-661667,
蘇南社區活動中心,宜蘭縣蘇澳鎮蘇南里,24.5971,121.8526,44,03-9962701,1
公有零售市場二樓,苗栗縣南庄鄉東村,24.5983,120.9991,100,037-823115,1
樂水活動中心,宜蘭縣大同鄉,24.599,121.5301,99,03-9809653,1
龍德社區活動中心,宜蘭縣蘇澳鎮龍德里,24.6,121.8,140,03-9909346,1
南庄國小,苗栗縣南庄鄉東村,24.6004,120.9993,300,037-822007,1
龍坑國小教室,苗栗縣後龍鎮龍坑里,24.6019,120.7782,80,037--722027,1
龍坑國小操場,苗栗縣後龍鎮龍坑里,24.60193,120.77815,200,037--722027,
同光國小操場,苗栗縣後龍鎮龍津里,24.61013,120.76176,200,,
同光國小綜合教室,苗栗縣後龍鎮龍津里,24.6105,120.7632,100,,
寒溪活動中心,宜蘭縣大同鄉寒溪村,24.611,121.6779,122,03-9517475,
維真國中活動中心,苗栗縣後龍鎮大庄里,24.6121,120.7946,100,,1
岳明社區活動中心,宜蘭縣蘇澳鎮岳明里,24.6122,121.8502,40,02-29287551,1
維真國中操場,苗栗縣後龍鎮大庄里,24.6122,120.79468,500,,
新港國中小活動中心,苗栗縣後龍鎮埔頂里,24.6128,120.8194,100,,1
新港國中小操場,苗栗縣後龍鎮埔頂里,24.61283,120.81942,500,,
苗栗縣後龍鎮公所,苗栗縣後龍鎮大庄里,24.61334,120.79208,100,037-730603,1
岳明國小,宜蘭縣蘇澳鎮港邊里,24.6135,121.8531,63,03-9903044,1
苗栗縣老人福利服務中心,苗栗縣後龍鎮新民里,24.61375,120.8145,200,037-721664,
後龍國小教室,苗栗縣後龍鎮大庄里,24.6138,120.7961,100,,1
後龍國小操場,苗栗縣後龍鎮大庄里,24.61383,120.79614,500,,
中龍里活動中心,苗栗縣後龍鎮中龍里,24.61445,120.78797,50,037-723256,1
北龍里活動中心,苗栗縣後龍鎮北龍里,24.6154,120.7908,50,037-724726,1
隘丁社區活動中心,宜蘭縣蘇澳鎮隘丁里,24.6158,121.837,47,03-9903951,1
後龍國中操場,苗栗縣後龍鎮南龍里,24.61663,120.78462,500,037-722028-14,
北埔社區活動中心,苗栗縣三灣鄉北埔村,24.6167,120.9478,60,037-833196,1
後龍國中活動中心,苗栗縣後龍鎮南龍里,24.61676,120.78515,80,,1
文化國中,宜蘭縣蘇澳鎮永榮里,24.6179,121.8328,61,03-9903060,1
田美社區活動中心,苗栗縣南庄鄉田美村,24.6197,120.9948,30,037-821399,1
慶安廟活動中心,宜蘭縣蘇澳鎮新城里,24.6204,121.8272,42,03-9903816,1
溪洲國小操場,苗栗縣後龍鎮溪洲里,24.62096,120.77674,500,,
永榮社區活動中心,宜蘭縣蘇澳鎮永榮里,24.6212,121.8362,78,03-9906581,1
馬賽國小,宜蘭縣蘇澳鎮永榮里,24.6219,121.8349,63,03-9902694,1
頂寮文教活動中心,宜蘭縣蘇澳鎮頂寮里,24.62343,121.83804,170,03-9901786,1
造橋鄉綜合活動中心-室內,苗栗縣造橋鄉大西村,24.6236,120.8875,60,,1
造橋鄉綜合活動中心-室外,苗栗縣造橋鄉大西村,24.6236,120.8875,150,,
福德社區活動中心,宜蘭縣蘇澳鎮永榮里,24.6249,121.832,60,03-9908208,1
大興社區活動中心,宜蘭縣冬山鄉大興村,24.6253,121.8106,50,03-9596529,1
竹林村辦公處,新竹縣五峰鄉竹林村,24.6254,121.1486,40,03-5851186,1
存仁社區活動中心,宜蘭縣蘇澳鎮存仁里,24.6262,121.8419,55,03-9901977,1
大河社區活動中心,苗栗縣三灣鄉大河村,24.6266,120.9064,70,037-833983,1
香和社區活動中心,宜蘭縣冬山鄉香和村,24.6276,121.7975,56,03-9592508,
南富社區活動中心,苗栗縣南庄鄉南富村,24.6297,120.9708,50,037-821582,1
東城社區活動中心,宜蘭縣冬山鄉東城村,24.6297,121.8063,107,03-9592036,1
員林社區活動中心,苗栗縣南庄鄉員林村,24.6318,120.9634,50,037-834252,1
復興活動中心,宜蘭縣大同鄉,24.6318,121.6064,92,03-9801419,
五峰活動中心,新竹縣五峰鄉大隘村,24.6321,121.1194,110,03-5851509,1
成功國小操場,苗栗縣後龍鎮水尾里,24.63268,120.76175,300,,
太和社區活動中心,宜蘭縣冬山鄉太和村,24.6327,121.7734,98,03-9592096,1
大進社區活動中心,宜蘭縣冬山鄉大進村,24.6332,121.7121,135,03-9511430,1
南興社區活動中心,宜蘭縣冬山鄉冬山村,24.6333,121.7938,85,03-9595831,
獅山社區第二活動中心,苗栗縣南庄鄉獅山村,24.6343,121.0135,50,037-823588,1
安平社區活動中心,宜蘭縣冬山鄉安平村,24.6346,121.7893,52,922530221,
濫坑社區活動中心,苗栗縣頭份市濫坑里,24.6354,120.8836,55,037-543892,1
冬山社區活動中心,宜蘭縣冬山鄉冬山村,24.6359,121.7903,46,03-9592467,
八寶社區活動中心,宜蘭縣冬山鄉八寶村,24.638,121.7675,65,03-9586457,
造橋鄉造橋國中-室外,苗栗縣造橋鄉造橋村,24.6392,120.8563,300,,
造橋鄉造橋國中-室內,苗栗縣造橋鄉造橋村,24.6392,120.8563,300,,1
育英國小,宜蘭縣蘇澳鎮龍德里,24.6402,121.833,80,03-9901294,1
秀巒國小田埔分校,新竹縣尖石鄉秀巒村,24.6414,121.2785,60,03-5847823,1
丸山社區活動中心,宜蘭縣冬山鄉丸山村,24.6425,121.7662,154,03-9580750,1
珍珠社區活動中心,宜蘭縣冬山鄉珍珠村,24.6434,121.7942,54,39581118,1
三奇社區活動中心,宜蘭縣冬山鄉三奇村,24.6435,121.814,40,03-9591532,1
補城社區活動中心,宜蘭縣冬山鄉補城村,24.6436,121.8023,41,03-9509029,
梅花社區活動中心,宜蘭縣冬山鄉得安村,24.6447,121.7529,78,03-9510556,1
成興社區老人活動中心,宜蘭縣五結鄉成興村,24.6447,121.8327,121,03-9501752,1
大山國小操場,苗栗縣後龍鎮灣寶里,24.64553,120.80973,300,,
大山國小教室,苗栗縣後龍鎮灣寶里,24.6457,120.8095,100,,
花園村集會所,新竹縣五峰鄉花園村,24.6464,121.1597,100,03-5851127,1
上巴陵真耶穌教會,桃園市復興區華陵里,24.64801,121.41133,80,,
中山社區活動中心,苗栗縣頭份市尖下里,24.6485,120.8826,60,037-639232,1
外埔國小教室,苗栗縣後龍鎮外埔里,24.6508,120.779,70,,1
外埔國小操場,苗栗縣後龍鎮外埔里,24.65082,120.77902,300,,
永和社區活動中心,苗栗縣三灣鄉永和村,24.6527,120.9564,50,037-593835,1
成興村老人福利中心,宜蘭縣五結鄉成興村,24.6532,121.8263,539,03-9502182,1
順安社區活動中心,宜蘭縣冬山鄉順安村,24.6533,121.7647,222,03-9581476,1
獅山遊客中心,新竹縣峨眉鄉七星村,24.65533,121.02454,25,03-5809296,1
文英國中操場,苗栗縣頭份市尖下里,24.65547,120.88057,150,037-624260,
石磊國小,新竹縣尖石鄉玉峰村,24.6555,121.3264,100,03-5847080,1
永美社區活動中心,宜蘭縣冬山鄉永美村,24.6555,121.771,30,03-9584461,1
松羅活動中心,宜蘭縣大同鄉,24.6556,121.5789,86,03-9801173,1
內灣社區活動中心,苗栗縣三灣鄉內灣村,24.6557,120.955,50,037-833966,1
鹿埔社區活動中心,宜蘭縣冬山鄉鹿埔村,24.6557,121.7506,154,03-9582212,1
三灣國小操場室外收容,苗栗縣三灣鄉三灣村,24.65574,120.95505,200,037-831006,1
三灣國小室內活動中心,苗栗縣三灣鄉三灣村,24.65574,120.95505,200,932527525,1
廣興社區活動中心,苗栗縣頭份市廣興里,24.6583,120.8869,40,037-626999,
豐鄉村集會所,新竹縣橫山鄉豐鄉村,24.6592,121.1225,80,03-5934129,1
瑞峰國小操場,新竹縣竹東鎮瑞峰里,24.6592,121.1225,267,,
瑞峰國小禮堂,新竹縣竹東鎮上坪里,24.6592,121.1225,385,03-5966177-205,1
玉峰國小,新竹縣尖石鄉玉峰村,24.6601,121.3012,50,03-5847200,1
武淵社區活動中心,宜蘭縣冬山鄉武淵村,24.6606,121.7976,108,03-9507347,1
員山社區臨時收容站,宜蘭縣三星鄉員山村,24.6608,121.6229,38,03-9894502,1
海寶國小教室,苗栗縣後龍鎮海寶里,24.6618,120.8217,100,,1
海寶國小操場,苗栗縣後龍鎮海寶里,24.66182,120.82174,300,,
竹東瑞峰國小,新竹縣橫山鄉南昌村,24.66186,121.1215,385,03-5949052,1
大義社區臨時收容站,宜蘭縣三星鄉大義村,24.6634,121.6103,106,03-9890992,1
湖光社區活動中心,新竹縣峨眉鄉湖光村,24.66422,120.98775,40,037-602749,1
清溝社區活動中心,宜蘭縣冬山鄉清溝村,24.6643,121.7611,85,03-9588921,
利澤社區活動中心,宜蘭縣五結鄉利澤村,24.6649,121.8238,141,03-9503031,1
二次收容 三星鄉公所臨時辦公處原三星社區,宜蘭縣三星鄉集慶村,24.6654,121.6538,148,03-9894358,1
三星國中臨時收容站,宜蘭縣三星鄉月眉村,24.6654,121.6538,500,03-9891747,1
大坪社區活動中心,苗栗縣三灣鄉大坪村,24.6663,120.9744,50,037-54890,1
大洲多功能館臨時收容站,宜蘭縣三星鄉大洲村,24.6663,121.6507,78,03-9560726,1
新群社區活動中心,宜蘭縣羅東鎮,24.6673,121.7922,114,,1
群英社區活動中心,宜蘭縣冬山鄉群英村,24.6674,121.7735,64,03-9582580,1
維安社區活動中心,宜蘭縣羅東鎮,24.6675,121.7544,170,03-9513336,1
港墘社區活動中心,苗栗縣竹南鎮港墘里,24.6677,120.861,100,037-461121,1
宇老派出所,新竹縣尖石鄉玉峰村,24.6679,121.2825,15,03-5847238,1
憲明國小臨時收容站,宜蘭縣三星鄉天山村,24.6681,121.6391,42,03-9891423,
三星國小臨時收容站,宜蘭縣三星鄉義德村,24.6685,121.6538,339,03-9891042,1
第三公園管理站南昌社區活動中心,宜蘭縣羅東鎮南昌里,24.669,121.7725,133,03-9541185,1
廣興社區活動中心,宜蘭縣冬山鄉廣興村,24.6691,121.7492,101,03-9510031,1
成功國小體育館,宜蘭縣羅東鎮,24.6707,121.7687,228,03-9542156128,
雙義社區社區二次收容,宜蘭縣三星鄉雙賢村,24.6708,121.7147,53,03-9891042,1
廣安社區活動中心,宜蘭縣冬山鄉廣安村,24.6709,121.7457,61,03-9515031,1
羅莊社區活動中心,宜蘭縣羅東鎮羅莊里,24.6716,121.7797,122,03-9506616,1
阿束社社區活動中心,宜蘭縣羅東鎮開明里,24.6725,121.7709,28,03-9542525,1
仁和社區活動中心,宜蘭縣羅東鎮開明里,24.6725,121.7709,28,03-9565033,1
梅花長老教會,新竹縣尖石鄉梅花村,24.673,121.204,80,03-5842396,1
第二公園管理站羅東鎮老人館,宜蘭縣羅東鎮集祥里,24.6733,121.7682,99,03-9545102,1
仁德社區活動中心,宜蘭縣羅東鎮,24.6736,121.7663,98,03-9546412,1
漢民社區活動中心,宜蘭縣羅東鎮,24.6737,121.7635,201,03-9563167,1
東安社區活動中心,宜蘭縣羅東鎮,24.6745,121.7766,289,03-9569985,1
新興國小操場,苗栗縣頭份市下興里,24.67513,120.91293,200,,1
海口國小-操場,苗栗縣竹南鎮海口里,24.6755,120.8616,500,037-461354,1
北成國小自強館,宜蘭縣羅東鎮,24.6756,121.7586,319,03-9512626,
天送埤社區二次收容,宜蘭縣三星鄉天福村,24.6758,121.6565,53,03-9892188,1
聖安宮,宜蘭縣羅東鎮,24.676,121.7649,400,,1
大新社區活動中心,宜蘭縣羅東鎮大新里,24.676,121.7714,54,9543906,1
三灣鄉活動中心,苗栗縣三灣鄉三灣村,24.6763,120.9551,80,037-592188,1
下興社區活動中心,苗栗縣頭份市下興里,24.6765,120.9107,90,037-667890,1
柯林社區活動中心,宜蘭縣冬山鄉柯林村,24.6765,121.7298,54,03-9517220,1
羅東鎮展演廳,宜蘭縣羅東鎮,24.6765,121.7669,510,,1
季新社區活動中心,宜蘭縣五結鄉季新村,24.6766,121.8317,110,03-9370451,
新豐社區活動中心,南投縣草屯鎮新豐里,24.67662,120.00084,80,049-2362158,
國華國中自強館,宜蘭縣羅東鎮,24.6767,121.7608,306,03-513062303,
北成社區活動中心,宜蘭縣羅東鎮北成里,24.6789,121.7527,210,03-9611090,1
大洲社區二次收容,宜蘭縣三星鄉大洲村,24.6791,121.6759,63,03-9560726,1
公正國小體育館,宜蘭縣羅東鎮,24.6793,121.7667,1309,03-9566659,
新店社區活動中心,宜蘭縣五結鄉季新村,24.6797,121.8178,77,03-9370451,1
崙埤活動中心,宜蘭縣大同鄉,24.6804,121.6007,74,03-9801174,1
斗煥國小操場,苗栗縣頭份市斗煥里,24.68048,120.94751,200,037-663848,1
田寮社區活動中心,苗栗縣頭份市田寮里,24.6807,120.8871,80,037-633129,1
永貞國小操場,苗栗縣頭份市田寮里,24.68089,120.88465,200,,1
羅東國中自強館,宜蘭縣羅東鎮,24.6825,121.7683,277,03-9542075,
大成高中操場,苗栗縣頭份市新華里,24.68309,120.93958,300,037-663371,
第五公園管理站樹林社區活動中心,宜蘭縣羅東鎮樹林里,24.6833,121.7614,146,9540605,1
第一公園管理站信義社區活動中心,宜蘭縣羅東鎮信義里,24.6835,121.7686,153,03-9550025,1
竹南國小-操場,苗栗縣竹南鎮大厝里,24.6837,120.8698,600,037-462020,1
竹南鎮公所三樓演藝廳,苗栗縣竹南鎮正南里,24.6838,120.8734,300,,
民族社區活動中心室內,苗栗縣頭份市民族里,24.68386,120.90445,90,037-683517,
珊湖社區活動中心,苗栗縣頭份市珊湖里,24.6844,120.9596,50,037-601340,1
行健社區二次收容,宜蘭縣三星鄉行健村,24.6844,121.7041,148,03-9895115,1
五結鄉公所,宜蘭縣五結鄉五結村,24.6847,121.7984,153,03-9501115,1
錦屏村集會所,新竹縣尖石鄉錦屏村,24.685,121.2512,80,03-5841480,1
五結社區活動中心,宜蘭縣五結鄉五結村,24.6852,121.7979,84,03-9602799,1
六合國小操場,苗栗縣頭份市東庄里,24.68566,120.90136,200,,1
新華社區活動中心,苗栗縣頭份市新華里,24.6863,120.9283,80,037-673013,1
頭份市公所中正館,苗栗縣頭份市仁愛里,24.6864,120.913,100,037-622950,1
頭份市公所中山堂,苗栗縣頭份市仁愛里,24.6864,120.913,200,037-622950,1
正勉堂,宜蘭縣五結鄉福興村,24.6865,121.7798,154,03-9505792,
峨眉鄉老人文康中心,新竹縣峨眉鄉峨眉村,24.68655,121.01747,145,03-5809421,1
信德國小操場,苗栗縣頭份市流東里,24.6868,120.96053,300,037-602880,1
富興國小,新竹縣峨眉鄉富興村,24.6868,120.9885,3412,03-5806353,1
東庄社區活動中心,苗栗縣頭份市東庄里,24.6871,120.8933,20,037-663551,1
竹興國小-操場,苗栗縣竹南鎮竹興里,24.68712,120.86495,300,037-465037,1
四結社區活動中心,宜蘭縣五結鄉四結村,24.6873,121.7739,93,03-9550146,1
頭份國小操場,苗栗縣頭份市頭份里,24.68812,120.91212,200,,1
新南國小-操場,苗栗縣竹南鎮新南里,24.68823,120.88488,500,,1
竹林社區活動中心,宜蘭縣羅東鎮竹林里,24.6883,121.7658,148,03-9563328,1
協和社區活動中心,宜蘭縣五結鄉協和村,24.6883,121.8045,161,03-9506695,1
竹林國小體育館,宜蘭縣羅東鎮,24.6887,121.7661,357,03-954208433,1
峨眉國小,新竹縣峨眉鄉峨眉村,24.68874,121.02014,390,03-5800674,1
李科永圖書館,苗栗縣竹南鎮新南里,24.68905,120.88602,300,037-613187,
竹南運動公園,苗栗縣竹南鎮新南里,24.68913,120.88604,5000,037-625648,1
義興分校,新竹縣尖石鄉義興村,24.6895,121.1778,60,03-5841600,1
建國國中操場,苗栗縣頭份市成功里,24.68975,120.87454,250,,
富興社區活動中心,新竹縣峨眉鄉富興村,24.69036,120.98663,75,03-5806486,1
峨眉國中,新竹縣峨眉鄉峨眉村,24.6908,121.0181,590,03-5800208,1
竹興社區活動中心-竹南鎮老人文康活動中心,苗栗縣竹南鎮竹興里,24.6909,120.8605,400,037-468888,1
頭份國中操場,苗栗縣頭份市蟠桃里,24.6921,120.90112,250,,
中盛社區活動中心,新竹縣峨眉鄉中盛村,24.6922,121.03017,25,03-5800722,1
蟠桃國小操場,苗栗縣頭份市蟠桃里,24.69277,120.90668,200,,1
大隱社區臨時收容站,宜蘭縣三星鄉大隱村,24.6929,121.7274,123,03-9890752,1
八大庄一百甲城煌廟,宜蘭縣五結鄉錦眾村,24.6929,121.828,51,03-9503065,1
上埔社區活動中心室內,苗栗縣頭份市上埔里,24.69297,120.92278,60,037-660157,1
萬德社區二次收容,宜蘭縣三星鄉萬德村,24.6931,121.7282,48,03-9895360,1
萬富社區臨時收容站,宜蘭縣三星鄉萬富村,24.6931,121.7282,63,03-9892864,1
蟠桃社區活動中心,苗栗縣頭份市蟠桃里,24.6937,120.9028,125,037-685258,
忠孝社區活動中心,苗栗縣頭份市忠孝里,24.6937,120.9114,90,037-581818,1
照南國小活動中心,苗栗縣竹南鎮佳興里,24.69408,120.87945,500,037-472633,1
佳興社區活動中心,苗栗縣竹南鎮佳興里,24.6953,120.8797,100,037-552417,1
嘉興國小,新竹縣尖石鄉嘉樂村,24.6953,121.2011,50,03-5841004,1
建國國小操場,苗栗縣頭份市建國里,24.69541,120.90978,200,,1
孝威社區活動中心,宜蘭縣五結鄉孝威村,24.6961,121.8117,168,03-9504299,1
后庄國小操場,苗栗縣頭份市文化里,24.69621,120.89789,150,,1
五結國中五動館,宜蘭縣五結鄉大吉村,24.6963,121.8002,465,,1
信義國小操場,苗栗縣頭份市後庄里,24.69706,120.89074,200,,
興隆社區活動中心室內,苗栗縣頭份市興隆里,24.69734,120.93106,100,037-667095,
四結福德廟,宜蘭縣五結鄉孝威村,24.6974,121.7652,106,03-650428,
石井集會所,新竹縣峨眉鄉石井村,24.69814,121.00073,35,03-5806206,1
嘉樂村集會所,新竹縣尖石鄉嘉樂村,24.6986,121.1913,40,03-5841481,1
北埔鄉圓樓市場,新竹縣北埔鄉南興村,24.69907,121.05603,165,03-5801152,1
開基灶君廟省民堂,宜蘭縣五結鄉三興村,24.6994,121.7867,32,03-9506868,
北埔鄉老人文康中心,新竹縣北埔鄉北埔村,24.70034,121.05511,50,03-5805895,
埔尾活動中心二次避難所,新竹縣北埔鄉埔尾村,24.70074,121.05438,40,03-5801390,
北埔國小二次避難所,新竹縣北埔鄉埔尾村,24.7008,121.05345,865,03-5802215,
北埔鄉立幼兒園,新竹縣北埔鄉南興村,24.70116,121.05916,80,03-5802204-215,
仁愛社區活動中心,宜蘭縣羅東鎮,24.7014,121.756,174,03-9654034,1
山下社區活動中心,苗栗縣頭份市山下里,24.7018,120.9012,50,037-597820,1
關西國小,新竹縣關西鎮西安里,24.7029,121.0541,700,,1
水?社區活動中心,新竹縣北埔鄉水?村,24.70377,121.05927,35,03-5802204,
豐田村集會所,新竹縣橫山鄉豐田村,24.70432,121.1569,45,03-5931948,1
北埔國中二次避難所,新竹縣北埔鄉埔尾村,24.70437,121.04761,920,03-5802224,
田寮村集會所,新竹縣橫山鄉田寮村,24.70463,121.1058,180,03-5936627,1
三興社區活動中心,宜蘭縣五結鄉三興村,24.7056,121.7739,83,03-9500714,
尖石天主堂,新竹縣尖石鄉嘉樂村,24.7059,121.2029,50,03-5841531,1
新光國小,新竹縣尖石鄉秀巒村,24.706,121.2031,50,03-5847706,1
廣濟宮活動中心,新竹縣橫山鄉內灣村,24.70628,121.1807,110,03-5848257,1
拿互依長老教會,新竹縣尖石鄉嘉樂村,24.7068,121.2085,50,03-5842575,1
大同高中-操場,苗栗縣竹南鎮大埔里,24.70789,120.89533,800,037-580566,
大埔社區活動中心,苗栗縣竹南鎮大埔里,24.70918,120.89694,100,037-582585,
中華村集會所,宜蘭縣員山鄉中華村,24.7094,121.64663,11,03-9231377,1
二結社區活動中心,宜蘭縣五結鄉二結村,24.7095,121.762,170,03-9659413,1
內城國民中小學化育分校,宜蘭縣員山鄉中華村,24.71129,121.65266,180,9231103,
蓁巷社區活動中心,宜蘭縣員山鄉蓁巷村,24.71357,121.69558,64,03-9221099,1
員崠國小活動中心,新竹縣竹東鎮員崠里,24.7137,121.0988,580,,1
七賢村民眾活動中心,宜蘭縣員山鄉七賢村,24.71463,121.73511,78,03-9224019,1
深溝村集會所,宜蘭縣員山鄉深溝村,24.71573,121.71978,10,03-9224567,1
力行村集會所,新竹縣橫山鄉力行村,24.71575,121.1681,15,03-5931036,1
橫山社區長壽俱樂部,新竹縣橫山鄉橫山村,24.71819,121.1153,45,03-5935555,1
內城社區活動中心,宜蘭縣員山鄉內城村,24.72088,121.68891,34,03-9227578,1
雙溪國小三峰分校,新竹縣寶山鄉三峰村,24.72124,120.99702,1100,03-5760057,
老人文康活動中心,新竹縣橫山鄉大肚村,24.72184,121.1345,90,03-5931937,1
八五三教會,新竹縣尖石鄉新樂村,24.7223,121.2741,200,03-5841366,1
油田社區活動中心,新竹縣寶山鄉油田村,24.72441,121.01329,82,03-5761888,
凱旋國民中學樂活館,宜蘭縣宜蘭市建業里,24.7256,121.757,164,,1
凱旋國小展藝館,宜蘭縣宜蘭市南津里,24.7256,121.7636,277,03-9253793-104,1
南隘國小,新竹市香山區中隘里,24.72724,120.9293,465,5371405-13,
凱旋社區活動中心,宜蘭縣宜蘭市凱旋里,24.7276,121.7682,64,03-9254187,1
大崎村集會所,新竹縣寶山鄉大崎村,24.7288,120.9534,106,03-5776131,1
寶斗集會所,新竹縣寶山鄉寶斗村,24.7288,120.95336,72,03-5762628,
新南活動中心,宜蘭縣壯圍鄉新南村,24.7294,121.7873,44,03-9252449,1
紅葉活動中心,宜蘭縣壯圍鄉復興村,24.7297,121.8225,61,03-9385121,1
南橋社區活動中心,宜蘭縣宜蘭市南橋里,24.7307,121.7412,38,03-9251512,1
建業社區活動中心,宜蘭縣宜蘭市建業里,24.7315,121.7566,26,03-9369029,1
惠好社區活動中心,宜蘭縣員山鄉惠好村,24.73174,121.73074,125,03-9223889,1
樹杞林文化館,新竹縣竹東鎮?林里,24.7325,121.0946,817,03-5966177,1
中山社區活動中心,新竹縣竹東鎮仁愛里,24.7328,121.891,93,,1
育才國小中興堂,宜蘭縣宜蘭市進士里,24.7332,121.7369,68,,1
新城國小,新竹縣寶山鄉新城村,24.73347,120.96744,770,03-5762707,
中山國小禮堂,新竹縣竹東鎮中山里,24.7335,121.0947,797,,1
秀湖社區活動中心,新竹縣芎林鄉秀湖村,24.734,121.1168,30,03-5936368,1
水田教會,新竹縣尖石鄉新樂村,24.7341,121.2584,50,03-5842788,1
竹東國小體育館,新竹縣竹東鎮竹東里,24.7352,121.0883,650,,1
湖北社區活動中心,宜蘭縣員山鄉湖北村,24.7353,121.71804,30,03-9231482,1
福興社區活動中心,新竹縣橫山鄉福興村,24.73543,121.1704,155,03-5811219,1
五龍社區活動中心,新竹縣芎林鄉五龍村,24.7362,121.1223,20,03-5933390,1
永鎮活動中心,宜蘭縣壯圍鄉永鎮村,24.7366,121.8154,118,03-9305020,1
竹東客家戲曲公園,新竹縣竹東鎮?林里,24.7373,121.0903,805,,1
尚德社區活動中心,宜蘭縣員山鄉尚德村,24.73762,121.72213,134,03-9225179,1
逸仙社區活動中心,宜蘭縣員山鄉逸仙村,24.73871,121.70043,34,03-9221759,1
沙坑村集會所,新竹縣橫山鄉沙坑村,24.73874,121.1611,50,03-5811121,1
大同國小禮堂,新竹縣竹東鎮忠孝里,24.7403,121.0884,835,,1
寶山國小,新竹縣寶山鄉寶山村,24.74037,121.02211,624,03-5761390-10,
進士里鎮興廟,宜蘭縣宜蘭市進士里,24.7414,121.7465,46,03-9359123,
內湖國中,新竹市香山區大湖里,24.74192,120.91109,1110,,
內湖國小,新竹市香山區內湖里,24.74193,120.90696,1330,,
黎明里慶安廟,宜蘭縣宜蘭市黎明里,24.7427,121.7712,30,03-9380436,1
黎明社區活動中心,宜蘭縣宜蘭市黎明里,24.744,121.776,35,03-9383053,1
壯五活動中心,宜蘭縣壯圍鄉吉祥村,24.74449,121.7896,163,975675928,1
老人文康中心,宜蘭縣員山鄉員山村,24.74524,121.72289,28,,1
國立宜蘭大學體育館,宜蘭縣宜蘭市思源里,24.7453,121.7481,375,03-9317240,1
大湖國小,新竹市香山區大湖里,24.74573,120.93348,205,5374609-11,
湖東社區活動中心,宜蘭縣員山鄉湖東村,24.74602,121.70887,13,9223998,1
壯圍鄉公所,宜蘭縣壯圍鄉吉祥村,24.74684,121.78577,190,03-9383017,1
大福補天宮,宜蘭縣壯圍鄉大福村,24.7469,121.7858,600,03-9301171,1
思源社區活動中心,宜蘭縣宜蘭市思源里,24.7482,121.7374,35,03-9324589,1
雙湖社區活動中心,宜蘭縣員山鄉湖西村,24.74829,121.68547,78,9222491,1
永興社區活動中心,新竹縣芎林鄉永興村,24.7483,121.1104,20,03-5931800,1
石潭社區活動中心,新竹縣芎林鄉石潭村,24.7484,121.1009,60,03-5928753,1
三聖宮,宜蘭縣宜蘭市,24.7488,121.766,85,03-9385065,1
復興國中群育館,宜蘭縣宜蘭市文化里,24.7489,121.7476,212,,
永和社區活動中心,宜蘭縣員山鄉永和村,24.74947,121.71108,96,39226129,1
華龍村集會所,新竹縣芎林鄉華龍村,24.7502,121.1398,20,03-5932729,1
五大社區活動中心,宜蘭縣宜蘭市延平里,24.7504,121.7838,38,03-9380765,1
中華國中,宜蘭縣宜蘭市東村里,24.7505,121.7669,420,03-9382704,1
國立宜蘭高中體育館,宜蘭縣宜蘭市建軍里,24.7511,121.7428,237,,1
美城活動中心,宜蘭縣壯圍鄉美城村,24.7513,121.8017,155,03-9307656,1
黎明國小體育館,宜蘭縣宜蘭市,24.7517,121.7643,108,,1
社福大樓2樓,宜蘭縣宜蘭市神農里,24.7526,121.7539,56,03-9325164,1
宜蘭國小活動中心,宜蘭縣宜蘭市神農里,24.7532,121.7547,286,,1
東嶽廟,宜蘭縣宜蘭市神農里,24.7534,121.7526,350,03-9322590,1
南屏國小活動中心,宜蘭縣宜蘭市負郭里,24.754,121.7426,231,,1
中山國小五育館,宜蘭縣宜蘭市神農里,24.754,121.7546,65,03-9322064-105,1
光復國小五育館,宜蘭縣宜蘭市負郭里,24.7545,121.747,284,,
國立宜蘭高商四維堂,宜蘭縣宜蘭市,24.7549,121.7655,283,,1
茄冬國小,新竹市香山區茄苳里,24.75563,120.94463,1060,,
美福活動中心,宜蘭縣壯圍鄉美福村,24.7569,121.791,60,03-9256618,1
玉山國小,新竹縣關西鎮玉山里,24.7576,121.2087,280,03-5476349,
中華大學,新竹市香山區茄苳里,24.75894,120.95407,6770,03-5186314,
碧霞宮,宜蘭縣宜蘭市中山里,24.7593,121.7511,48,03-9323655,1
過嶺活動中心,宜蘭縣壯圍鄉過嶺村,24.75947,121.81536,66,03-9301160,1
結頭份社區活動中心,宜蘭縣員山鄉頭分村,24.75972,121.71962,52,03-9223108,1
梅洲里鎮平宮,宜蘭縣宜蘭市梅洲里,24.7608,121.7442,35,03-9283036,1
東園社區活動中心,宜蘭縣宜蘭市菜園里,24.7608,121.7575,44,03-9320883,
宜蘭縣社會福利館多功能劇場,宜蘭縣宜蘭市中山里,24.7617,121.7506,32,03-9328822-341,
同樂社區活動中心,宜蘭縣員山鄉同樂村,24.76202,121.72967,94,03-9224573,1
慶和社區活動中心1樓,宜蘭縣宜蘭市北門里,24.7622,121.7524,45,03-9367075,1
慶和里慶和廟,宜蘭縣宜蘭市北門里,24.7626,121.7518,4,03-9362905,1
梅洲社區活動中心,宜蘭縣宜蘭市梅洲里,24.7631,121.7443,86,03-9283552,1
力行國小英才館,宜蘭縣宜蘭市孝廉里,24.7638,121.755,148,,1
宜蘭國中活動中心,宜蘭縣宜蘭市小東里,24.7639,121.75,356,03-9322519,
七張社區活動中心,宜蘭縣宜蘭市七張里,24.764,121.7752,140,03-9305306,1
富禮國中,新竹市香山區朝山里,24.76436,120.91242,1645,,
新生社區活動中心,宜蘭縣宜蘭市新生里,24.7646,121.7642,35,910096762,
雙溪國小,新竹縣寶山鄉雙溪村,24.7647,120.9913,3522,03-5202151-208,1
七張里慈雲寺,宜蘭縣宜蘭市七張里,24.7648,121.7695,25,03-9302180,1
順和活動中心,宜蘭縣壯圍鄉忠孝村,24.76497,121.79979,66,937461598,1
寶山鄉綜合行政大樓,新竹縣寶山鄉雙溪村,24.76552,120.99127,264,03-5200090,
朝山國小,新竹市香山區美山里,24.76572,120.91341,1460,,
寶山鄉老人文康中心,新竹縣寶山鄉,24.76649,120.993,310,03-5200090,
二重國小禮堂,新竹縣竹東鎮二重里,24.7675,121.05731,800,03-5822098,1
北津社區活動中心,宜蘭縣宜蘭市北津里,24.7675,121.7499,72,03-9283585,
新鳳村集會所,新竹縣芎林鄉新鳳村,24.7679,121.0878,20,03-5927789,1
枕山社區活動中心,宜蘭縣員山鄉枕山村,24.76829,121.71855,60,03-9231666,1
北津里帝王廟,宜蘭縣宜蘭市北津里,24.7686,121.7546,10,03-9285311,1
錦山國小,新竹縣關西鎮金山里,24.7688,121.2252,460,,1
青草湖國小,新竹市東區高峰里,24.76884,120.97909,937,,
深井社區活動中心,新竹縣寶山鄉深井村,24.7698,121.0039,208,03-5762710,1
?後活動中心,宜蘭縣壯圍鄉東港村,24.7706,121.8,46,03-9385121,1
新生國小體育館,宜蘭縣宜蘭市茭白里,24.7707,121.7545,317,,1
古亭活動中心,宜蘭縣壯圍鄉古亭村,24.7719,121.8003,199,03-9302708,1
玄奘大學,新竹市香山區東香里,24.77468,120.9431,8095,,
文林村集會所,新竹縣芎林鄉文林村,24.7747,121.0814,40,03-5921550,1
芎林村公有零售市場,新竹縣芎林鄉芎林村,24.7749,121.0792,110,03-5921135,1
中坑社區活動中心,新竹縣芎林鄉中坑村,24.775,121.0925,10,03-5926159,1
壯六活動中心,宜蘭縣壯圍鄉忠孝村,24.7751,121.8148,129,03-9303178,1
元培科技大學,新竹市香山區香村里,24.77583,120.94033,3495,03-6102380,
茭白社區活動中心,宜蘭縣宜蘭市茭白里,24.7763,121.7506,38,03-9284854,1
東光國小,新竹縣關西鎮東光里,24.7765,121.1759,430,03-5872243,
新社活動中心,宜蘭縣壯圍鄉新社村,24.7774,121.7889,89,03-9301042,1
新竹實驗中學,新竹市東區科園里,24.77796,121.01588,3375,,
澳花國小,宜蘭縣南澳鄉澳花村,24.77829,120.98811,50,03-9985108,1
新社高級中學,臺中市新社區復盛里,24.77829,120.98811,300,,
新科國中,新竹市東區關東里,24.78,121.02305,850,6686387-6123,
龍潭國小,宜蘭縣礁溪鄉龍潭村,24.7802,121.7447,195,,1
竹中國小禮堂,新竹縣竹東鎮頭重里,24.7805,121.03,600,,1
水坑社區活動中心,新竹縣芎林鄉水坑村,24.7817,121.098,20,5921333,1
科園國小,新竹市東區仙水里,24.7819,121.01182,365,03-6668421-130,
鄉立幼兒園,宜蘭縣礁溪鄉光武村,24.7829,121.7672,448,03-9304777,1
關東國小,新竹市東區新莊里,24.78392,121.02215,1360,,
古結活動中心,宜蘭縣壯圍鄉古結村,24.7846,121.8094,88,03-9383348,1
香山高中,新竹市香山區香山里,24.78508,120.92953,3365,,
交通大學,新竹市東區科園里,24.7856,120.99707,4610,,
上山村集會所,新竹縣芎林鄉上山村,24.7857,121.0721,60,03-5120806,1
吳沙國中,宜蘭縣礁溪鄉吳沙村,24.786,121.7596,742,,1
光武國中,新竹市東區新莊里,24.78629,121.01186,1555,0577934-701,
四結國小,宜蘭縣礁溪鄉吳沙村,24.7865,121.7598,360,,1
新竹縣農會,新竹縣芎林鄉上山村,24.7875,121.0687,80,5921018-12,1
大庄國小,新竹市香山區大庄里,24.78912,120.92719,1510,5384035,
關西高中,新竹縣關西鎮東安里,24.7898,121.1861,1170,5872049,1
育賢國中,新竹市東區光鎮里,24.79,120.96559,1770,,
陽光國小,新竹市東區新光里,24.7902,120.96749,1745,910770087,
東安國小,新竹縣關西鎮東安里,24.7903,121.1839,585,5872177,1
龍山國小,新竹市東區龍山里,24.79036,121.00693,2015,5774287-712,
成德高中,新竹市北區曲溪里,24.79067,120.95156,3710,,
龍潭國小匏崙分校,宜蘭縣礁溪鄉匏崙村,24.7924,121.7294,60,03-9285199,1
建華國中,新竹市東區高峰里,24.79277,120.97665,3400,,
新竹教育大學,新竹市東區新光里,24.7929,120.96406,3160,52131323-5302,
培英國中,新竹市東區南大里,24.79413,120.97804,3465,5721301,
清華大學,新竹市東區光明里,24.7942,120.99127,2870,35714769,
新竹高中,新竹市東區建華里,24.79525,120.98149,3835,,
新竹高商,新竹市東區綠水里,24.79558,120.98456,4560,5722150,
新竹國小,新竹市東區竹蓮里,24.79633,120.96647,1815,5711125-107,
香山國小,新竹市香山區牛埔里,24.79694,120.94364,1625,,
頂埔國小,新竹市香山區頂埔里,24.79697,120.95023,1060,,
建功高中,新竹市東區建功里,24.79742,121.0013,2695,5745892300,
光復中學,新竹市東區光復里,24.79763,120.99402,3790,5753515,
玉田活動中心,宜蘭縣礁溪鄉玉田村,24.7979,121.7856,59,939751691,1
關西國中,新竹縣關西鎮北斗里,24.7981,121.1729,950,03-5872008,1
玉田國小,宜蘭縣礁溪鄉玉田村,24.7982,121.7832,254,,1
新竹教育大學附設實驗小學,新竹市北區中央里,24.79934,120.96092,1895,,
東園國小,新竹市東區公園里,24.79964,120.98535,1515,,
建功國小,新竹市東區千甲里,24.80024,120.99872,1695,,
坪林國小,新竹縣關西鎮上林里,24.801,121.1402,435,5869310,1
西門國小,新竹市北區中央里,24.80274,120.95934,1830,,
壯圍鄉立幼兒園,宜蘭縣壯圍鄉古亭村,24.8028,121.8162,351,03-9304246,1
虎林國小,新竹市香山區虎林里,24.80519,120.9409,1645,5381820-805,
虎林國中,新竹市香山區虎山里,24.80519,120.942,2840,03-5788309,
新竹女中,新竹市東區東門里,24.80555,120.97589,2640,5456611-509,
東區區公所,新竹市東區中正里,24.80556,120.97329,105,5203606,1
東門國小,新竹市東區中正里,24.80578,120.97267,4800,,
東海國小,新竹縣竹北市東海里,24.8058,121.0498,615,,1
竹光國中,新竹市北區新雅里,24.80735,120.95555,480,5246683-631,
民富國小,新竹市北區民富里,24.80771,120.9591,2250,5222102-830,
南和國小,新竹縣關西鎮南和里,24.8087,121.1204,470,,
新竹高工,新竹市東區東園里,24.80947,120.98347,1570,,
三民活動中心,宜蘭縣礁溪鄉三民村,24.8099,121.7646,59,922885704,1
磐石中學,新竹市北區磐石里,24.8108,120.95699,1130,,
曙光女中,新竹市東區復中里,24.81146,120.97266,1565,5325709-301,
曙光國小,新竹市東區錦華里,24.81243,120.97113,485,,
三民國中,新竹市東區三民里,24.81264,120.98028,2935,5339825-131,
水源國小,新竹市東區水源里,24.81283,121.00268,1110,,
三民國小,宜蘭縣礁溪鄉三民村,24.8133,121.7596,180,,1
三民國小,新竹市東區復興里,24.81332,120.98142,2390,,
六家國小,新竹縣竹北市鹿場里,24.8137,121.0254,760,,1
石光國小,新竹縣關西鎮石光里,24.8138,121.129,490,5869311,1
港南國小,新竹市香山區港南里,24.81382,120.92326,1100,5382964-13,
北門國小,新竹市北區水田里,24.81416,120.9659,1160,,
寶石國小,新竹縣新埔鎮寶石里,24.8162,121.0791,900,03-5882397,1
北區區公所,新竹市北區光華里,24.81653,120.97046,215,,
佛光大學,宜蘭縣礁溪鄉林美村,24.8169,121.7189,642,03-9871000-1130,1
礁溪國中,宜蘭縣礁溪鄉大忠村,24.8172,121.7677,531,,1
光華國中,新竹市北區湳雅里,24.81839,120.97341,2925,,
成功國中,新竹縣竹北市鹿場里,24.81867,121.01704,775,,1
載熙國小,新竹市北區湳雅里,24.8194,120.96338,1705,5316675-152,
六家高中,新竹縣竹北市十興里,24.82093,121.032,720,,
礁溪國小,宜蘭縣礁溪鄉大忠村,24.8217,121.7685,339,03-9882047-150,1
淡江大學蘭陽校園,宜蘭縣礁溪鄉林美村,24.8222,121.729,638,03-9873088,1
舊社國小,新竹市北區金竹里,24.82275,120.9735,1040,5342023-1051,
十興國小,新竹縣竹北市十興里,24.8241,121.02409,740,,1
竹安里-竹安國小五育樓,宜蘭縣頭城鎮,24.8252,121.8206,93,03-9771178,
復興社區活動中心,桃園市大溪區復興里,24.82559,121.31048,30,03-3884303,
龍源國小操場,桃園市龍潭區高平里,24.82605,121.21216,800,,
太平國小,新竹縣關西鎮東平里,24.8263,121.1194,220,5882634,1
文山國小,新竹縣新埔鎮文山里,24.82632,121.0474,510,03-5882918,1
高原里集會所,桃園市龍潭區高原里,24.82659,121.19208,140,03-4717452,
高平社區活動中心,桃園市龍潭區高平里,24.82677,121.20635,170,03-4717766,
新埔國中,新竹縣新埔鎮新民里,24.8279,121.0709,1400,03-5882026,1
新埔鎮公所,新竹縣新埔鎮新生里,24.82817,121.07127,40,,1
新埔國小,新竹縣新埔鎮四座里,24.8286,121.0791,280,03-5882124,1
德陽宮弘道大樓,宜蘭縣礁溪鄉德陽村,24.8287,121.7651,116,03-9882248,1
大平里集會所,桃園市龍潭區大平里,24.82887,121.24615,230,03-4111008,
大東茶?,新竹縣關西鎮東平里,24.82908,121.16598,110,03-5475179,
玉石活動中心,宜蘭縣礁溪鄉玉石村,24.8298,121.7768,44,930164086,1
新星國小,新竹縣新埔鎮新民里,24.83002,121.0735,590,03-5882078,1
高原國小操場,桃園市龍潭區高原里,24.83048,121.19441,1000,,
博愛國小,新竹縣竹北市北崙里,24.8311,121.0057,715,,1
新峰社區活動中心,桃園市大溪區新峰里,24.83129,121.32959,50,03-3825623,
溪洲福山巖,桃園市大溪區義和里,24.83187,121.26215,100,03-388-8235,
中崙里-中崙社區活動中心,宜蘭縣頭城鎮,24.8348,121.8027,76,03-9772361,
竹仁國小,新竹縣竹北市竹仁里,24.8363,121.0131,705,,1
三坑國小操場,桃園市龍潭區三坑里,24.83665,121.24887,150,,
竹北高中暫代竹北國小,新竹縣竹北市竹義里,24.83696,121.00412,1885,,1
下埔里-下埔社區活動中心,宜蘭縣頭城鎮,24.837,121.8078,100,03-9772064991,
南寮國小,新竹市北區康樂里,24.83859,120.93924,1435,,
二城里-二城社區活動中心,宜蘭縣頭城鎮,24.8388,121.7928,117,03-9882140,
枋寮國小,新竹縣新埔鎮上寮里,24.83901,121.04329,545,03-5882081,1
竹北民眾活動中心,新竹縣竹北市竹義里,24.8396,121.0036,155,03-5515919,1
三林社區活動中心,桃園市龍潭區三林里,24.84037,121.22996,80,03-4705872,
龍潭高中操場,桃園市龍潭區龍星里,24.84158,121.21245,1000,,
石門國小禮堂,桃園市龍潭區佳安里,24.84158,121.24177,130,,
石門國小操場,桃園市龍潭區佳安里,24.84158,121.24177,1000,,
豐田國小,新竹縣竹北市新庄里,24.84224,120.96424,555,,
新社國小,新竹縣竹北市新社里,24.8428,120.9981,525,,1
南華國中,新竹市北區南寮里,24.84351,120.92882,2125,,
義民廟,新竹縣新埔鎮下寮里,24.84384,121.0363,40,03-5882238,1
建林里集會所,桃園市龍潭區建林里,24.84417,121.23482,50,03-4093157,
照東國小,新竹縣新埔鎮鹿鳴里,24.84461,121.1415,560,03-5899807,1
頂埔里-順天府池府王爺廟,宜蘭縣頭城鎮,24.8461,121.8149,29,03-9776535,
富林里集會所,桃園市龍潭區富林里,24.84685,121.23163,60,03-4708528,
金盈里-金盈社區活動中心,宜蘭縣頭城鎮,24.8473,121.7966,37,03-9773029,
桃園縣三和國小,新竹縣關西鎮東平里,24.84768,121.1677,305,,1
三和國小操場,桃園市龍潭區三和里,24.84777,121.16764,400,,
照門國小,新竹縣新埔鎮照門里,24.8489,121.1113,730,03-5899234,1
照門國中,新竹縣新埔鎮照門里,24.84908,121.1133,1770,03-5890214,1
頭寮社區活動中心,桃園市大溪區福安里,24.84984,121.28786,45,03-3883331,
上華里集會所,桃園市龍潭區上華里,24.85074,121.21778,110,03-4703681,
北平國小,新竹縣新埔鎮北平里,24.8528,121.0858,430,03-5882897,1
有木國小,新北市三峽區有木里,24.8533,121.4373,109,,
新建里-新建社區活動中心,宜蘭縣頭城鎮,24.8539,121.8196,124,03-9773214,
中正里集會所,桃園市龍潭區中正里,24.85436,121.21668,130,03-4704850,
金面里-協天廟,宜蘭縣頭城鎮,24.8549,121.7935,42,03-9771206,1
上林社區活動中心,桃園市龍潭區上林里,24.85552,121.21206,100,03-4091895,
城西里-城隍廟,宜蘭縣頭城鎮,24.8557,121.8219,46,03-9772423,
內柵國小,桃園市大溪區義和里,24.85608,121.282,300,,
雙龍國小操場,桃園市龍潭區中正里,24.85665,121.21533,800,,
大坑里-協天宮,宜蘭縣頭城鎮,24.8572,121.8315,220,03-9772050,
三層社區活動中心,桃園市大溪區福安里,24.85853,121.29578,45,03-387-3779,
凌雲國中禮堂,桃園市龍潭區上林里,24.85862,121.20201,150,,
城東里-城東社區活動中心,宜蘭縣頭城鎮,24.8591,121.825,53,03-9771362,
城北里-農會,宜蘭縣頭城鎮城北里,24.8592,121.8236,148,03-9773100,
鳳山社區活動中心,新竹縣湖口鄉鳳山村,24.8602,121.0223,25,03-5993911,1
三和里集會所,桃園市龍潭區三和里,24.86024,121.19293,140,03-4898033,
龍潭高中禮堂,桃園市龍潭區龍星里,24.86047,121.21245,560,,
鳳山村集會所,新竹縣湖口鄉鳳山村,24.8607,121.0218,25,03-5993911,1
拔雅里-拔雅社區活動中心,宜蘭縣頭城鎮,24.861,121.8169,122,03-9776833,
福成里-福成社區活動中心,宜蘭縣頭城鎮,24.8618,121.8051,48,03-9776558,
武營里-頭城國小,宜蘭縣頭城鎮,24.863,121.8274,338,03-9771011,
陸軍裝甲第542旅,新竹縣竹北市,24.86318,121.02716,450,03-5978192,
五寮市民活動中心,新北市三峽區五寮里,24.86345,121.36545,137,,
烏來國民中小學,新北市烏來區烏來里,24.86376,121.55315,152,,1
鳳岡國中,新竹縣竹北市大義里,24.8639,120.9657,585,03-5561284,1
龍潭里活動中心,桃園市龍潭區龍潭里,24.86393,121.21284,120,03-4990650,
龍潭國小禮堂,桃園市龍潭區龍潭里,24.86405,121.21435,360,,
九龍社區活動中心,桃園市龍潭區九龍里,24.86416,121.22551,140,03-4891713,
勝利村集會所,新竹縣湖口鄉勝利村,24.86558,121.02845,30,03-5993911,
運動公園,桃園市龍潭區中山里,24.86576,121.21976,5000,03-4990791,
湖口鄉老人文康活動中心,新竹縣湖口鄉勝利村,24.8661,121.026,105,5993911,1
中興社區活動中心,新竹縣湖口鄉中興村,24.8678,121.0277,90,03-5993911,1
中山社區活動中心,桃園市龍潭區中山里,24.86821,121.21489,60,03-4792242,
瑞源社區活動中心,桃園市大溪區瑞源里,24.86854,121.25262,50,03-380-4536,
凌雲里集會所,桃園市龍潭區凌雲里,24.86864,121.20774,50,03-4093141,
龍祥里集會所,桃園市龍潭區凌雲里,24.86864,121.20774,50,03-4803888,
龍潭區婦幼館,桃園市龍潭區凌雲里,24.86864,121.20774,170,03-4794847,1
龍潭鄉婦幼館前廣場,桃園市龍潭區凌雲里,24.86864,121.20774,200,03-4794847,
松林國小,新竹縣新豐鄉松林村,24.869,120.9907,765,03-5573601,1
武漢國小操場,桃園市龍潭區武漢里,24.87037,121.23468,800,,
山崎國小,新竹縣新豐鄉山崎村,24.8721,120.9988,720,03-5592714,1
鳳凰社區活動中心,新竹縣湖口鄉鳳凰村,24.8728,121.0145,55,03-5993911,
八德里集會所,桃園市龍潭區八德里,24.87318,121.20172,150,03-4796668,
美華社區活動中心,桃園市大溪區美華里,24.8744,121.30046,30,03-387-2400,
黃唐社區活動中心,桃園市龍潭區黃唐里,24.87534,121.22803,150,03-4792939,
中興里活動中心,桃園市龍潭區中興里,24.87547,121.23471,130,03-4896422,
松林社區活動中心,新竹縣新豐鄉松林村,24.8756,120.5854,60,35597912,1
港口里-港口社區活動中心,宜蘭縣頭城鎮,24.8762,121.8403,67,03-9775440,
湖南村集會所,新竹縣湖口鄉湖南村,24.877,121.0495,135,03-5993911,1
湖鏡村集會所,新竹縣湖口鄉湖口村,24.8775,121.0556,675,03-5993911,1
一德社區活動中心,桃園市大溪區一德里,24.87831,121.28798,30,03-3874266,
員山綜合活動中心,新竹縣新豐鄉員山村,24.8792,120.9977,125,35597912,1
武漢國中操場,桃園市龍潭區黃唐里,24.87948,121.23184,1200,,
潛龍國小操場,桃園市龍潭區烏林里,24.88077,121.21057,500,,
烏林社區活動中心,桃園市龍潭區烏林里,24.8811,121.20957,100,03-4795437,
下田心社區活動中心,桃園市大溪區一心里,24.88141,121.29121,50,03-388-2875,
八德社區活動中心,桃園市龍潭區聖德里,24.882,121.1951,100,03-4892381,
三元社區活動中心,桃園市大溪區員林里,24.88252,121.2658,50,03-3801233,
德龍國小操場,桃園市龍潭區聖德里,24.88283,121.19512,800,,
長安社區活動中心,新竹縣湖口鄉長安村,24.8829,121.0996,65,03-5993911,1
外澳里-外澳社區活動中心,宜蘭縣頭城鎮,24.8833,121.8458,49,03-9775402,
信賢活動中心,新北市烏來區信賢里,24.88368,121.54845,30,02-26616442,1
綜合活動中心,新北市烏來區烏來里,24.88368,121.54845,30,02-26616442,1
忠治活動中心,新北市烏來區忠治里,24.88368,121.54845,30,02-26616442,1
福山活動中心,新北市烏來區福山里,24.88368,121.54845,50,02-26616442,1
烏來活動中心,新北市烏來區烏來里,24.88368,121.54845,50,02-26616442,1
福山國小,新北市烏來區福山里,24.88368,121.54845,305,,1
大溪國小,桃園市大溪區福仁里,24.88417,121.2868,550,,
波羅村集會所,新竹縣湖口鄉波羅村,24.88481,121.02793,47,03-5993911,1
興福社區活動中心,桃園市大溪區福仁里,24.88515,121.28587,45,03-388-9032,
愛勢村集會所,新竹縣湖口鄉湖口村,24.88603,121.06015,40,03-5993911,
湖口村集會所,新竹縣湖口鄉湖口村,24.88603,121.06015,75,03-5993911,
月眉社區活動中心,桃園市大溪區月眉里,24.88961,121.28772,350,03-387-8935,
新豐鄉中正堂,新竹縣新豐鄉重興村,24.8898,120.9876,100,35597912,1
上坑社區活動中心,新竹縣新豐鄉上坑村,24.8909,120.9741,80,35597912,1
山子頂公園,桃園市平鎮區湧光里,24.8931,121.2044,233,,
祥安國小,桃園市平鎮區湧安里,24.894,121.2032,295,,
中正村集會所,新竹縣湖口鄉中正村,24.89445,121.04706,300,03-5993911,
信義村集會所,新竹縣湖口鄉信義村,24.89545,121.04025,80,03-5993911,
大東社區活動中心,桃園市楊梅區東流里,24.89583,121.12957,50,03-4788210,1
山豐國小,桃園市平鎮區山峰里,24.8964,121.2131,70,,
平鎮區幼兒園紹豐分班,桃園市平鎮區湧光里,24.8967,121.2094,87,03-4695491,
湧光里里民集會所,桃園市平鎮區湧光里,24.8967,121.2094,87,03-4691975,
永揚社區活動中心,桃園市楊梅區永寧里,24.89737,121.15188,20,932267933,1
仁和社區活動中心,桃園市大溪區仁和里,24.89758,121.27389,70,03-389-2099,
新豐鄉老人會館新豐鄉老人文康活動中心,新竹縣新豐鄉重興村,24.8992,120.985,40,35597912,1
山峰社區活動中心,桃園市平鎮區福林里,24.8994,121.2126,116,03-4695001,
中崙社區活動中心,新竹縣新豐鄉中崙村,24.9002,120.9978,30,35597912,1
湖口陸軍裝甲第542旅,新竹縣新豐鄉,24.9007,120.9888,450,03-5978192,1
新豐鄉公所,新竹縣新豐鄉重興村,24.9011,120.9851,240,35597912,1
新豐國小,新竹縣新豐鄉重興村,24.9011,120.9877,660,03-5592081,
中興停車場,新竹縣湖口鄉中勢村,24.9016,121.0493,315,03-5993911,1
大勇 大義活動中心,桃園市八德區大勇里,24.9018,121.2864,140,919943557,
仁愛社區活動中心,桃園市大溪區仁愛里,24.90199,121.27566,60,,
龜山國小,新北市新店區龜山里,24.9022,121.5532,75,,
更新里-更新漁民活動中心,宜蘭縣頭城鎮,24.9022,121.8634,34,03-9776196,
廣興里辦公處,新北市新店區廣興里,24.90253,121.5338,37,,
龜山市民活動中心,新北市新店區龜山里,24.9031,121.552,133,,
楊梅國中綜合活動中心,桃園市楊梅區梅新里,24.90347,121.15029,500,,1
莊敬公園,桃園市平鎮區莊敬里,24.904,121.2148,42,,
莊敬里里民集會所,桃園市平鎮區莊敬里,24.9044,121.2147,67,03-4692345,
南興社區活動中心,桃園市大溪區南興里,24.90441,121.26517,50,03-380-5828,
石里倉庫,新北市坪林區石[石曹]里,24.90469,121.74523,10,,
崎頂社區活動中心,桃園市大溪區仁武里,24.90481,121.28385,50,03-3891175,
鎮興里里民集會所,桃園市平鎮區鎮興里,24.9057,121.1943,81,03-4643456,
大埔國小,新北市三峽區大埔里,24.9057,121.3665,625,,
明德高中,新北市三峽區大埔里,24.9069,121.3639,1569,,1
楊梅區公所大禮堂,桃園市楊梅區楊江里,24.90748,121.14586,100,03-4882381,1
德盛村集會所,新竹縣湖口鄉德盛村,24.9088,121.0445,40,03-5993911,1
竹崙市民活動中心,新北市三峽區竹崙里,24.9088,121.4349,113,,
青埔社區活動中心,新竹縣新豐鄉青埔村,24.9098,120.9764,40,35597912,1
新豐社區活動中心,新竹縣新豐鄉新豐村,24.9099,120.9765,45,35597912,1
天津環保公園,桃園市平鎮區平南里,24.91,121.2072,47,,
漢口環保公園,桃園市平鎮區平南里,24.9101,121.205,42,,
臺北榮家,新北市三峽區嘉添里,24.9102,121.3937,339,,
長青文康中心,桃園市平鎮區金星里,24.9103,121.2041,59,,
平鎮區幼兒園東勢分班,桃園市平鎮區東勢里,24.9104,121.2313,89,03-4501544,
東勢社區活動中心,桃園市平鎮區東勢里,24.9105,121.2315,107,03-4500999,
楊明公園,桃園市楊梅區楊明里,24.91068,121.15892,1000,03-4788533,1
康橋高級中學,新北市新店區華城里,24.9109,121.4978,250,,
大合社區活動中心,桃園市楊梅區大同里,24.91093,121.14914,50,03-4752567,1
三湖社區活動中心,桃園市楊梅區三湖里,24.91197,121.10851,50,03-4757288,1
民義國小,新北市三峽區嘉添里,24.912,121.3755,975,,
上湖社區活動中心,桃園市楊梅區上湖里,24.91219,121.08243,100,03-4853511,1
長沙公園,桃園市平鎮區平南里,24.9122,121.2042,93,,
民俗文化公園,桃園市平鎮區平南里,24.9122,121.2067,361,,
屈尺國小廣興分校,新北市新店區廣興里,24.9125,121.5396,37,,
埔心公園,桃園市楊梅區金龍里,24.91312,121.18609,2300,03-4821132,1
瑞塘社區活動中心,桃園市楊梅區瑞塘里,24.91377,121.17933,100,932109778,1
仁善社區活動中心,桃園市大溪區仁善里,24.91408,121.28164,70,03-380-6988,
金龍社區活動中心,桃園市楊梅區金龍里,24.9145,121.18627,100,03-4822215,1
平鎮區幼兒園南勢分班,桃園市平鎮區金星里,24.9149,121.2081,205,03-4392998,
東興村集會所,新竹縣湖口鄉東興村,24.9159,121.0502,95,03-5993911,1
東安國中,桃園市平鎮區東安里,24.9166,121.2498,136,,
霧峰國中行政大樓地下室,臺中市霧峰區北柳里,24.917,120.4141,175,,1
霧峰國小志文樓地下室,臺中市霧峰區本堂里,24.917,120.41411,800,,1
霧峰國中行政大樓地下室,臺中市霧峰區北柳里,24.917,120.41411,1381,,1
和興村集會所,新竹縣湖口鄉和興村,24.917,121.046,20,03-5993911,1
水美社區活動中心,桃園市楊梅區水美里,24.91899,121.13708,100,03-4758085,1
瑞興社區活動中心,桃園市大溪區瑞興里,24.91956,121.3032,45,03-380-7589,
屈尺國小,新北市新店區屈尺里,24.9225,121.5463,320,,
僑愛社區活動中心,桃園市大溪區僑愛里,24.92285,121.29373,50,,
屈尺市民活動中心,新北市新店區屈尺里,24.92352,121.545,75,,
東社社區活動中心,桃園市平鎮區東社里,24.9241,121.2437,116,03-4507774,
大成國小,新北市三峽區成福里,24.9243,121.4275,187,,
龍岡公園,桃園市中壢區龍岡里,24.92595,121.24403,274,,
中壢區龍岡里集會所,桃園市中壢區龍岡里,24.92607,121.24339,50,,
龍岡公園新,桃園市中壢區龍岡里,24.9261,121.24401,584,,
建安國小,新北市三峽區安坑里,24.9264,121.4471,292,,
安溪國中,新北市三峽區中正里,24.9266,121.3728,1675,,
豐德公園,桃園市八德區興仁里,24.9267,121.2876,168,,
貿七公園,桃園市平鎮區貿易里,24.9269,121.2516,42,,
龍友里集會所,桃園市八德區龍友里,24.9271,121.2582,40,03-3651422,
中園國小,新北市三峽區中埔里,24.9278,121.3672,926,,
青埔社區老人會館,新竹縣新豐鄉青埔村,24.928,121.0133,45,35597912,1
獅子林社區活動中心,桃園市平鎮區北貴里,24.9281,121.2256,94,03-4280811,
中興社區活動中心,桃園市大溪區中新里,24.92877,121.31706,50,03-390-0655,
瑞原社區活動中心,桃園市楊梅區瑞原里,24.92977,121.11201,100,03-4752866,1
介壽國小,新北市三峽區介壽里,24.9298,121.3785,289,,
瑞祥里集會所,桃園市八德區瑞祥里,24.9303,121.2988,128,03-3685562,
安溪國小,新北市三峽區安溪里,24.9304,121.3729,435,,1
青少年活動中心,桃園市八德區大發里,24.9308,121.2945,175,03-2180252,
陽光活力園區,桃園市八德區大發里,24.9308,121.2945,251,,
興豐公園三,桃園市八德區瑞興里,24.9311,121.2893,200,,
大明活動中心,桃園市八德區大明里,24.9316,121.2838,67,02-770083333,
竹霄活動中心,桃園市八德區霄裡里,24.9316,121.2838,125,935212098,
龍安公園,桃園市中壢區龍安里,24.93164,121.25783,208,,
振興公園,桃園市中壢區振興里,24.93165,121.23133,225,,
副食品公園,桃園市中壢區龍安里,24.93167,121.25781,950,,
富岡社區活動中心,桃園市楊梅區富岡里,24.93201,121.07516,100,03-4725090,1
興豐公園一,桃園市八德區福興里,24.9321,121.2885,72,,
建德公園,桃園市八德區興仁里,24.9327,121.2733,148,,
龍岡萬坪公園,桃園市中壢區龍岡里,24.93283,121.25101,3443,,
高山社區活動中心,桃園市楊梅區高上里,24.93292,121.15666,100,03-4753628,1
成福國小,新北市三峽區溪東里,24.9332,121.4057,261,,1
藝文廣場,桃園市八德區瑞發里,24.9334,121.2999,47,,
里昂社區公園,桃園市八德區竹園里,24.9339,121.2703,32,,
龍岡森林公園,桃園市中壢區龍岡里,24.9339,121.23579,2500,,
三峽國小,新北市三峽區永?里,24.9345,121.3697,581,,
長青市民活動中心,新北市三峽區永?里,24.93479,121.367,166,,
楓樹腳休閒公園,桃園市八德區瑞發里,24.9348,121.2967,468,,
南亞公園,桃園市中壢區龍昌里,24.93496,121.25218,856,,
溪濱公園,桃園市八德區福興里,24.9353,121.2825,43,,
瑞泰社區公園,桃園市八德區瑞泰里,24.9356,121.2982,20,,
新勢公園,桃園市平鎮區新勢里,24.9357,121.2005,1260,,
龍和公園,桃園市中壢區龍岡里,24.93578,121.24957,203,,
北勢國小,桃園市平鎮區北興里,24.9358,121.2238,70,,
合興里-合興社區活動中心,宜蘭縣頭城鎮,24.9359,121.8859,44,03-9781287,
瑞安公園,桃園市八德區瑞泰里,24.9361,121.2967,49,,
新北市坪林區公所,新北市坪林區坪林里,24.93614,121.71178,50,,1
新北市坪林區坪林國民小學,新北市坪林區坪林里,24.93624,121.71088,314,02-26656213,1
豐野社區活動中心,桃園市楊梅區豐野里,24.93644,121.08432,100,03-4728390,1
上田社區活動中心,桃園市楊梅區上田里,24.9371,121.12591,50,03-4783683,1
北興社區活動中心,桃園市平鎮區北興里,24.9375,121.2248,51,03-4679616,
中壢區台貿社區活動中心,桃園市中壢區中堅里,24.93768,121.25579,125,,
高榮社區活動中心,桃園市楊梅區高榮里,24.93773,121.16583,50,03-4903596,1
龍德公園,桃園市中壢區龍德里,24.93774,121.23795,206,,
直潭國小,新北市新店區直潭里,24.9378,121.5313,1600,,
新北市立坪林國民中學,新北市坪林區坪林里,24.93801,121.71282,1144,,1
員本社區活動中心,桃園市楊梅區員本里,24.93836,121.10617,100,03-4724781,1
興豐公園二,桃園市八德區瑞興里,24.9386,121.3083,107,,
三峽國中,新北市三峽區鳶山里,24.9391,121.3693,1149,02-26738030,
鶯歌高職,新北市鶯歌區二橋里,24.9393,121.335,1513,02-26780202,
伯公岡公園,桃園市楊梅區豐野里,24.93942,121.08472,2000,03-4722403,1
中壢區龍興社區活動中心,桃園市中壢區龍興里,24.93946,121.23325,60,,
黎明公園,桃園市中壢區中堅里,24.93984,121.25607,188,,
平鎮高中,桃園市平鎮區,24.9399,121.2189,182,03-4288805,
廣仁里里民集會所,桃園市平鎮區廣仁里,24.94,121.2059,104,03-4951157,
新富公園,桃園市平鎮區新富里,24.94,121.2165,255,,
廣仁公園,桃園市平鎮區廣仁里,24.9402,121.2064,269,,
仁福公園,桃園市中壢區仁福里,24.94055,121.25375,213,,
大溪里-大溪社區活動中心,宜蘭縣頭城鎮,24.9406,121.8932,62,03-9781218,
龍埔國小,新北市三峽區龍埔里,24.94068,121.37788,855,,1
二橋國小,新北市鶯歌區二橋里,24.9409,121.3376,1284,02-26780202,
兒四十公園,桃園市中壢區振興里,24.94132,121.23027,198,,
宋屋國小,桃園市平鎮區廣仁里,24.9419,121.2062,42,,
後寮公園,桃園市中壢區後寮里,24.94204,121.24738,59,,
瑞泰里集會所,桃園市八德區瑞泰里,24.9422,121.2983,70,03-3669343,
八德埤塘生態公園,桃園市八德區大竹里,24.9423,121.3112,613,,
583綠地,桃園市八德區瑞泰里,24.9426,121.2999,17,,
龜山里-龜山社區活動中心,宜蘭縣頭城鎮,24.9426,121.9002,28,03-9781306,1
大信里集會所,桃園市八德區大信里,24.9431,121.3008,75,03-3680809,
大竹里集會所,桃園市八德區大竹里,24.9431,121.3152,95,03-3653900,
中壢區新振社區活動中心,桃園市中壢區振興里,24.94324,121.22959,20,,
新北市立尖山國民中學,新北市鶯歌區尖山里,24.9437,121.3422,622,02-26780202,
北勢社區活動中心,桃園市平鎮區北華里,24.9438,121.2196,99,03-4588731,
平鎮區幼兒園本園,桃園市平鎮區北華里,24.9438,121.2196,100,,
中壢區後寮里集會所,桃園市中壢區後寮里,24.94448,121.24597,50,,
瑞泰鄰里公園,桃園市八德區瑞泰里,24.9446,121.2959,31,,
新興公園,桃園市中壢區新興里,24.94531,121.22551,904,,
桃園市南區老人文康活動中心,桃園市中壢區新興里,24.94535,121.22593,100,,
平興暨宋屋里里民集會所,桃園市平鎮區平興里,24.9454,121.2042,92,03-4938219,
建國公園,桃園市八德區大和里,24.9454,121.2887,41,,
仁德公園,桃園市八德區福興里,24.9454,121.2887,75,,
福興活動中心,桃園市八德區廣興里,24.9456,121.2837,62,3656517,
大竹埤塘公園,桃園市八德區大竹里,24.9456,121.3163,152,,
平鎮國中,桃園市平鎮區新富里,24.9457,121.216,496,,
福興社區公園,桃園市八德區福興里,24.9457,121.2832,37,,
宋屋公園,桃園市平鎮區平興里,24.9464,121.2051,168,,
華勛公園,桃園市中壢區華勛里,24.94666,121.26178,981,,
廣興活動中心,桃園市八德區廣德里,24.9468,121.2836,120,03-3628861,
客家文化廣場,桃園市八德區大信里,24.9471,121.3023,40,,
義民公園,桃園市平鎮區義民里,24.9474,121.207,125,,
大興活動中心,桃園市八德區大順里,24.9474,121.2993,140,03-3666670,
大昌鄰里公園,桃園市八德區大昌里,24.9475,121.2969,46,,
中壢區仁祥、華勛里集會所,桃園市中壢區仁祥里,24.94806,121.26143,50,,
平鎮區幼兒園義民分班,桃園市平鎮區義民里,24.9485,121.2037,207,03-4935571,
普慶公園,桃園市中壢區普慶里,24.94855,121.24651,191,,
北大高中,新北市三峽區龍學里,24.94861,121.37611,1122,,1
仁祥公園,桃園市中壢區仁祥里,24.94874,121.26069,208,,
桃子腳國民中小學,新北市樹林區南園里,24.94923,121.38297,3155,,
平興國中,桃園市平鎮區義民里,24.9497,121.2063,21,,
義興里里民集會所,桃園市平鎮區義興里,24.9497,121.2092,99,03-4913346,
南靖里活動中心,新北市鶯歌區南靖里,24.95028,121.35278,56,02-26780202,1
中壢區東興社區活動中心,桃園市中壢區東興里,24.95035,121.22524,100,,
義興公園,桃園市平鎮區義興里,24.9504,121.2096,108,,
鶯歌國中,新北市鶯歌區同慶里,24.9504,121.3448,1093,02-26780202,
新勢國小,桃園市平鎮區新勢里,24.9505,121.2168,140,,
瑞聯社區公園,桃園市八德區大安里,24.9508,121.3198,108,,
莒光環保公園,桃園市中壢區普強里,24.95101,121.2359,2032,,
新昇倉庫,新北市坪林區上德里,24.95108,121.7253,10,,
鶯歌國小,新北市鶯歌區同慶里,24.9512,121.3458,1501,02-26780202,
雙峰國小,新北市新店區雙坑里,24.9515,121.5755,255,,
復興親子公園,桃園市平鎮區復興里,24.952,121.2105,305,,
景文科技大學,新北市新店區公崙里,24.952,121.5093,1855,,
雙城國小,新北市新店區雙城里,24.9521,121.4865,399,,
華愛公園,桃園市中壢區華愛里,24.95255,121.25973,181,,
祖田市民活動中心,新北市土城區祖田里,24.95278,121.41194,50,02-22675698,
德和公園,桃園市中壢區仁和里,24.95278,121.26253,201,,
新榮國小,桃園市平鎮區,24.9528,121.2184,196,,
新店國小,新北市新店區國校里,24.9529,121.5402,1795,,
文化國小,桃園市平鎮區復興里,24.9531,121.2033,35,,
麗盛公園,桃園市八德區大和里,24.9531,121.2956,51,,
青潭國小,新北市新店區美潭里,24.9531,121.5523,203,,
文昌休閒公園,桃園市八德區大和里,24.9533,121.2947,51,,
雲海國小,新北市石碇區格頭里,24.9533,121.637,299,,1
仁德公園,桃園市中壢區仁德里,24.95342,121.26628,205,,
中壢區仁美社區活動中心,桃園市中壢區仁美里,24.95342,121.25695,55,,
達觀國民中小學,新北市新店區德安里,24.95362,121.49998,407,,
雙城活動中心,新北市新店區雙城里,24.9538,121.4937,132,,
舊社公園,桃園市中壢區舊明里,24.95385,121.21594,574,,
中壢區舊明里集會所,桃園市中壢區舊明里,24.95392,121.21624,50,,
復旦暨復興里里民集會所,桃園市平鎮區復興里,24.9544,121.2051,84,03-4023489,
和盛公園,桃園市八德區大和里,24.9545,121.2964,75,,
復旦國小,桃園市平鎮區廣達里,24.9547,121.2078,140,,
柑園國中,新北市樹林區柑園里,24.95474,121.38411,1238,,
同和公園,桃園市八德區大和里,24.9548,121.2951,48,,
建國國小,新北市鶯歌區建國里,24.955,121.3461,376,02-26780202,1
大安里集會所,桃園市八德區大安里,24.9551,121.216,190,03-3664716,
高雄市立立德國民中學,高雄市左營區明建里,24.95519,121.24104,100,,1
高連社區活動中心,桃園市平鎮區高雙里,24.9552,121.1895,356,03-4938765,
樹梅嶺倉庫,新北市坪林區上德里,24.95538,121.69696,10,,
昌福國小,新北市鶯歌區永昌里,24.9556,121.3392,1391,02-26780202,
平鎮區婦幼活動中心,桃園市平鎮區廣達里,24.9558,121.2084,202,,
北鶯里活動中心,新北市鶯歌區北鶯里,24.95586,121.35443,37,02-26780202,1
大和公園,桃園市八德區大和里,24.9559,121.297,32,,
頂埔國小,新北市土城區頂福里,24.95623,121.4144,873,02-22686800-830,1
柑園國小,新北市樹林區柑園里,24.95633,121.38936,467,,
廣達公園,桃園市平鎮區廣達里,24.9564,121.2076,195,,
中央公園,桃園市中壢區中央里,24.95647,121.22679,600,,
公七公園,桃園市中壢區青埔里,24.95653,121.22664,1294,,
大忠里集會所,桃園市八德區大成里,24.9567,121.2962,105,03-3625058,
大慶 大華里集會所,桃園市八德區大成里,24.9567,121.2962,105,928849305,
大成活動中心,桃園市八德區大成里,24.9567,121.2962,105,03-3680662,
文山國中,新北市新店區文中里,24.9567,121.5392,703,,
能仁家商,新北市新店區文中里,24.9569,121.5404,1373,,
西鶯里活動中心,新北市鶯歌區西鶯里,24.9572,121.3536,207,02-26780202,1
福僑公園大成社區公園,桃園市八德區大成里,24.9573,121.295,40,,
瑞發公園,桃園市八德區瑞發里,24.9576,121.2988,117,,
大安活動中心,桃園市八德區大安里,24.9576,121.3042,147,03-3653813,
文中廣明活動中心,新北市新店區文中里,24.9577,121.5399,45,,
篤行公園,桃園市中壢區篤行里,24.95841,121.26319,153,,
同福公園,桃園市八德區大湳里,24.9587,121.3077,111,,
永吉國小,新北市鶯歌區永吉里,24.9588,121.3329,440,02-26780202,1
頂埔市民活動中心,新北市土城區頂埔里,24.95897,121.41731,60,02-22678936,1
新街溪公園,桃園市中壢區普義里,24.95909,121.23014,300,,
五權兒童公園,桃園市中壢區五權里,24.95911,121.20439,569,,
中壢區婦幼館,桃園市中壢區五權里,24.95925,121.20444,100,,
中正公園,桃園市中壢區中央里,24.95945,121.22659,5000,,
新北市坪林區坪林國小漁光校區,新北市坪林區漁光里,24.95958,121.74624,62,,1
過嶺里兒一公園,桃園市中壢區過嶺里,24.95967,121.17381,230,,
中壢區社福館,桃園市中壢區中央里,24.95985,121.228,100,,
中壢區過嶺社區活動中心,桃園市中壢區過嶺里,24.95998,121.17678,55,,
普忠公園,桃園市中壢區普忠里,24.96006,121.24373,137,,
中壢區聯合長壽俱樂部〈松鶴會館〉,桃園市中壢區中央里,24.96034,121.22725,100,,
中壢區德義、仁義、忠義、普義里集會所,桃園市中壢區忠義里,24.96053,121.23746,50,,
大湳公園,桃園市八德區大同里,24.9607,121.2951,173,,
頂城市民活動中心,新北市新店區頂城里,24.96073,121.53215,119,,
八德市綜合大樓三樓,桃園市八德區大智里,24.9608,121.295,182,03-3752690,
永寧市民活動中心,新北市土城區永寧里,24.9611,121.42864,30,02-22696053,1
白馬公園,桃園市中壢區光明里,24.96127,121.21328,217,,
安坑國小,新北市新店區公崙里,24.9613,121.5142,901,,
中壢區中正、中山里集會所,桃園市中壢區中山里,24.96168,121.2615,50,,
中路休閒公園,桃園市八德區白鷺里,24.9619,121.2897,217,,
坤慶公園,桃園市中壢區普義里,24.96198,121.22986,66,,
中壢區光明、新明、永光里集會所,桃園市中壢區光明里,24.96219,121.2169,50,,
夢幻公園,桃園市中壢區中山里,24.96222,121.26187,1230,,
土城國中,新北市土城區永寧里,24.96252,121.43019,1384,02-22675135-401,1
公十五公園,桃園市八德區大智里,24.963,121.2984,49,,
公二公園,桃園市八德區大智里,24.963,121.2984,65,,
地標公園,桃園市中壢區新街里,24.96308,121.22979,60,,
平鎮區幼兒園平鎮分班,桃園市平鎮區平鎮里,24.9633,121.2759,40,03-4393660,
大智里集會所,桃園市八德區大智里,24.9634,121.2968,23,03-3612969,
六和兒童公園,桃園市中壢區金華里,24.96345,121.22511,370,,
光明公園,桃園市中壢區光明里,24.96352,121.21642,6329,,
沛陂市民活動中心,新北市土城區沛陂里,24.96387,121.41947,50,02-22681535,1
大里里-大里社區活動中心,宜蘭縣頭城鎮,24.9639,121.92,184,03-9781156,
廣豐兒一公園,桃園市八德區大智里,24.9641,121.2996,42,,
茄苳埤塘公園,桃園市八德區茄苳里,24.9643,121.2759,55,,
茄白活動中心,桃園市八德區茄苳里,24.9649,121.2786,136,03-3626758,
桃園市中壢區公所,桃園市中壢區復華里,24.9655,121.22492,200,,
高明公園,桃園市八德區高明里,24.9656,121.3047,34,,
大勇兒童公園,桃園市八德區大勇里,24.9656,121.3047,52,,
君臨休閒廣場,桃園市八德區大勇里,24.9656,121.3047,88,,
大千公園,桃園市八德區大千里,24.9657,121.3036,17,,
忠勇公園,桃園市八德區大漢里,24.9657,121.3036,84,,
及人高中,新北市新店區柴埕里,24.9663,121.5149,2774,02-291122811209,
五峰國中,新北市新店區五?里,24.9664,121.544,1103,,
廣豐綠一公園,桃園市八德區大智里,24.9665,121.2967,34,,
廣豐公一公園,桃園市八德區大智里,24.9665,121.2967,95,,
鳳鳴國中,新北市鶯歌區鳳鳴里,24.9671,121.3318,527,02-26780202,
大明公園二,桃園市八德區大明里,24.9673,121.3264,33,,
中壢區自強、自治里集會所,桃園市中壢區莊敬里,24.96745,121.25953,50,,
永福環保公園,桃園市中壢區永福里,24.96753,121.23641,296,,
自強公園,桃園市中壢區自強里,24.96788,121.25938,516,,
中鑄公園,桃園市中壢區忠義里,24.96805,121.24981,434,,
廣豐生態綠地公園,桃園市八德區大智里,24.9681,121.3014,215,,
文化公園,桃園市平鎮區復興里,24.9684,121.2484,231,,
大明公園一,桃園市八德區大明里,24.9687,121.3273,41,,
安康高中,新北市新店區柴埕里,24.9688,121.5149,1119,,
圳邊公園,桃園市八德區大宏里,24.9691,121.2977,51,,
鳳鳴國小,新北市鶯歌區鳳鳴里,24.9691,121.3351,342,02-26780202,1
大仁里集會所,桃園市八德區大仁里,24.9696,121.3264,110,03-3629076,
大仁休閒公園,桃園市八德區大安里,24.9704,121.3237,6,,
中壢區水尾社區活動中心,桃園市中壢區水尾里,24.97074,121.22478,40,,
育德國小,新北市樹林區中山里,24.97112,121.39256,484,,
大正休閒廣場,桃園市八德區大正里,24.9714,121.2979,46,,
高明里集會所,桃園市八德區高明里,24.9716,121.2759,105,03-3702472,
中正國小,新北市新店區中正里,24.9717,121.5366,1001,,
崇光女中,新北市新店區中正里,24.9718,121.5391,522,,
土城國小,新北市土城區埤塘里,24.97238,121.44194,958,02-22700177-851,1
土城區公所,新北市土城區埤塘里,24.97253,121.44287,162,02-22732000-543,1
泰平里活動中心,新北市雙溪區泰平里,24.9727,121.827,100,,
山佳市民活動中心,新北市樹林區中山里,24.97272,121.39436,80,,
中壢區永福、忠福、幸福里集會所,桃園市中壢區永福里,24.97273,121.23349,50,,
中湖里活動中心,新北市鶯歌區中湖里,24.973,121.3481,119,02-26780202,
中湖國小,新北市鶯歌區中湖里,24.973,121.3481,465,02-26780202,
復興公園,桃園市中壢區復華里,24.97349,121.24876,844,,
思源公園,桃園市八德區大正里,24.9735,121.2989,69,,
北新國小,新北市新店區新安里,24.9737,121.5439,1737,,
鴻撫宮,桃園市桃園區,24.9738,121.2645,72,3698361,
清化市民活動中心,新北市土城區清和里,24.9738,121.45866,30,02-22615380,
清和市民活動中心,新北市土城區清和里,24.9738,121.45866,30,02-22745669,1
中園路環保公園,桃園市中壢區永福里,24.97388,121.23583,1401,,
樂山市民活動中心,新北市樹林區樂山里,24.97394,121.38987,61,,
元生公園,桃園市中壢區復興里,24.97415,121.25315,1303,,
松柏會老人文康活動中心,桃園市新屋區笨港里,24.9745,121.02631,,4778168,1
中山社區活動中心,桃園市桃園區中德里,24.975,121.2892,45,03-3611518,
新店高中,新北市新店區福民里,24.9756,121.5318,1307,,
常樂公園,桃園市中壢區復興里,24.97577,121.25083,885,,
山佳國小,新北市樹林區山佳里,24.97577,121.40168,654,,
福豐國中,桃園市桃園區福林里,24.976,121.3139,105,,1
耕莘健康管理專科學校,新北市新店區百和里,24.9761,121.5355,87,,
忠孝公園,桃園市中壢區忠孝里,24.97628,121.25419,1015,,
指南國小,臺北市文山區,24.9764,121.5836,20,,
中壢區中原、忠孝、和平里原住民集會所,桃園市中壢區忠孝里,24.9767,121.20915,50,,
大豐社福館,新北市新店區大豐里,24.9769,121.5376,1540,,
中壢區復興、復華里集會所,桃園市中壢區復興里,24.97738,121.24984,50,,
建國國中,桃園市桃園區福林里,24.9774,121.3077,70,,
大豐國小,新北市新店區大豐里,24.9776,121.5382,5794,,
成功公園,桃園市中壢區福德里,24.97766,121.25788,547,,
大林社區活動中心,桃園市桃園區大林里,24.9778,121.3202,89,03-3612328,
甲蟲兒童公園（文化兒2）,桃園市中壢區忠孝里,24.97781,121.2529,535,,
中壢區內壢、成功、福德里集會所,桃園市中壢區福德里,24.97792,121.25807,50,,
員林市民活動中心,新北市土城區員林里,24.97828,121.44298,77,02-22610593,
霖園兒童公園,桃園市八德區大福里,24.9784,121.3022,71,,
高城公園,桃園市八德區高城里,24.979,121.2754,35,,
陽明社區活動中心,桃園市桃園區福林里,24.9794,121.3072,65,03-3678977,
中壢區文化里集會所,桃園市中壢區文化里,24.97943,121.25026,50,,
竹林中學,新北市中和區華新里,24.9799,121.506,430,,1
石城里-石城社區活動中心,宜蘭縣頭城鎮,24.9799,121.9498,67,03-9781117,
開明工商,新北市新店區寶福里,24.98,121.5462,1945,,
華梵大學于藝館3樓,新北市石碇區豐田里,24.98,121.6921,100,,1
文化公園,桃園市中壢區文化里,24.98006,121.2492,1700,,
青山市民活動中心,新北市土城區青山里,24.98031,121.46445,18,02-22734192,1
永富市民活動中心,新北市土城區青山里,24.98031,121.46445,25,02-22644813,
景美女中,臺北市文山區,24.9807,121.5562,300,,
延平公園,桃園市桃園區,24.9808,121.3186,1400,3354757,
廷寮市民活動中心,新北市土城區廷寮里,24.9808,121.4672,80,02-22626089,1
南強工商,新北市新店區寶興里,24.9809,121.5448,1132,,
力行國小,臺北市文山區,24.9809,121.561,30,,1
三角公園,桃園市中壢區文化里,24.98098,121.24932,2281,,
陽明公園,桃園市桃園區,24.9811,121.3073,4600,3354757,
大同國小,新北市樹林區大同里,24.98149,121.41742,450,,
東陽市民活動中心,新北市樹林區樹東里,24.98159,121.4109,78,,
彭福國小,新北市樹林區和平里,24.98175,121.42394,1704,,
清水高中,新北市土城區永富里,24.98201,121.46531,1033,02-22707801-400,1
福林、豐林、福安、大豐里聯合集會所（陽明公園管理中心）,桃園市桃園區福林里,24.9821,121.3081,131,,
華夏科技大學,新北市中和區華新里,24.9822,121.5076,1447,,1
"青雲,柑林市民活動中心",新北市土城區青雲里,24.98237,121.4585,50,,
裕德高中,新北市土城區日和里,24.98298,121.43958,975,02-82617889-225,1
新北高工,新北市土城區學府里,24.98331,121.45038,2785,02-22612483-30,1
建國國小,桃園市桃園區雲林里,24.9834,121.3144,280,,
實踐國中,臺北市文山區,24.9834,121.5547,300,,
中正國中,新北市土城區青雲里,24.98346,121.45684,415,02-22628456-815,1
樹林高級中學,新北市樹林區和平里,24.9835,121.4228,1404,,
實踐國小,臺北市文山區,24.9836,121.5575,75,,
東昇市民活動中心,新北市樹林區東昇里,24.98422,121.41516,214,02-268121061613,
清水國小,新北市土城區清溪里,24.9844,121.46151,597,02-22618316-401,1
吉林公園,桃園市中壢區文化里,24.98443,121.25019,305,,
新和國小,新北市新店區永安里,24.9846,121.5182,648,,
北政國中,臺北市文山區,24.9849,121.5783,20,,
中山公園,桃園市中壢區內定里,24.98541,121.25128,3275,,
樂利國小,新北市土城區日新里,24.9856,121.44756,1168,02-22662568-831,1
莊敬工家,新北市新店區復興里,24.9858,121.5322,8362,,
西園路環保公園,桃園市中壢區永福里,24.9859,121.23685,509,,
廣興市民活動中心,新北市土城區廣福里,24.98591,121.45777,50,02-22625088,
廣福市民活動中心,新北市土城區廣福里,24.98591,121.45777,50,02-22629394,1
育林國小,新北市樹林區樹南里,24.98605,121.41568,135,,
育林國中,新北市樹林區樹南里,24.98605,121.41568,574,,
中和國中,新北市中和區忠孝里,24.9862,121.5085,2649,,1
中山國小,桃園市桃園區中山里,24.9864,121.2902,212,,
中山、中平、中原、中泰、中聖五里聯合集會所,桃園市桃園區中山里,24.9867,121.2928,339,,
興南國小,新北市中和區忠孝里,24.9867,121.5091,1278,,1
廣福國小,新北市土城區廣福里,24.98695,121.4549,608,02-22626782-100,1
建國、雲林里聯合集會所建國公園管理中心,桃園市桃園區建國里,24.987,121.3155,191,,
市二簡易公園,桃園市桃園區,24.9871,121.2931,250,3354757,
溪洲國小,新北市板橋區堂春里,24.9873,121.4309,1021,2686770551,
明道國小,臺北市文山區明義里,24.9874,121.5626,42,,
木柵國中,臺北市文山區,24.9875,121.5677,30,,1
兔坑社區活動中心,桃園市龜山區兔坑里,24.98758,121.35073,120,03-3207928,1
永建國小,臺北市文山區,24.9876,121.55,30,,1
幸福社區活動中心,桃園市龜山區幸福里,24.98801,121.33609,82,03-3290331,1
龍岡公園,桃園市桃園區,24.9882,121.2782,400,3354757,
南門國小,桃園市桃園區南門里,24.9886,121.3044,159,,
山福集會所,桃園市龜山區山福里,24.98872,121.33181,120,03-3191223,1
建國公園,桃園市桃園區,24.9888,121.3173,1400,3354757,
安和國小,新北市土城區安和里,24.98881,121.46477,2293,02-22603451-131,1
龍祥公園,桃園市桃園區,24.9889,121.3111,100,03-3354757,
汴洲社區活動中心,桃園市桃園區汴洲里,24.9889,121.3111,178,03-3255924,
溫州公園,桃園市桃園區,24.9889,121.3111,800,03-3354757,
景新國小,新北市中和區景南里,24.9893,121.515,897,,1
龍岡社區活動中心,桃園市桃園區龍鳳里,24.9895,121.2805,92,03-3696213,
景美國小,臺北市文山區,24.9895,121.5408,74,,1
復興國小,新北市中和區中興里,24.9896,121.5019,946,,
行政中心大禮堂,臺北市文山區,24.9896,121.5701,60,,
沙崙國小,新北市板橋區溪北里,24.9897,121.4305,1692,26812764832,
復興大樓圖書館,新北市中和區外南里,24.9897,121.5065,25,,1
大同社區活動中心,桃園市龜山區大同里,24.98976,121.34327,133,03-3200962,1
中壢區內厝活動中心,桃園市中壢區內厝里,24.98978,121.17917,55,,
山德社區活動中心,桃園市龜山區山德里,24.98994,121.32835,68,03-3207676,1
樹林區公所,新北市樹林區樹東里,24.98998,121.42463,215,,1
樹林國小,新北市樹林區樹西里,24.99003,121.4181,304,,
錦和國小,新北市中和區錦中里,24.9901,121.4893,1173,,1
木柵國小,臺北市文山區,24.9903,121.5702,155,,
石碇國小,新北市石碇區石碇里,24.9903,121.659,109,,1
萬興國小,臺北市文山區萬興里,24.9904,121.5766,125,,1
信義國小,新北市板橋區華德里,24.9917,121.4528,1024,89667817122,
國強公園,桃園市桃園區,24.992,121.2827,100,03-3354757,
桃園國小,桃園市桃園區文化里,24.9923,121.3102,212,,
錦和中學,新北市中和區錦中里,24.9925,121.4911,2543,,1
龜山區公所本所（三樓禮堂）,桃園市龜山區新路里,24.99251,121.33782,200,03-3203711213,1
民族公園,桃園市桃園區,24.9926,121.3086,200,03-3354757,
市中心區聯合里集會所文明、文昌、文化、南華里,桃園市桃園區文昌里,24.9926,121.3091,129,,
景美國中,臺北市文山區,24.993,121.5429,80,,
長青學苑,桃園市桃園區文昌里,24.9934,121.3105,42,3361367,
桃園市公所禮堂,桃園市桃園區光興里,24.9939,121.3015,64,,
中和高中,新北市中和區嘉慶里,24.994,121.4783,2072,,
溪口國小,臺北市文山區,24.9941,121.5387,90,,1
龜山社區活動中心,桃園市龜山區龜山里,24.99412,121.33837,70,03-3505657,1
秀山國小,新北市中和區秀山里,24.9942,121.5212,4228,,1
重慶國小,新北市板橋區五權里,24.9945,121.4624,2135,29565592305,
新路社區活動中心,桃園市龜山區新路里,24.99491,121.33442,60,03-3204836,1
壽山高級中學,桃園市龜山區大同里,24.99499,121.34155,796,,1
東門國小,桃園市桃園區東門里,24.9952,121.3149,550,,
景華公園,臺北市文山區,24.9956,121.5446,1350,2788-4255,1
智光商工,新北市永和區智光里,24.9957,121.5143,722,,
中壢市芭里社區活動中心,桃園市中壢區芝芭里,24.99571,121.20383,50,,
桃園國中,桃園市桃園區西門里,24.9958,121.3048,70,03-3353070,
木柵高工,臺北市文山區,24.9959,121.5719,169,,
景興國小,臺北市文山區興安里,24.9961,121.5482,126,,
景興國中,臺北市文山區,24.9962,121.5443,100,,
臺北市文山運動中心,臺北市文山區興得里,24.9962,121.5443,189,,
嶺頂社區活動中心,桃園市龜山區嶺頂里,24.99676,121.34229,68,03-3293595,1
自強國小,桃園市龜山區大同里,24.99739,121.34541,700,,1
三民里集會所,桃園市桃園區三民里,24.9976,121.3207,36,,
文林國小,新北市樹林區潭底里,24.99776,121.42607,1151,,
龜山國中,桃園市龜山區龜山里,24.99778,121.33853,100,,1
北門、朝陽二里聯合活動中心,桃園市桃園區朝陽里,24.9978,121.3129,69,,
民權市民活動中心,新北市永和區民族里,24.998,121.5199,125,,
青溪、成功、東門里集會所,桃園市桃園區青溪里,24.9981,121.3145,88,,
重慶國中,新北市板橋區重慶里,24.9982,121.4632,2826,29543001504,
中和區公所,新北市中和區漳和里,24.9982,121.5002,65,,1
成功國小,桃園市桃園區永興里,24.9983,121.3078,212,,
阿柔市民活動中心,新北市深坑區阿柔里,24.9983,121.6072,57,,1
溪崑國中,新北市板橋區崑崙里,24.9984,121.4313,785,26869729383,1
自強國小,新北市中和區自強里,24.9985,121.4719,562,,1
志清國小,臺北市文山區,24.9987,121.5388,35,,1
自強國中,新北市中和區明穗里,24.9988,121.4726,936,,
興華國小,臺北市文山區,24.9988,121.5587,30,,
積穗國小,新北市中和區文元里,24.9991,121.4814,545,,1
青溪國小,桃園市桃園區青溪里,24.9997,121.3182,210,,
秀朗國小,新北市永和區民權里,24.9997,121.5214,2124,,
中和國小,新北市中和區漳和里,24.9999,121.5016,2866,,1
忠孝國小,彰化縣彰化市忠孝里,25.0,120.0,703,04-72221411710,
士東國小,臺北市士林區蘭雅里,25.0,121.0,63,02-28710064,
積穗國中,新北市中和區嘉新里,25.0004,121.4798,597,,
萬芳高中,臺北市文山區,25.0005,121.5588,131,,
萬順市民活動中心,新北市深坑區萬順里,25.0008,121.6041,22,26622208-26621959,
公十五公園,桃園市中壢區芝芭里,25.00097,121.20766,1007,,
永安、長安、長德三里聯合活動中心（永康公園管理中心）,桃園市桃園區永安里,25.001,121.3033,196,,
三民公園、青溪公園,桃園市桃園區,25.0013,121.3171,2800,3354757,
鶴齡交誼中心,新北市中和區枋寮里,25.0014,121.5011,82,,1
南山高中,新北市中和區枋寮里,25.0016,121.5034,2130,,
興德國小,臺北市文山區,25.0017,121.5508,30,,
深坑國中,新北市深坑區深坑里,25.0017,121.6183,304,,1
深坑國小,新北市深坑區深坑里,25.0018,121.6169,632,02-26624675,1
萬芳國小,臺北市文山區萬美里,25.0019,121.5673,135,,
武林國小,新北市樹林區金寮里,25.00203,121.41544,822,,
博嘉國小,臺北市文山區,25.0021,121.5758,30,,
精忠集會所,桃園市龜山區精忠里,25.00229,121.34335,114,03-2134389,1
中山國小,新北市板橋區中山里,25.0023,121.4477,1136,22755313222,
興隆國小,臺北市文山區興旺里,25.0024,121.5519,133,,1
深坑市民活動中心,新北市深坑區深坑里,25.0025,121.6147,36,26622723-26624911,
深坑區公所,新北市深坑區深坑里,25.0025,121.616,100,02-26623116256,
漳和國中,新北市中和區枋寮里,25.0027,121.5055,1067,,1
興德里營區,臺北市文山區興昌里,25.0029,121.5571,200,02-23140177,
永康公園,桃園市桃園區,25.0032,121.3018,800,03-3354757,
後埔國小,新北市板橋區福星里,25.0033,121.4627,703,29614142-50,
復興商工,新北市永和區得和里,25.0035,121.5186,827,02-29262121223,
永和國小,新北市永和區潭墘里,25.0036,121.517,1329,,
武功國小,臺北市文山區,25.0039,121.5405,50,,
公十三公園及兒增二,桃園市中壢區洽溪里,25.00395,121.20564,3562,,
福和國中,新北市永和區秀和里,25.004,121.5209,1401,,
公八公園,桃園市中壢區青埔里,25.0043,121.21492,365,,
東南科技大學,新北市深坑區萬福里,25.0044,121.6047,916,,1
兒六兒童遊樂場,桃園市中壢區青埔里,25.00476,121.21677,408,,
忠孝國中,新北市板橋區福星里,25.0048,121.4616,191,29631350232,
萬福國小,臺北市文山區,25.0048,121.5367,32,,
興福國中,臺北市文山區,25.0049,121.5497,300,,
昇高市民活動中心,新北市深坑區昇高里,25.0049,121.6287,87,,1
實踐國小,新北市板橋區國泰里,25.005,121.4664,1018,29531233142,
東勢市民活動中心,新北市平溪區東勢里,25.0052,121.7508,25,,
嶺腳市民活動中心,新北市平溪區嶺腳里,25.0052,121.7508,47,,1
兒十四兒童公園,桃園市中壢區洽溪里,25.00591,121.20791,427,,
直潭派出所,新北市新店區塗潭里,25.00594,121.45659,75,,
山北市民活動中心,新北市中和區福美里,25.0061,121.5016,92,,
德林寺停車場,桃園市蘆竹區中福里,25.00619,121.2585,150,360-5818,1
辛亥國小,臺北市文山區,25.0063,121.5585,30,,
三多國中,新北市樹林區?寮里,25.00641,121.41467,847,,
永和國中,新北市永和區秀和里,25.0067,121.5233,1109,,
保生國民小學,桃園市觀音區保生里,25.00691,121.07162,100,,
育才國小,新北市永和區永貞里,25.0071,121.5216,207,,1
北門國小,桃園市桃園區信光里,25.0072,121.307,64,,
大業國小,桃園市桃園區忠義里,25.0074,121.3158,106,,
永定國小,新北市石碇區永定里,25.0078,121.688,330,,1
永平國小,新北市永和區保安里,25.0081,121.5057,943,,
大觀國小,新北市板橋區浮洲里,25.0086,121.4493,1784,29603373831,
三元、忠義里集會所,桃園市桃園區三元里,25.0087,121.3234,122,,
中壢區洽溪社區活動中心,桃園市中壢區洽溪里,25.00875,121.20202,30,,
公十一公園,桃園市中壢區洽溪里,25.00889,121.20738,523,,
大有國小,桃園市桃園區大有里,25.0089,121.3205,212,,
大有國中,桃園市桃園區大有里,25.0093,121.3196,70,,
土庫第1市民活動中心,新北市深坑區土庫里,25.01,121.6346,100,,
石碇綜合活動大樓,新北市石碇區豐林里,25.0101,121.6423,200,,1
海山高中,新北市板橋區深丘里,25.0102,121.4709,2122,,
中壢區月眉社區活動中心,桃園市中壢區月眉里,25.01027,121.18449,55,,
龍壽國小,桃園市龜山區龍壽里,25.01077,121.38749,100,,1
板橋國小,新北市板橋區黃石里,25.0108,121.4582,641,29686834831,
永平高中,新北市永和區保安里,25.0108,121.5086,5315,,
大觀國中,新北市板橋區浮洲里,25.0112,121.4485,1611,22725015831,
民族國中,臺北市大安區學府里,25.0112,121.5388,139,,1
臺北市大安運動中心,臺北市大安區臥龍里,25.0112,121.5388,389,,
板橋高中,新北市板橋區黃石里,25.0117,121.4591,1136,29602500430,
會稽國小,桃園市桃園區春日里,25.0118,121.3086,70,,
大甲高中活動中心,臺中市大甲區南陽里,25.01202,121.46547,598,04-26877165,1
公館國小,臺北市大安區學府里,25.0124,121.5429,50,,
石碇高中,新北市石碇區隆盛里,25.0127,121.6426,963,,1
網溪國小,新北市永和區上林里,25.0129,121.5193,853,,
公十公園,桃園市中壢區洽溪里,25.01304,121.20699,523,,
民生公園市民活動中心,新北市板橋區東丘里,25.0137,121.4768,292,02-29541201,
臺北市中正運動中心,臺北市中正區東門里,25.0137,121.535,250,02-25702330-6427,
月眉環保公園,桃園市中壢區月眉里,25.01412,121.19007,1200,,
會稽社區活動中心,桃園市桃園區會稽里,25.0142,121.3161,52,03-3251566,
銘傳國小,臺北市大安區學府里,25.0142,121.5352,161,,
竹林小學,新北市永和區勵行里,25.0145,121.5173,58,3233-0272,1
光復國小,新北市中和區中原里,25.0148,121.4829,855,,
公六公園,桃園市中壢區青埔里,25.01501,121.22229,456,,
柑林國小,新北市雙溪區長源里,25.01513,121.80456,133,,
虎子山,新北市貢寮區福隆里,25.01519,121.94439,50,,
頂溪國小,新北市永和區文化里,25.0155,121.5116,888,,
及人國小,新北市永和區新?里,25.0157,121.512,1041,,
長源社區活動中心,新北市雙溪區長源里,25.0157,121.8028,172,,
金甌女中,新北市永和區復興里,25.0158,121.5193,239,23214765,1
福連國小,新北市貢寮區福連里,25.0162,121.9888,300,,1
中壢區山東社區活動中心,桃園市中壢區山東里,25.01621,121.17373,100,,
貢寮國中,新北市貢寮區龍崗里,25.0164,121.9071,661,,
三多國小,新北市樹林區三福里,25.01665,121.4059,807,,
同安里集會所,桃園市桃園區同安里,25.0167,121.3018,61,,
光復高中,新北市板橋區富貴里,25.0168,121.4828,416,29582366141,
忠孝市民活動中心,新北市永和區頂溪里,25.0169,121.5153,85,29249622,
福隆國小,新北市貢寮區福隆里,25.0171,121.9487,430,,
龍華社區活動中心,桃園市龜山區龍華里,25.01749,121.40054,150,02-82001127,1
丹鳳國小,新北市新莊區雙鳳里,25.0175,121.4257,297,02-29929891,
光復國小,新北市板橋區歡園里,25.0177,121.484,855,32348645661,
靈鷲山無生道場,新北市貢寮區福連里,25.0177,121.9729,100,02-24991100,
桃園縣多功能藝文園區,桃園市桃園區,25.0179,121.2977,3000,3170511,
埔墘國小,新北市板橋區光仁里,25.0181,121.4741,628,29616690311,
上興公園,桃園市蘆竹區中福里,25.01826,121.26293,150,3226011,1
同新公園,桃園市桃園區,25.0183,121.3014,150,03-3354757,
福隆青少年活動中心,新北市貢寮區福隆里,25.0184,121.9457,403,02-24991456,
迴龍社區活動中心,桃園市龜山區迴龍里,25.01842,121.41069,93,02-82009283,1
中山國中,新北市板橋區新民里,25.0185,121.4676,2280,22508250232,
外柑市民活動中心,新北市雙溪區外柑里,25.01852,121.80781,72,,
快樂國小,桃園市桃園區會稽里,25.0187,121.3154,70,,
芳和國中,臺北市大安區芳和里,25.0187,121.5503,30,,1
螢橋國中,臺北市中正區,25.019,121.5265,52,,
迴龍國中小學,桃園市龜山區迴龍里,25.01938,121.40543,500,,1
同德社區活動中心,桃園市桃園區瑞慶里,25.0194,121.2925,111,03-3021077,
國光國小,新北市板橋區香社里,25.0194,121.4533,1211,29680611702,
大安國小,臺北市大安區芳和里,25.0195,121.5496,60,,
和平高中,臺北市大安區芳和里,25.0196,121.5491,300,,
板橋莊敬市民活動中心,新北市板橋區莊敬里,25.0197,121.4708,188,02-22514289,
新埔里活動中心,桃園市桃園區新埔里,25.0201,121.3056,140,,
貢寮市民活動中心,新北市貢寮區貢寮里,25.0206,121.9075,176,,1
古亭國小,臺北市大安區古風里,25.0207,121.5285,62,,
西埔里活動中心,桃園市桃園區西埔里,25.0209,121.2805,25,,
四維市民活動中心,新北市新莊區南港里,25.02117,121.42182,300,,1
裕民行政大樓,新北市新莊區裕民里,25.0212,121.4162,300,,1
春日里活動中心,桃園市桃園區春日里,25.0216,121.3126,28,,
中平國中,新北市新莊區立廷里,25.0216,121.4278,1384,02-29929891,
莊敬社區活動中心,桃園市桃園區莊敬里,25.0219,121.2999,53,03-3258666,
榮富國小,新北市新莊區中平里,25.0219,121.418,2819,02-29929891,
貢寮國小,新北市貢寮區雙玉里,25.022,121.9151,633,,
青年公園,臺北市萬華區騰雲里,25.0221,121.507,33756,2303-2451,1
白石市民活動中心,新北市平溪區白石里,25.0221,121.7247,49,,
文德國小,新北市板橋區幸福里,25.0225,121.4585,1207,2257719363,
薯榔市民活動中心,新北市平溪區薯榔里,25.02269,121.72815,61,,1
大竹國中,桃園市蘆竹區大竹里,25.02289,121.25853,,,
萬大國小,臺北市萬華區全德里,25.023,121.4993,66,,
朝陽公園,桃園市桃園區,25.0231,121.3062,3000,03-3354757,
青年公園棒球場,臺北市萬華區騰雲里,25.0231,121.4978,68,,
東園國小,臺北市萬華區全德里,25.0231,121.4978,102,,
臺北市萬華運動中心,臺北市萬華區福星里,25.0231,121.4978,226,,
河堤國小,臺北市中正區河堤里,25.0232,121.5226,30,,
長庚醫護社區活動文康中心,桃園市龜山區長庚里,25.02331,121.35741,200,03-3282426,1
菁桐市民活動中心,新北市平溪區菁桐里,25.0235,121.7262,104,,1
平溪國中,新北市平溪區石底里,25.0235,121.7336,710,,1
菁桐國小,新北市平溪區菁桐里,25.0236,121.7266,310,,
大崗社區活動中心,桃園市龜山區大崗里,25.02386,121.35365,272,03-3282434,1
龍安國小,臺北市大安區龍門里,25.0239,121.5348,120,,1
五權社區活動中心,桃園市大園區五權里,25.02395,121.23092,100,03-3813160,
板橋國中,新北市板橋區中正里,25.024,121.4542,1628,,
中港國小,新北市新莊區立志里,25.0242,121.4138,695,02-29929891,
長庚里345號地下一樓,桃園市龜山區長庚里,25.02428,121.3569,200,03-3282426,1
昌平國小,新北市新莊區昌平里,25.0243,121.4238,635,02-29929891,
古亭國中,臺北市中正區永功里,25.0246,121.5106,66,,1
平溪市民活動中心,新北市平溪區石底里,25.0247,121.7371,106,,1
大竹國小,桃園市蘆竹區大竹里,25.02483,121.25868,260,,1
新埔國中,新北市板橋區新海里,25.0249,121.4597,3276,22572275512,
螢橋國小,臺北市中正區螢雪里,25.0249,121.5144,63,23054620109,
龍門國中,臺北市大安區龍門里,25.0249,121.538,300,,
新莊國中,新北市新莊區興漢里,25.0253,121.4225,1370,02-29929891,
平湖市民活動中心,新北市平溪區平湖里,25.0256,121.7813,71,,
橫峰社區活動中心,桃園市大園區橫峰里,25.02562,121.21351,100,03-3869030,
豐年市民活動中心,新北市新莊區泰豐里,25.0258,121.4283,100,,1
新和國小,臺北市萬華區新安里,25.026,121.5033,79,,1
吳興國小,臺北市信義區三張里,25.026,121.5686,60,,
莒光國小,新北市板橋區華翠里,25.0261,121.4736,428,22517272109,
汴洲里老人活動中心,桃園市桃園區汴洲里,25.0263,121.3038,178,,
舊路社區活動中心,桃園市龜山區舊路里,25.02646,121.36753,60,03-3298813,1
西園國小,臺北市萬華區日善里,25.0266,121.4988,30,,
平溪國小,新北市平溪區平溪里,25.0272,121.7376,525,,1
昭惠廟,新北市貢寮區龍門里,25.0273,121.9316,50,02-24941556,
雙園國中,臺北市萬華區和德里,25.0276,121.4927,30,,1
華江高中,臺北市萬華區日善里,25.0285,121.4962,300,,
信義國中,臺北市信義區三張里,25.0286,121.5679,361,,1
中正公園,桃園市桃園區,25.0288,121.2925,1500,03-3354757,
江翠國中,新北市板橋區文化里,25.0289,121.4684,2895,,
上林國小,新北市雙溪區上林里,25.029,121.832,1309,,
萬華國中,臺北市萬華區,25.0291,121.4987,50,,
牡丹心市民活動中心,新北市新莊區雙鳳里,25.0294,121.4431,300,,1
建安國小,臺北市大安區龍雲里,25.0294,121.5461,30,,
文聖國小,新北市板橋區龍翠里,25.0295,121.4772,1023,22530782813,
忠義國小,臺北市中正區忠勤里,25.0296,121.5062,100,,
中華區民活動中心,臺北市中正區,25.0297,121.5045,35,02-23416721,
三興國小,臺北市信義區景聯里,25.0297,121.558,77,,
大安森林公園,臺北市大安區龍門里,25.0301,121.5354,47436,2303-2451,1
新生國小,臺北市大安區龍安里,25.0304,121.5335,35,,
瓊泰市民活動中心,新北市新莊區瓊林里,25.0306,121.4467,150,,1
大安國中,臺北市大安區龍雲里,25.0307,121.5462,274,,
大理高中,臺北市萬華區綠堤里,25.0308,121.4913,300,,1
思賢國小,新北市新莊區自立里,25.0309,121.4433,285,02-29929891,
雙園國小,臺北市萬華區雙園里,25.0309,121.4975,109,,1
國語實小,臺北市中正區龍光里,25.0309,121.511,49,,1
大理國小,臺北市萬華區綠堤里,25.0312,121.4938,84,,
建國中學,臺北市中正區龍光里,25.0312,121.5122,300,,
金華國中,臺北市大安區福住里,25.0312,121.5331,300,,1
信義國小,臺北市信義區景新里,25.0318,121.5632,150,,
共和社區活動中心,新北市雙溪區共和里,25.0318,121.8661,100,,1
大安高工,臺北市大安區龍圖里,25.0319,121.5432,100,,
金華國小,臺北市大安區永康里,25.0322,121.5277,56,,1
中正國中,臺北市中正區新營里,25.0323,121.5221,300,,1
江翠國小,新北市板橋區柏翠里,25.0324,121.4742,784,22526880231,
永春高中,臺北市信義區松隆里,25.0327,121.5786,300,,
輔仁大學,新北市新莊區營盤里,25.0329,121.4341,705,02-29929891,
台北世貿一館,基隆市中正區中正里,25.03315,121.56234,4245,,
雙溪國小,新北市雙溪區共和里,25.0334,121.8672,1013,02-24931111-124,
華江國小,臺北市萬華區華江里,25.0341,121.4912,37,,
新莊國小,新北市新莊區立人里,25.0342,121.4417,1029,02-29929891,1
松山家商,臺北市信義區松隆里,25.0348,121.5801,116,,1
雙溪高中,新北市雙溪區平林里,25.0349,121.8632,1376,02-24931111-124,
南門國小,臺北市中正區南門里,25.0352,121.5091,30,,
南門國中,臺北市中正區南門里,25.0352,121.5091,151,,
平林市民活動中心,新北市雙溪區平林里,25.0356,121.84914,79,,
龍山國小,臺北市萬華區青山里,25.0356,121.4962,50,,1
臺北市信義運動中心,臺北市信義區三張里,25.0356,121.5733,200,,
松德公園,臺北市信義區安康里,25.0356,121.5733,1346,02-27884255,1
台北市世貿三館,基隆市中正區中正里,25.0357,121.56383,1000,,
中信國小,新北市新莊區中原里,25.0358,121.4505,1084,02-29929891,
仁愛國小,臺北市大安區敦安里,25.0358,121.5524,53,,
新莊區公所,新北市新莊區文衡里,25.03583,121.45056,200,,1
新莊高中,新北市新莊區立基里,25.0359,121.4525,933,02-29929891,
龍山國中,臺北市萬華區富福里,25.036,121.5046,367,,1
博愛國小,臺北市信義區安康里,25.0364,121.5711,80,,
興雅國中,臺北市信義區安康里,25.0364,121.5723,151,,1
私立恆毅高級中學,新北市新莊區立人里,25.03659,121.45373,604,02-29929891,
新泰市民活動中心,新北市新莊區忠孝里,25.0369,121.4451,250,,1
頭前國中,新北市新莊區和平里,25.037,121.4564,2352,02-29929891,
?公國中,臺北市信義區中行里,25.0371,121.5853,30,,
弘道國中,臺北市中正區建國里,25.0375,121.5153,87,,
仁愛國中,臺北市大安區敦安里,25.0375,121.5507,125,,
幸安國小,臺北市大安區民炤里,25.0376,121.535,200,,1
光華國小,新北市新莊區光明里,25.0378,121.4438,963,02-29929891,
老松國小,臺北市萬華區福音里,25.038,121.5027,50,,
北一女中,臺北市中正區光復里,25.0386,121.513,60,,1
東門國小,臺北市中正區東門里,25.0387,121.5209,100,,
福德國小,臺北市信義區中行里,25.0389,121.5865,105,,
貴和市民活動中心,新北市泰山區貴和里,25.0394,121.4266,76,,
財團法人臺北市東和禪寺,臺北市中正區東門里,25.0394,121.5225,30,23934598,
松山工農,臺北市信義區安康里,25.0398,121.572,50,,
光復國小,臺北市信義區興隆里,25.0402,121.5578,40,,1
舊庄國小,臺北市南港區舊莊里,25.04024,121.61735,92,922424372,
二二八和平公園,臺北市中正區黎明里,25.0403,121.5156,7909,2303-2451,1
懷生國中,臺北市大安區義村里,25.0403,121.5412,300,,
南上社區活動中心,桃園市龜山區南上里,25.04046,121.3001,60,03-3252390,1
南興公園,桃園市蘆竹區南興里,25.04136,121.28773,,,
明志科技大學,新北市泰山區貴子里,25.0417,121.4206,1803,,1
中港第一市民活動中心,新北市新莊區中美里,25.04182,121.45516,75,,1
老人文康活動中心,新北市平溪區十分里,25.04193,121.77581,127,,1
全安市民活動中心,新北市新莊區全安里,25.0423,121.4565,200,,1
龍騰活動中心,苗栗縣三義鄉龍騰村,25.04238,121.53301,20,037-881418,1
雙潭活動中心,苗栗縣三義鄉雙潭村,25.04238,121.53301,20,037-871023,1
鯉魚潭活動中心室內,苗栗縣三義鄉鯉魚潭村,25.04238,121.53301,50,037-881002,1
建中國民小學活動中心室內,苗栗縣三義鄉廣盛村,25.04238,121.53301,50,037-872007,1
西湖村活動中心室內,苗栗縣三義鄉西湖村,25.04238,121.53301,50,037-874307,1
上?里民眾活動中心,苗栗縣苑裡鎮上館里,25.04238,121.53301,50,037-743028,
銅鏡社區活動中心,苗栗縣三灣鄉銅鏡村,25.04238,121.53301,50,037-831653,1
西湖村活動中心室外,苗栗縣三義鄉西湖村,25.04238,121.53301,150,037-874307,1
鯉魚潭村活動中心室外,苗栗縣三義鄉鯉魚潭村,25.04238,121.53301,150,037-881002,1
建中國民小學操場室外,苗栗縣三義鄉廣盛村,25.04238,121.53301,300,,1
苑裡鎮立托兒所,苗栗縣苑裡鎮舊社里,25.04238,121.53301,300,037-744224,1
苑裡鎮老人文康中心,苗栗縣苑裡鎮苑東里,25.04238,121.53301,300,,1
苑裡鎮苑東苑南苑北社區聯合活動中,苗栗縣苑裡鎮苑北里,25.04238,121.53301,500,037-854073,1
苗栗縣立苑裡高中操場,苗栗縣苑裡鎮客庄里,25.04238,121.53301,1000,037-861042-623,
山腳國小田徑場,苗栗縣苑裡鎮舊社里,25.04238,121.53301,1000,037-745024,
苑裡鎮中山國小操場,苗栗縣苑裡鎮社苓里,25.04238,121.53301,1000,037-743564,
苑裡鎮立體育場,苗栗縣苑裡鎮客庄里,25.04238,121.53301,2000,,
綺湖社區活動中心,雲林縣土庫鎮奮起里,25.04238,121.53301,78,05-6623430,1
大有市民活動中心,新北市三峽區插角里,25.04238,121.53301,148,,
豐珠國中小活動中心,新北市貢寮區美豐里,25.04238,121.53301,369,02-24903727,
大林鎮公所,嘉義縣大林鎮三和里,25.04238,121.53301,50,05-2653211,1
西興村活動中心前廣場,嘉義縣大埔鄉西興村,25.04238,121.53301,50,05-2521310-28,
大埔鄉公所,嘉義縣大埔鄉大埔村,25.04238,121.53301,50,05-2521310-29,1
文光國際英語村[室內],嘉義縣竹崎鄉緞繻村,25.04238,121.53301,80,05-2630537,
嘉義縣竹崎鄉灣橋村朴子埔收容所暨防災物資整備所,嘉義縣竹崎鄉灣橋村,25.04238,121.53301,90,05-2790392,
溪口國中室外,嘉義縣溪口鄉坪頂村,25.04238,121.53301,300,,
竹園國小室外,嘉義縣鹿草鄉松竹村,25.04238,121.53301,400,05-3650524-12,
後塘國小室外,嘉義縣鹿草鄉三角村,25.04238,121.53301,500,05-375254812,
老人文康活動中心,彰化縣永靖鄉港西村,25.04238,121.53301,50,048-8221191-21,1
永靖鄉立托兒所,彰化縣永靖鄉港西村,25.04238,121.53301,200,048-8238746,1
梧棲國小活動中心,臺中市梧棲區安仁里,25.04238,121.53301,200,,1
樟原社區活動中心,臺東縣長濱鄉樟原村,25.04238,121.53301,40,089-881069,1
三間社區活動中心,臺東縣長濱鄉三間村,25.04238,121.53301,80,089-831640,1
三間村南溪國小,臺東縣長濱鄉三間村,25.04238,121.53301,180,089-881253,1
同義宮,臺南市新化區知義里,25.04238,121.53301,150,06-5903219,1
新化區聯合活動中心,臺南市新化區太平里,25.04238,121.53301,490,06-5905356,
成功高中,臺北市中正區幸福里,25.0424,121.5238,30,,
胡適國小,臺北市南港區,25.0424,121.6172,30,,1
丹鳳高中,新北市新莊區龍鳳里,25.0426,121.4444,1337,02-29929891,
忠孝國小,臺北市中正區梅花里,25.0428,121.5317,30,,
明志國小,新北市泰山區新明里,25.043,121.4317,1024,,1
永吉國小,臺北市信義區永春里,25.043,121.5791,53,,
私立金陵女中,新北市三重區中興里,25.0431,121.467,913,,
西門國小,臺北市萬華區西門里,25.0432,121.5035,95,,1
第一河濱公園,桃園市蘆竹區南興里,25.04346,121.28773,100,,
松山高中,臺北市信義區新仁里,25.0439,121.5658,300,27535968-268,1
十分國小,新北市平溪區十分里,25.0439,121.7774,175,,1
光明國中操場,桃園市蘆竹區興榮里,25.04435,121.28898,200,03-311-4355,1
永春國小,臺北市信義區永春里,25.0447,121.5789,115,,
臺北田徑場,臺北市松山區中正里,25.0449,121.5509,440,,
成德國中,臺北市南港區成福里,25.04507,121.58775,300,,
國泰國小,新北市新莊區營盤里,25.0451,121.4472,1036,02-29929891,
懷生國小,臺北市中山區埤頭里,25.0453,121.5417,30,,
光明河濱公園,桃園市蘆竹區錦興里,25.04544,121.28722,,,
修德國小,臺北市南港區成福里,25.0455,121.5896,95,,
頭前國小,新北市新莊區頭前里,25.0456,121.4566,610,02-29929891,
南港公園,臺北市南港區成福里,25.0458,121.5912,8661,02-27884255,1
高雄市林園區汕尾國民小學,高雄市林園區北汕里,25.04624,121.51741,400,07-3719971,1
福星國小,臺北市萬華區福星里,25.0463,121.5089,50,,
臺北市南港運動中心,臺北市南港區玉成里,25.0466,121.5822,240,,
興雅國小,臺北市信義區雅祥里,25.0467,121.5701,198,,
成德國小,臺北市南港區,25.0469,121.5869,200,,
蘆竹區公所三樓禮堂,桃園市蘆竹區南崁里,25.047,121.29505,,,1
義學國中,新北市泰山區義學里,25.0472,121.4347,606,,1
義學國小,新北市泰山區義學里,25.0472,121.4347,952,,1
白雲國小,新北市汐止區福山里,25.04764,121.61888,96,,1
南美國小,桃園市龜山區南美里,25.04771,121.29737,60,,1
福營行政大樓,新北市新莊區四維里,25.0482,121.4447,200,,1
永吉國中,臺北市信義區四育里,25.0483,121.5741,97,,1
中山女中,臺北市中山區力行里,25.0485,121.5371,135,,
義仁市民活動中心,新北市泰山區義仁里,25.0487,121.4273,55,,
中崙高中,臺北市松山區吉祥里,25.0487,121.5611,300,,
臺北市松山運動中心,臺北市松山區中正里,25.049,121.5501,180,,
敦化國小,臺北市松山區中正里,25.0491,121.5485,56,,
長安國中,臺北市中山區興亞里,25.0494,121.5319,41,,
長安國小,臺北市中山區興亞里,25.0497,121.5302,300,,
玉泉公園,臺北市大同區玉泉里,25.0498,121.5077,2183,,1
興穀國民小學,新北市三重區五谷里,25.0502,121.4755,299,,
建成國中,臺北市大同區建泰里,25.0503,121.5197,55,,
橫科里活動中心,新北市汐止區橫科里,25.05045,121.62018,74,,1
中正國小,臺北市中山區力行里,25.0506,121.5402,76,,
南崁國小,桃園市蘆竹區吉祥里,25.05063,121.30099,,,1
龜山婦幼公園,桃園市龜山區大湖里,25.05091,121.35977,500,03-3506349,1
文華國小,桃園市龜山區大華里,25.05095,121.36531,50,,1
忠孝國中,臺北市大同區玉泉里,25.0512,121.5082,131,,1
松山國小,臺北市松山區慈祐里,25.0512,121.5793,95,,
五福游泳池停車場及旁空地,桃園市蘆竹區五福里,25.05121,121.29465,,,
蘆竹區婦幼館,桃園市蘆竹區瓦窯里,25.05139,121.29348,,,1
豐年國小,新北市新莊區國泰里,25.0514,121.4474,1128,02-29929891,
新泰國小,新北市新莊區忠孝里,25.0514,121.4554,106,02-29929891,
仁和宮,新北市貢寮區仁里里,25.05143,121.92262,125,,
敦化國中,臺北市松山區中正里,25.0515,121.5468,389,,
臺北體育館,臺北市松山區中正里,25.0517,121.5446,1000,,
大崗國中,桃園市龜山區文化里,25.05171,121.37083,700,,1
臺北市極限運動訓練中心,臺北市南港區中南里,25.0519,121.6073,50,,
私立清傳商職,新北市三重區谷王里,25.052,121.4769,294,,
樂善社區活動中心,桃園市龜山區樂善里,25.05201,121.38218,60,03-3287198,1
福壽市民活動中心,新北市新莊區信義里,25.0522,121.4576,120,,1
西松國小,臺北市松山區東光里,25.0522,121.5636,50,,
大坑社區活動中心,桃園市龜山區大坑里,25.05223,121.32866,33,03-3229270,1
南崁高中,桃園市蘆竹區五福里,25.05229,121.29722,400,,
埔心社區活動中心,桃園市大園區埔心里,25.05238,121.22552,280,03-3818996,
南港高中,臺北市南港區,25.0525,121.595,435,,1
民安國小,新北市新莊區民全里,25.0529,121.4661,1184,02-29929891,
三港集會所,新北市雙溪區三港里,25.053,121.878,63,,
玉成國小,臺北市南港區,25.05364,121.59477,30,,
福營國中,新北市新莊區富國里,25.0538,121.4445,319,02-29929891,
誠正國中,臺北市南港區,25.0541,121.6187,143,,
同榮國小,新北市泰山區同榮里,25.0546,121.4282,931,,
新北市立三重高中,新北市三重區光明里,25.0547,121.4915,897,,
吉林國小,臺北市中山區中原里,25.0547,121.5296,117,,
澳底圖書館,新北市貢寮區真理里,25.05477,121.92692,157,02-24903203,
南崁國中,桃園市蘆竹區五福里,25.05481,121.29837,370,,1
長春國小,臺北市中山區中央里,25.0549,121.5339,47,,
澳底國小大禮堂,新北市貢寮區真理里,25.0549,121.9246,479,,1
慶安宮,新北市貢寮區真理里,25.05492,121.9238,12,,
大同高中,臺北市中山區中央里,25.055,121.5351,300,,
新泰國中,新北市新莊區立泰里,25.0551,121.4594,743,02-29929891,
日新國小,臺北市大同區星明里,25.0553,121.5167,137,,1
白雲里活動中心,新北市汐止區白雲里,25.05542,121.65677,37,,1
泰山體育館,新北市泰山區同榮里,25.0556,121.4263,1280,,1
西松高中,臺北市松山區鵬程里,25.0556,121.5671,255,,1
三光國民小學,新北市三重區同安里,25.0561,121.4968,1502,,
東新國小,臺北市南港區,25.0562,121.602,30,,
昌隆國小,新北市新莊區昌隆里,25.0563,121.448,509,02-29929891,
南港高工,臺北市南港區,25.0563,121.6072,160,,
南港展覽館,基隆市中正區中正里,25.05638,121.61735,7370,,
興化國小,新北市新莊區福興里,25.0564,121.4556,599,02-29929891,
介壽國中,臺北市松山區,25.0564,121.5565,70,,
集美國民小學,新北市三重區光明里,25.0565,121.4879,104,,
蓬萊國小,臺北市大同區星明里,25.0565,121.5155,104,,
民生國小,臺北市松山區中華里,25.0565,121.552,70,,
健康國小,臺北市松山區自強里,25.0566,121.5629,84,,
泰山高中,新北市泰山區同榮里,25.0573,121.4285,650,,1
南港國小,臺北市南港區,25.0575,121.6104,50,,
明志市民活動中心,新北市泰山區明志里,25.0577,121.4299,20,,
菜寮市民活動中心,新北市三重區菜寮里,25.0578,121.4928,100,02-29862345493,1
潮音國小,桃園市大園區南港里,25.05791,121.16818,180,,
育成高中,臺北市南港區南港里,25.0587,121.6092,375,,1
光興國民小學,新北市三重區光輝里,25.0589,121.4988,600,,
民族國小,臺北市松山區精忠里,25.0589,121.5519,40,,
北峰國小,新北市汐止區中興里,25.05896,121.62911,1067,,1
大園國小學生活動中心,桃園市大園區橫峰里,25.05908,121.20267,1200,,
泰山區公所,新北市泰山區同榮里,25.0592,121.4314,53,,1
東山國小,新北市汐止區東山里,25.05972,121.69955,118,,
民生國中,臺北市松山區新東里,25.0598,121.5673,100,,
過圳市民活動中心,新北市三重區過田里,25.0601,121.4881,50,02-29862345493,
雙蓮國小,臺北市大同區民權里,25.0601,121.5167,300,,
東方科學園區,新北市汐止區文化里,25.06037,121.64793,500,,
中山國中,臺北市松山區民有里,25.0605,121.5455,111,,
潭美國小,臺北市內湖區,25.0609,121.5908,81,,
中正社區活動中心,新北市雙溪區牡丹里,25.061,121.8515,76,,
三重區公所,新北市三重區過田里,25.0611,121.4885,136,02-29862345493,
青山國中小,新北市汐止區自強里,25.06116,121.65665,970,,1
成淵高中,臺北市大同區民權里,25.0613,121.5185,75,,
太平國小,臺北市大同區南芳里,25.0614,121.5114,50,,
永樂國小,臺北市大同區南芳里,25.0617,121.5111,50,,
民權公園,臺北市松山區東榮里,25.0619,121.5575,2786,,1
楓樹福泰市民活動中心,新北市泰山區楓樹里,25.062,121.4345,201,,1
新生公園棒球場,臺北市中山區新庄里,25.062,121.5258,60,,
新興國中,臺北市中山區聚葉里,25.062,121.5258,175,,
臺北市中山運動中心,臺北市中山區民安里,25.062,121.5258,184,,
公西社區活動中心,桃園市龜山區公西里,25.0623,121.36028,100,03-3281662,1
泰山國小,新北市泰山區山腳里,25.0623,121.4313,1283,,
民權國小,臺北市松山區三民里,25.0625,121.5623,80,,
碧華國民中學,新北市三重區五福里,25.0626,121.4903,969,,
榮星花園公園,臺北市中山區下埤里,25.0626,121.5402,2432,02-25850192,1
大園社區活動中心,桃園市大園區大園里,25.06265,121.2003,140,03-3861209,
黎明市民活動中心,新北市泰山區黎明里,25.0627,121.421,21,,
牡丹國小,新北市雙溪區三貂里,25.0627,121.8517,320,,
秀峰國小,新北市汐止區秀山里,25.06287,121.66138,1185,,1
中山國小,臺北市中山區,25.0629,121.5263,290,,
三重區綜合運動場,新北市三重區過田里,25.06303,121.48925,2200,02-29867046,
三民國小,臺北市松山區莊敬里,25.0633,121.5643,100,,
明志國民中學,新北市三重區重陽里,25.0634,121.4892,437,,
民權國中,臺北市大同區隆和里,25.0635,121.5139,30,,
五常國中,臺北市中山區下埤里,25.0635,121.5431,250,,
汐止區公所行政中心,新北市汐止區秀峰里,25.06377,121.65889,158,,1
五常國小,臺北市中山區下埤里,25.0642,121.5422,97,,
大橋國小,臺北市大同區隆和里,25.0643,121.5134,86,,1
正義國民小學,新北市三重區正義里,25.0644,121.4961,929,,
行政區民活動中心,臺北市中山區行政里,25.0644,121.5335,72,,
私立東海高中,新北市三重區二重里,25.0648,121.4787,408,,
大同國小,臺北市大同區蓬萊里,25.0648,121.5161,183,,1
長興社區活動中心,桃園市蘆竹區長興里,25.06484,121.2679,250,,1
內厝河濱公園,桃園市蘆竹區內厝里,25.06511,121.27803,,,
泰山國中,新北市泰山區黎明里,25.0652,121.426,1388,,1
二重國民小學,新北市三重區二重里,25.0652,121.478,4404,,
福安廟,新北市貢寮區美豐里,25.0655,121.8952,40,02-24901660,
二重國民中學,新北市三重區福田里,25.0657,121.4805,845,,
黎明技術學院,新北市泰山區黎明里,25.0658,121.4199,1081,,1
裕民國小,新北市新莊區裕民里,25.0659,121.4616,1127,02-29929891,
樟樹國中,新北市汐止區忠孝里,25.06594,121.63989,2481,,
延平國小,臺北市大同區國慶里,25.066,121.5124,88,,1
修德國民小學,新北市三重區重陽里,25.0661,121.489,962,,
大園區老人文康活動中心,桃園市大園區田心里,25.06617,121.19336,700,,
重陽國民小學,新北市三重區六福里,25.0663,121.4845,608,,
秀峰高中,新北市汐止區秀峰里,25.06646,121.66191,1190,,1
樟樹國小,新北市汐止區厚德里,25.0665,121.64177,1292,,
汐止國小,新北市汐止區智慧里,25.06669,121.65488,810,,
南湖高中,臺北市內湖區,25.0669,121.6111,300,,
汐止國中,新北市汐止區禮門里,25.06696,121.65834,1384,,
師範大學林口校區體育館,新北市林口區林口里,25.0679,121.39784,4587,77148301,
林口市民活動中心,新北市林口區林口里,25.068,121.3717,63,,
崇林國中,新北市林口區麗園里,25.0681,121.3703,1312,,1
正義市民活動中心,新北市三重區雙園里,25.0682,121.4975,100,02-29862345493,
東湖國小,臺北市內湖區,25.0685,121.6158,155,,
麗園國小,新北市林口區東勢里,25.0686,121.3762,945,,
麗林國小,新北市林口區麗林里,25.0687,121.3679,1790,,1
東勢市民活動中心,新北市林口區東勢里,25.06878,121.37725,247,,1
新湖國小,臺北市內湖區,25.0688,121.5887,40,,1
金龍國小,新北市汐止區北峰里,25.06881,121.62705,600,,
麗園市民活動中心,新北市林口區麗園里,25.06898,121.37376,75,,
三民國中,臺北市內湖區,25.0691,121.5862,300,,
茄苳里活動中心,新北市汐止區茄苳里,25.06925,121.67206,53,,1
蘭州國中,臺北市大同區至聖里,25.0693,121.5167,30,,1
內湖區行政大樓,臺北市內湖區湖興里,25.06932,121.5869,170,935578581,
崇德國小,新北市汐止區茄苳里,25.06958,121.66919,1275,,
新北市立三重商工,新北市三重區培德里,25.0696,121.4801,1586,,
私立穀保家商,新北市三重區大有里,25.0697,121.4711,1674,,
更寮國民小學,新北市五股區興珍里,25.0698,121.4677,453,,1
六張市民活動中心,新北市三重區福安里,25.0702,121.4938,100,02-29862345493,
三重國民小學,新北市三重區奕壽里,25.0704,121.4973,709,,
光榮國民中學,新北市三重區奕壽里,25.0705,121.4999,1031,,
崇德橋東市民活動中心,新北市汐止區崇德里,25.07055,121.66695,100,,1
南湖國小,臺北市內湖區,25.0706,121.6107,50,,1
明湖國中,臺北市內湖區,25.0706,121.6107,251,,
大園國中學生活動中心,桃園市大園區圳頭里,25.07069,121.20502,1300,,
和平市民活動中心,新北市三重區立德里,25.0707,121.4874,100,02-29862345493,
厚德國民小學,新北市三重區立德里,25.0707,121.4874,505,,
老人文康活動中心禮堂,新北市三重區立德里,25.0707,121.4884,100,02-29862345493,
光榮國民小學,新北市三重區奕壽里,25.0709,121.5013,195,,
明湖國小,臺北市內湖區,25.0711,121.6106,137,,1
更寮國小-室內,嘉義縣六腳鄉更寮村,25.07122,121.46722,20,05-3796309,
保長坑訓練中心,新北市汐止區保新里,25.07134,121.67932,1075,,1
德音國民小學,新北市五股區水碓里,25.0714,121.4345,146,,1
山鼻內厝聯合里民活動中心,桃園市蘆竹區內厝里,25.07172,121.28752,,,1
保長國小,新北市汐止區保安里,25.07177,121.68085,470,,
仁愛市民活動中心,新北市林口區仁愛里,25.07197,121.37391,194,,1
東湖國中,臺北市內湖區,25.0723,121.6195,138,,1
大園區北港社區活動中心,桃園市大園區北港里,25.07294,121.16435,400,910261517,
三石社區活動中心,桃園市大園區三石里,25.073,121.25823,380,03-3936256,
麗湖國小,臺北市內湖區,25.0731,121.6013,315,,1
大佳國小,臺北市中山區大佳里,25.0733,121.5359,30,,1
大龍國小,臺北市大同區保安里,25.0734,121.5167,30,,
林口高中,新北市林口區東勢里,25.0736,121.381,3099,,1
格致高級中學,新北市三重區永德里,25.0738,121.4887,1000,,1
南勢市民活動中心,新北市林口區南勢里,25.07383,121.35902,106,,1
南勢國小,新北市林口區南勢里,25.075,121.3588,534,,1
明倫高中,臺北市大同區重慶里,25.0755,121.5199,70,,
憲訓中心,新北市五股區德音里,25.0758,121.4349,686,,
后厝社區活動中心,桃園市大園區後厝里,25.07584,121.21157,100,03-3838250,
重慶國中,臺北市大同區重慶里,25.0759,121.5179,,,
臺北市大同運動中心,臺北市大同區蓬萊里,25.0759,121.5179,300,0225702330-6424,
永盛市民活動中心,新北市三重區永盛里,25.0764,121.4846,100,02-29862345493,
三和國民中學,新北市三重區永盛里,25.0766,121.4865,653,,
林口區公所,新北市林口區西林里,25.0767,121.3885,120,02-26033111-216,1
得仁市民活動中心,新北市蘆洲區得仁里,25.0767,121.469,52,22811484-119,1
林口國中活動中心,新北市林口區湖南里,25.0769,121.3769,1736,,
永福國民小學,新北市三重區永福里,25.077,121.4806,706,,
內湖國中,臺北市內湖區,25.077,121.5887,233,,1
長安里民活動中心,基隆市七堵區長安里,25.0771,121.6928,60,02-24511858,1
濱江國小,臺北市中山區金泰里,25.0773,121.5617,114,,
麗林市民活動中心,新北市林口區麗林里,25.0774,121.394,236,,1
北安國中,臺北市中山區劍潭里,25.0778,121.5416,30,25333888-240,
內湖高中,臺北市內湖區,25.0784,121.5865,110,,
臺北市內湖運動中心,臺北市內湖區港墘里,25.0784,121.5865,219,,
新北特殊教育學校,新北市林口區湖南里,25.07845,121.36594,1383,,1
民生市民活動中心,新北市蘆洲區民和里,25.0785,121.4728,20,02-22811484-119,
永安國小,臺北市中山區永安里,25.0787,121.5494,60,,1
長安市民活動中心,新北市汐止區長安里,25.07907,121.67053,89,,1
內湖國小,臺北市內湖區,25.0791,121.5802,150,,1
長安國小,新北市汐止區長安里,25.07932,121.67079,807,,
更新市民活動中心,新北市五股區更寮里,25.0794,121.4573,65,,1
大直高中,臺北市中山區劍潭里,25.0794,121.5428,300,,
醒吾高中,新北市林口區東林里,25.07957,121.39578,1243,,
溪墘湧蓮市民活動中心,新北市蘆洲區溪墘里,25.07957,121.47605,50,02-22811484-119,1
竹林山觀音寺活動中心,新北市林口區菁湖里,25.0796,121.3958,500,,1
濱江國中,臺北市中山區金泰里,25.0796,121.5607,86,02-8502-0126,
內湖高工,臺北市內湖區港墘里,25.0797,121.5754,245,,
劍潭國小,臺北市士林區,25.0799,121.5229,30,,
康寧國小,臺北市內湖區,25.08,121.5949,247,27917755,
佳林國中,新北市林口區中湖里,25.0803,121.3842,747,,1
徐匯中學,新北市蘆洲區溪墘里,25.0803,121.48,784,02-22811484-119,
大直國小,臺北市中山區大直里,25.0805,121.5464,104,02-85098286,
內海貴文宮,桃園市大園區內海里,25.08051,121.18536,300,03-3865039,
長安市民活動中心,新北市蘆洲區忠義里,25.0807,121.4619,123,02-22811484-119,
林口國小,新北市林口區菁湖里,25.0808,121.3899,1009,,1
實踐里民活動中心,基隆市七堵區實踐里,25.081,121.7004,60,02-24518581,1
永安兒童公園市民活動中心,新北市蘆洲區恆德里,25.08163,121.48194,87,02-22811484-119,1
麗山國中,臺北市內湖區,25.0817,121.5752,82,,
中路市民活動中心,新北市蘆洲區中路里,25.0821,121.4675,27,02-22811484-119,
頭湖國小,新北市林口區湖南里,25.0827,121.3729,819,,
堵南里民活動中心,基隆市七堵區堵南里,25.0827,121.6877,40,02-24511868,1
大湖公園,臺北市內湖區秀湖里,25.08283,121.60398,4950,,1
立體停車場,新北市五股區五股里,25.083,121.4393,550,,1
堵南國小活動中心,基隆市七堵區堵南里,25.0832,121.6922,120,02-24511339,1
五股國民中學,新北市五股區五股里,25.0833,121.4357,230,,
暖東里民活動中心,基隆市暖暖區暖東里,25.0833,121.7481,40,02-24572981,1
五股國民小學,新北市五股區五股里,25.0834,121.4377,2532,,1
堵北里民活動中心,基隆市七堵區堵北里,25.0834,121.6953,86,915653312,1
財團法人臺灣省臺北縣基督教徒蘆洲,新北市蘆洲區仁德里,25.0835,121.4786,75,02-22811484-119,
麗山國小,臺北市內湖區,25.0836,121.5725,193,,1
葫蘆國小,臺北市士林區,25.0837,121.507,35,,
百福國中活動中心,基隆市七堵區百福里,25.0837,121.6987,191,02-24511158,1
西湖國小,臺北市內湖區,25.0838,121.5657,76,,
蘆洲國小,新北市蘆洲區保和里,25.0841,121.47,2139,02-22811484-119,1
麗山高中,臺北市內湖區,25.0841,121.5779,60,,1
湖南市民活動中心,新北市林口區湖南里,25.0844,121.3742,86,,1
蘆洲區公所,新北市蘆洲區保和里,25.0847,121.4739,185,02-22811484-119,1
碧華國民小學,新北市三重區富福里,25.08511,121.49037,,,
鷺江國小,新北市蘆洲區鷺江里,25.0853,121.4769,1002,02-22811484-119,
碧湖國小,臺北市內湖區,25.0853,121.5911,134,,
成功國小,新北市蘆洲區成功里,25.0857,121.4575,495,02-22811484-119,
重陽市民活動中心,新北市蘆洲區樓厝里,25.0857,121.4837,58,22811484-119,1
文湖國小,臺北市內湖區,25.0858,121.5601,30,,1
西湖國中,臺北市內湖區,25.0858,121.5657,106,,1
百齡國小,臺北市士林區,25.0862,121.5178,137,,
泰安里民活動中心,基隆市七堵區泰安里,25.0864,121.7114,42,02-24522539,1
五華國民小學,新北市三重區富貴里,25.0865,121.4931,327,,
三民高中,新北市蘆洲區保和里,25.0866,121.4723,5011,02-22811484-119,
百齡高中,臺北市士林區,25.087,121.523,300,,
蘆洲國中,新北市蘆洲區中原里,25.0871,121.4664,2520,02-22811484-119,
新北市立新北高中,新北市三重區富貴里,25.0874,121.4899,4475,,
山腳國中,桃園市蘆竹區山腳里,25.08801,121.27863,500,,1
大湖國小,臺北市內湖區,25.0881,121.6003,175,,1
百福里民活動中心,基隆市七堵區百福里,25.0881,121.695,40,02-24519577,1
猴硐國小,新北市瑞芳區猴硐里,25.0889,121.8296,101,24960450-102,
忠義國小,新北市蘆洲區正義里,25.0893,121.4639,1106,02-22811484-119,
北港國小,新北市汐止區拱北里,25.0894,121.6456,1307,,
天母棒球場,臺北市士林區三玉里,25.0898,121.5029,150,,
臺北市士林運動中心,臺北市士林區福德里,25.0898,121.5029,171,,
社子國小,臺北市士林區,25.0898,121.5029,192,,
鷺江國中,新北市蘆洲區正義里,25.0903,121.4618,659,02-22811484-119,1
公民會館,新北市五股區成泰里,25.09038,121.44022,182,,1
永平市民活動中心,新北市蘆洲區永樂里,25.0904,121.4592,151,02-22811484-119,
六堵里民活動中心,基隆市七堵區六堵里,25.0908,121.7015,48,02-24514632,1
仁愛國小,新北市蘆洲區水湳里,25.0915,121.471,584,02-22811484-119,
陽明高中,臺北市士林區,25.0918,121.5172,110,,
友一里民活動中心,基隆市七堵區友一里,25.0921,121.6688,40,02-24517883,1
水湳市民活動中心,新北市蘆洲區水湳里,25.0927,121.4731,34,02-22811484-119,1
士林國小,臺北市士林區福德里,25.0928,121.5251,225,,
士林國中,臺北市士林區,25.0943,121.5226,39,,
成功市民活動中心,新北市五股區成功里,25.0944,121.4461,100,,1
大古山停車場,桃園市蘆竹區山腳里,25.09458,121.28829,200,3241793,1
基隆高級商工職業學校,基隆市七堵區長興里,25.0949,121.7173,146,02-24566171,1
士林高商,臺北市士林區,25.095,121.5163,54,,
長興里民活動中心,基隆市七堵區長興里,25.095,121.718,52,02-24563563,1
士林官邸公園,臺北市士林區福林里,25.0951,121.5303,1362,,1
暖西里民活動中心,基隆市暖暖區暖西里,25.0951,121.738,96,02-24581888,1
碇祥里民活動中心,基隆市暖暖區碇祥里,25.0955,121.7538,85,02-24574591,1
碇內里民活動中心,基隆市暖暖區碇內里,25.0958,121.7538,32,02-24576802,1
碇內國中,基隆市暖暖區碇內里,25.0961,121.7495,229,,1
暖暖里民活動中心,基隆市暖暖區暖暖里,25.0971,121.7354,60,02-24574808,1
七堵國小活動中心,基隆市七堵區永平里,25.0978,121.7136,150,02-24567116,1
成州市民活動中心,新北市五股區成州里,25.0981,121.4494,75,,1
七堵行政大樓6樓,基隆市七堵區正光里,25.0983,121.7166,200,02-24566171101,1
福林國小,臺北市士林區福志里,25.0987,121.5297,142,,
永平里民活動中心,基隆市七堵區永平里,25.0995,121.7134,90,02-24566659,1
文昌國小,臺北市士林區,25.0996,121.5209,75,,
地藏禪寺,臺北市士林區福安里,25.09961,121.49111,100,02-28100237,
成州國民小學,新北市五股區成功里,25.0998,121.4505,398,,1
碇安里民活動中心,基隆市暖暖區碇安里,25.0998,121.7555,64,02-24577135,1
沙崙社區活動中心,桃園市大園區沙崙里,25.10109,121.22257,250,03-3836396,
八德土地公廟,基隆市七堵區八德里,25.1011,121.7166,12,02-24564002,1
湖北市民活動中心,新北市林口區湖北里,25.1013,121.3847,73,,
暖同里民活動中心,基隆市暖暖區暖同里,25.1015,121.7373,64,02-24573552,1
自強里民活動中心,基隆市七堵區自強里,25.1022,121.7122,44,02-24569686,1
海湖國小,桃園市蘆竹區海湖里,25.10233,121.26754,450,,1
雨聲國小,臺北市士林區,25.1027,121.5352,46,,
福安國中,臺北市士林區,25.1033,121.4874,30,,
至善國中,臺北市士林區臨溪里,25.1035,121.5555,170,,
竹圍國小,桃園市大園區竹圍里,25.10367,121.24425,700,,
吉慶國小,新北市瑞芳區吉慶里,25.1037,121.7628,403,24576405-614,
中正高中,臺北市北投區,25.1045,121.5165,109,,
竹圍社區活動中心,桃園市大園區竹圍里,25.10451,121.24168,160,952343988,
過港里民活動中心,基隆市暖暖區過港里,25.1049,121.7383,60,02-24581566,
佛祖廟西靈岩寺,新北市貢寮區和美里,25.1051,121.92115,62,,
雨農國小,臺北市士林區,25.1053,121.5299,124,,
爪峰里活動中心,新北市瑞芳區爪?里,25.1056,121.8135,162,24977059,
富安國小,臺北市士林區,25.1058,121.4824,50,,
文林國小,臺北市北投區,25.1059,121.5147,300,,
雙溪國小,臺北市士林區,25.1061,121.5638,30,,
傑魚市民活動中心,新北市瑞芳區傑魚里,25.1065,121.788,231,24975222,
福住市民活動中心,新北市瑞芳區福住里,25.10674,121.84177,53,24972250-1104,
新山里活動中心,新北市瑞芳區新山里,25.107,121.8515,41,24961399,
九份國小,新北市瑞芳區永慶里,25.1071,121.8434,172,24972263-22,
復興國小,基隆市七堵區友二里,25.1073,121.6655,35,,1
明德國中,臺北市北投區,25.1075,121.5183,88,28232539-601,
瑞芳國中,新北市瑞芳區新峰里,25.1075,121.8145,1826,24972145-230,
瑞龍市民活動中心,新北市瑞芳區龍興里,25.10758,121.80909,580,24972250-1202,
基隆高中,基隆市暖暖區八堵里,25.1077,121.7329,347,,1
觀音市民活動中心,新北市五股區觀音里,25.10778,121.43072,149,,1
瑞芳國小,新北市瑞芳區龍潭里,25.1079,121.8039,447,2491-2508,1
嘉寶國小,新北市林口區嘉寶里,25.1083,121.3393,425,,
蘭雅國小,臺北市士林區,25.1084,121.5231,30,,
八南里民活動中心,基隆市暖暖區八南里,25.1086,121.7324,66,02-24562205,1
海口社區活動中心,桃園市大園區海口里,25.10865,121.24138,350,03-3933389,
瑞芳區公所,新北市瑞芳區龍鎮里,25.1088,121.8095,115,02-24972250-1206,1
八中里民活動中心,基隆市暖暖區八中里,25.1096,121.7296,42,02-24568920,1
瑪陵國小活動中心,基隆市七堵區瑪南里,25.1099,121.6899,46,,1
芝山國小,臺北市士林區,25.1104,121.5364,40,,
瑞芳高工,新北市瑞芳區龍山里,25.1104,121.8036,1360,24972516-201,
蘭雅國中,臺北市士林區,25.1106,121.531,130,,
八西里民活動中心,基隆市暖暖區八西里,25.1106,121.7361,10,02-24573066,1
勸濟堂,新北市瑞芳區銅山里,25.1107,121.86,50,24961273,
瓜山國小,新北市瑞芳區瓜山里,25.1111,121.8569,232,24962036-168,
明德國小,臺北市北投區,25.1121,121.5218,109,,
和美國小,新北市貢寮區和美里,25.1123,121.9193,117,,
佛祖廟西側高地,新北市貢寮區和美里,25.11233,121.91934,62,,
興福國小,新北市林口區下福里,25.1124,121.3126,735,,1
翠柏新村安養中心-服務大樓,新北市汐止區長青里,25.1125,121.60322,203,,1
八德里民活動中心,基隆市七堵區八德里,25.1129,121.7279,14,02-24564002,1
石牌國中,臺北市北投區,25.1149,121.5142,100,,
石牌國小,臺北市北投區,25.1157,121.5117,112,,
三玉國小,臺北市士林區,25.118,121.5373,30,,
天母國中,臺北市士林區,25.118,121.5381,99,,
南榮國小,基隆市仁愛區德厚里,25.1194,121.7439,165,02-24223038,1
立農國小,臺北市北投區,25.1195,121.5053,30,,
天母國小,臺北市士林區,25.1197,121.5274,100,02-28740889,
陽明山國小,臺北市士林區新安里,25.1198,121.5529,50,,
溪山國小,臺北市士林區溪山里,25.1198,121.5796,50,,
關渡國中,臺北市北投區,25.1199,121.4673,30,,
育仁里民活動中心,基隆市仁愛區育仁里,25.1204,121.744,25,,1
東和市民活動中心,新北市瑞芳區東和里,25.1204,121.8879,95,24972704,
威遠廟,新北市瑞芳區?新里,25.12045,121.86811,82,24961757,
瑞濱國小,新北市瑞芳區瑞濱里,25.12049,121.82032,877,24978184,
鼻頭國小,新北市瑞芳區鼻頭里,25.1208,121.9194,251,24911571-13,
鶯歌里民活動中心,基隆市安樂區鶯歌里,25.121,121.7232,127,02-24319835,1
安樂區公所二樓禮堂,基隆市安樂區鶯安里,25.1211,121.7232,76,02-24312118,1
瑞濱市民活動中心,新北市瑞芳區瑞濱里,25.1212,121.8205,115,24976599,
壯觀里民活動中心,基隆市安樂區壯觀里,25.1213,121.7155,30,02-24342001,1
普宜苑,臺北市士林區溪山里,25.1214,121.5773,,2841-3393,1
瑪東里民活動中心,基隆市七堵區瑪東里,25.1219,121.6984,56,02-24565293,1
濂洞國小,新北市瑞芳區?洞里,25.1223,121.8598,228,24961330-12,
七賢里民活動中心,基隆市安樂區七賢里,25.1228,121.7231,54,02-24323787,1
吉仁里民活動中心,基隆市仁愛區吉仁里,25.1233,121.7442,40,,1
孝岡里民活動中心,基隆市信義區,25.1236,121.7913,43,02-24662675,1
新安里臨時聚會場所,臺北市士林區新安里,25.12409,121.55358,45,02-28623615,
獅球書院聯合里民活動中心,基隆市仁愛區獅球里,25.1241,121.7367,42,,1
長樂國小餐廳旁空間,基隆市安樂區五福里,25.1249,121.7136,101,02-24323252,1
仁愛區公所,基隆市仁愛區光華里,25.1252,121.7367,67,,1
光華里民活動中心,基隆市仁愛區光華里,25.1252,121.7367,70,,1
兆連里民活動中心,基隆市仁愛區兆連里,25.1253,121.7389,49,,1
林泉里民活動中心,基隆市仁愛區林泉里,25.1254,121.7525,60,,1
長坑市民活動中心,新北市八里區下罟里,25.1257,121.3883,100,02-26102621117,
長坑國小,新北市八里區長坑里,25.1257,121.3905,224,26102237113,
竹圍國小自強分校,新北市淡水區福德里,25.1257,121.464,207,02-28093245,1
四維里民活動中心,基隆市安樂區四維里,25.1258,121.7239,60,02-24335805,1
福仁里民活動中心,基隆市仁愛區福仁里,25.1258,121.7438,34,,1
長樂國小活動中心,基隆市安樂區長樂里,25.1261,121.7116,212,02-24323252,1
三民里民活動中心,基隆市安樂區三民里,25.1261,121.719,89,02-24345158,1
和明里民活動中心,基隆市仁愛區和明里,25.1261,121.7459,74,,1
禮儀里民活動中心,基隆市信義區,25.1262,121.7617,15,02-24654871,1
關渡國小,臺北市北投區,25.1268,121.4668,110,,
清江國小,臺北市北投區,25.1269,121.5076,30,,
孝深里民活動中心,基隆市信義區,25.1269,121.7854,52,02-24651433,1
禮東里民活動中心,基隆市信義區,25.127,121.7624,24,02-24659320,1
東明里民活動中心,基隆市信義區,25.127,121.767,27,02-24651989,1
文安里民活動中心,基隆市仁愛區文安里,25.1271,121.7411,20,,1
玉田里民活動中心,基隆市仁愛區玉田里,25.1271,121.7438,30,,1
智仁里民活動中心,基隆市仁愛區智仁里,25.1272,121.7486,74,,1
花崗里活動中心,基隆市仁愛區花崗里,25.1272,121.7518,26,,1
新忠勇里民活動中心,基隆市仁愛區忠勇里,25.1274,121.7445,30,905721731,1
忠勇里民活動中心,基隆市仁愛區忠勇里,25.1274,121.745,30,,1
智慧里民活動中心,基隆市信義區,25.1275,121.7544,54,02-24227999,1
明德里民活動中心,基隆市仁愛區明德里,25.1276,121.739,29,,1
仁愛國小,基隆市仁愛區和明里,25.128,121.746,171,02-24289131,1
博愛里民活動中心,基隆市仁愛區博愛里,25.1282,121.7408,53,,1
虹橋水錦聯合里民活動中心,基隆市仁愛區虹橋里,25.1282,121.7498,62,,1
朝棟里民活動中心,基隆市仁愛區朝棟里,25.1283,121.7362,85,,1
瑞平國小,新北市林口區太平里,25.1284,121.3493,219,,1
義民里民活動中心,基隆市信義區,25.1285,121.7553,71,02-24235023,1
瑪西里民活動中心,基隆市七堵區瑪西里,25.1286,121.6774,73,02-24564665,1
東安里民活動中心,基隆市信義區,25.1286,121.7681,78,02-24655474,1
新店里民活動中心,基隆市仁愛區新店里,25.1287,121.7406,34,,1
義和里民活動中心,基隆市信義區,25.1287,121.7575,71,02-24654065,1
同風里民活動中心,基隆市仁愛區同風里,25.1289,121.7394,13,,1
平等國小,臺北市士林區,25.1291,121.5763,20,,
市立體育館,基隆市信義區,25.1293,121.7569,817,,1
義昭里民活動中心,基隆市信義區,25.1294,121.7526,118,02-24249039,1
新建里民活動中心,基隆市中山區新建里,25.1295,121.7373,20,02-24260823,1
基隆市信義區公所,基隆市信義區,25.1295,121.7513,117,,1
深澳里市民活動中心,新北市瑞芳區深澳里,25.12962,121.81797,113,24972250-1202,
仁德里民活動中心,基隆市仁愛區仁德里,25.1297,121.7412,36,,1
東信里民活動中心,基隆市信義區,25.1298,121.7627,36,224684012,1
安樂國小活動中心,基隆市安樂區永康里,25.1302,121.7302,274,,1
孝德里民活動中心,基隆市信義區,25.1305,121.7767,57,022466-7566,1
文昌里民活動中心,基隆市仁愛區文昌里,25.1307,121.7385,36,,1
仁義里民活動中心,基隆市信義區,25.1307,121.7508,37,02-24287750,1
安民里民活動中心,基隆市中山區安民里,25.1309,121.7361,50,02-24248836,1
格致國中,臺北市士林區,25.1311,121.5468,47,,
西華里民活動中心,基隆市中山區西華里,25.1317,121.7354,20,02-24263535,1
安和及慈仁里民活動中心,基隆市安樂區安和里,25.1318,121.7319,140,02-24224479,1
安平里民活動中心,基隆市中山區安平里,25.1319,121.7377,25,02-24235071,1
龍米市民活動中心,新北市八里區龍源里,25.132,121.4511,125,02-26181246,
東信國小,基隆市信義區,25.1321,121.7605,160,,1
干城里民活動中心,基隆市安樂區干城里,25.1324,121.7296,200,02-24237172,1
北投區區民活動中心,臺北市北投區,25.1325,121.5024,90,,
西榮里民活動中心,基隆市中山區西榮里,25.1332,121.7363,50,02-24282233,1
安樂高中活動中心,基隆市安樂區定國里,25.1336,121.7333,175,224236600,1
北投國小,臺北市北投區,25.1342,121.5003,195,,
北投國中,臺北市北投區,25.1345,121.5042,30,,
中山里民活動中心,基隆市中山區中山里,25.1345,121.7394,40,02-24242334,1
民治里民活動中心,基隆市中山區民治里,25.1345,121.7395,40,02-24234213,1
東光里民活動中心,基隆市信義區,25.1345,121.7683,107,02-24650489,1
桃源國中,臺北市北投區,25.1347,121.4773,55,,
港通及正義里民活動中心,基隆市中正區港通里,25.1347,121.7467,26,,1
私立聖心女中,新北市八里區龍源里,25.1348,121.4496,902,26182287115,
信義里民活動中心,基隆市中正區信義里,25.135,121.7477,61,02-24256399,1
太平市民活動中心,新北市林口區太平里,25.13526,121.36638,82,,
新豐里民活動中心,基隆市中正區新豐里,25.1356,121.7852,23,02-24693885,1
中正國小活動中心,基隆市中正區中船里,25.1357,121.7511,270,,1
興寮里民活動中心,基隆市安樂區興寮里,25.136,121.7203,74,022433-6691,1
西川里民活動中心,基隆市安樂區西川里,25.1365,121.7322,70,02-24247319,1
文化國小,臺北市北投區,25.1371,121.4967,30,,
西定里民活動中心,基隆市中山區西定里,25.1371,121.7323,100,02-24270156,1
中興里民活動中心,基隆市中山區中興里,25.1371,121.7407,40,02-24279141,1
三砂灣聯合里民活動中心,基隆市中正區,25.1374,121.7503,40,02-24271535,
外寮里民活動中心,基隆市安樂區外寮里,25.1375,121.7111,70,02-24335651,1
民生活動中心,新北市淡水區民生里,25.138,121.4613,72,,1
復興崗營區,臺北市北投區,25.1381,121.4929,200,02-28925125,
復興崗營區,基隆市中正區中正里,25.1381,121.49288,361,,
逸仙國小,臺北市北投區,25.1383,121.5052,164,,1
新民國中,臺北市北投區,25.1389,121.5065,207,,
臺北市北投運動中心,臺北市北投區吉利里,25.1389,121.5065,384,,
復興公園,臺北市北投區中心里,25.139,121.5024,3623,,1
砂子里民活動中心,基隆市中正區砂子里,25.1391,121.7965,72,02-24691248,1
桃源國小,臺北市北投區,25.1396,121.4845,30,,1
八里國中,新北市八里區荖阡里,25.1399,121.4013,2360,26102016101,
新西里民活動中心,基隆市安樂區新西里,25.14,121.7271,74,02-24223094,1
八斗高中活動中心,基隆市中正區新豐里,25.1401,121.7885,84,,1
中山高中分部活動中心,基隆市中山區仁正里,25.1405,121.735,200,,1
仁正里民活動中心,基隆市中山區仁正里,25.1407,121.7387,50,02-24251521,1
中砂里民活動中心,基隆市中正區中砂里,25.1408,121.7608,22,02-24628991,1
碧砂里民活動中心,基隆市中正區碧砂里,25.141,121.7926,60,02-24692155,1
西康里民活動中心,基隆市中山區西康里,25.1416,121.727,30,02-24227490,1
中和里民活動中心,基隆市中山區中和里,25.1418,121.7225,70,02-24281890,1
義方國小,臺北市北投區,25.142,121.5093,120,,
正砂里民活動中心,基隆市中正區正砂里,25.142,121.7604,60,02-24620698,1
砂灣里民活動中心,基隆市中正區砂灣里,25.142,121.7639,58,02-24626870,1
健民里民活動中心,基隆市中山區健民里,25.1423,121.7376,50,02-24220926,1
和平里民活動中心,基隆市中山區和平里,25.1427,121.7444,20,02-24246436,1
中崙里民活動中心,基隆市安樂區中崙里,25.143,121.7023,131,02-24310558,1
八斗里民活動中心,基隆市中正區八斗里,25.1432,121.7967,41,02-24691302,1
復興高中,臺北市北投區,25.1437,121.5018,300,02-28914131,
居仁里民活動中心,基隆市中山區居仁里,25.1438,121.7341,55,02-24222301,1
八斗子環保公園,基隆市中正區長潭里,25.14413,121.80342,500,,
通化里民活動中心,基隆市中山區通化里,25.1455,121.7393,90,02-24282050,1
中山國小,基隆市中山區居仁里,25.14597,121.73594,86,02-24223053,1
竹圍高中,新北市淡水區八勢里,25.146,121.4617,612,,1
建國里民活動中心,基隆市中正區建國里,25.146,121.7696,54,02-24620798,1
中和國小,基隆市中山區中和里,25.1462,121.7204,50,02-24371751,1
德和里民活動中心,基隆市中山區德和里,25.1464,121.7268,50,02-24373167,1
米倉國小,新北市八里區米倉里,25.1468,121.4454,688,26182202201,1
仙洞國小,基隆市中山區仙洞里,25.14719,121.74711,76,02-24223031,1
竹圍國小,新北市淡水區八勢里,25.1475,121.4602,580,,1
仙洞里民活動中心,基隆市中山區仙洞里,25.1477,121.7464,60,02-24264626,1
通明里休閒活動中心,基隆市中山區通明里,25.1479,121.7382,60,02-24238842,1
基隆海事活動中心,基隆市中正區海濱里,25.148,121.7715,148,02-24621602,1
通明里民活動中心,基隆市中山區通明里,25.1483,121.7382,60,02-24238842,1
中濱里民活動中心,基隆市中正區中濱里,25.1485,121.7642,40,02-24620181,1
文化活動中心,新北市八里區舊城里,25.1487,121.4029,50,02-86303264,
泉源國小,臺北市北投區,25.1492,121.5243,30,,
八里國小,新北市八里區舊城里,25.1495,121.403,1243,,
中正里民活動中心,基隆市中正區中正里,25.1495,121.7672,60,02-24621889,1
德安里民活動中心,基隆市中山區德安里,25.1499,121.7264,45,02-24374723,1
湖山國小,臺北市北投區,25.15,121.5355,20,,
國立臺灣海洋大學,基隆市中正區海濱里,25.15007,121.77673,629,,
大慶活動中心,基隆市中山區和慶里,25.151,121.7153,120,02-24377878,1
中正區公所,基隆市中正區正濱里,25.1515,121.7678,25,,1
太白里民活動中心,基隆市中山區太白里,25.1518,121.743,40,02-24264512,1
基隆市中山區公所,基隆市中山區文化里,25.1526,121.7295,50,,1
文化里民活動中心,基隆市中山區文化里,25.1535,121.7317,60,02-24239180,1
中山高中活動中心,基隆市中山區文化里,25.1542,121.7307,160,02-24248191,1
和平島聯合里民活動中心,基隆市中正區社寮里,25.1546,121.7643,55,02-24628668,1
大屯國小,臺北市北投區,25.1547,121.5043,20,,
平寮里民活動中心,基隆市中正區平寮里,25.1551,121.7638,21,02-24631305,1
和平國小活動中心,基隆市中正區社寮里,25.15565,121.76607,100,02-24622106,
內寮里民活動中心,基隆市安樂區內寮里,25.1569,121.6965,127,02-24327738,1
協和里民活動中心,基隆市中山區協和里,25.1573,121.7345,50,02-24276688,1
坪頂國小,新北市淡水區坪頂里,25.1583,121.4839,395,,1
大崁老人活動中心,新北市八里區大崁里,25.1589,121.4221,100,,
渡船頭市民活動中心,新北市八里區米倉里,25.1589,121.4344,50,02-86301527,
大埤頂市民活動中心,新北市八里區大崁里,25.1591,121.4152,70,02-86305857,
崁腳國小,新北市萬里區崁?里,25.1599,121.6486,251,,
大崁國小,新北市八里區大崁里,25.1603,121.4194,1193,86305678,
崁腳活動中心,新北市萬里區崁?里,25.1605,121.6497,30,,1
竿蓁活動中心,新北市淡水區竿蓁里,25.16351,121.45144,193,02-26221020,1
興音寺,新北市淡水區樹興里,25.164,121.48835,150,02-86260140,
大坪國小,新北市萬里區雙興里,25.1642,121.6364,240,,
真聖宮,新北市淡水區樹興里,25.16549,121.49216,50,02-26221020,
湖田國小,臺北市北投區,25.1684,121.5387,20,,
樹興里活動中心,新北市淡水區樹興里,25.16847,121.47694,30,02-26232496,
長青醫院,新北市淡水區樹興里,25.17107,121.48271,100,,
長庚活動中心,新北市淡水區長庚里,25.1711,121.4432,74,,1
鄧公國小,新北市淡水區學府里,25.1713,121.4493,1066,,1
中興活動中心,新北市淡水區中興里,25.1723,121.4432,57,,1
淡水國小,新北市淡水區協元里,25.1734,121.4414,665,02-26212755,1
文化國小,新北市淡水區文化里,25.174,121.4374,436,,1
淡水國中,新北市淡水區文化里,25.1747,121.4367,1608,,1
萬里國小,新北市萬里區萬里里,25.17619,121.68913,897,,
萬里國中,新北市萬里區萬里里,25.17779,121.69441,475,,
萬里區行政大樓,新北市萬里區,25.1778,121.6854,214,02-24922064332,1
中華商業海事職業學校,新北市萬里區萬里里,25.17783,121.68535,125,,
獅頭路瑪鋉公園,新北市萬里區萬里里,25.17783,121.69193,225,,
水碓活動中心,新北市淡水區水碓里,25.178,121.4442,102,,1
萬里區行政大樓,新北市萬里區萬里里,25.17817,121.68962,214,,1
新興活動中心,新北市淡水區新義里,25.1784,121.44305,446,,1
正德國中,新北市淡水區北新里,25.179,121.4476,2005,,1
新興國小,新北市淡水區新興里,25.1797,121.44,663,,1
天生國小,新北市淡水區油車里,25.1816,121.4243,798,,1
淡海活動中心,新北市淡水區大庄里,25.18179,121.42297,148,,1
鎮北宮,新北市萬里區龜吼里,25.1839,121.68026,175,,
水源國小,新北市淡水區水源里,25.1858,121.4765,614,,1
水源里活動中心,新北市淡水區水源里,25.18582,121.47653,85,02-26213059,
新市國小,新北市淡水區北投里,25.18602,121.44451,1490,,1
淡水商工,新北市淡水區埤島里,25.1868,121.454,1264,,1
基督教芥菜種營地,新北市萬里區龜吼里,25.19188,121.67897,200,,
育英國小,新北市淡水區埤島里,25.197,121.4449,261,,
仁愛之家,新北市萬里區龜吼里,25.1978,121.6841,269,,1
忠山國小,新北市淡水區忠山里,25.2011,121.48,213,,1
磺潭社區親水公園,新北市萬里區磺潭里,25.20223,121.64629,225,,
野柳活動中心,新北市萬里區野柳里,25.2029,121.6861,216,,1
新北市三芝區興華國民小學,新北市三芝區興華里,25.20371,121.50153,408,26371366-205,
野柳國小,新北市萬里區野柳里,25.20561,121.68944,658,,
大鵬國小,新北市萬里區大鵬里,25.20882,121.65087,1306,,
頂寮活動中心,新北市萬里區大鵬里,25.21053,121.65573,69,,1
公館崙公園,新北市金山區五湖里,25.21322,121.63181,500,,
興仁國小,新北市淡水區興仁里,25.2175,121.4511,450,,1
金山朝天宮,新北市金山區重和里,25.21803,121.60248,75,2408-0664,1
三和國小,新北市金山區重和里,25.2189,121.6029,156,,
金山區運動休閒廣場,新北市金山區五湖里,25.221,121.6283,702,,1
新北市三芝區圓山里活動中心,新北市三芝區圓山里,25.2217,121.5295,24,02-26362111-293,1
金美國小,新北市金山區美田里,25.2217,121.6327,892,24986503,
中山堂〈1樓禮堂〉,新北市金山區大同里,25.2217,121.6408,501,02-24985965,
金山國小,新北市金山區大同里,25.2237,121.6367,503,02-24985966,1
中泰國小,新北市淡水區中和里,25.2241,121.4847,915,,1
金山高中,新北市金山區美田里,25.2246,121.6372,520,,
金山青年活動中心,新北市金山區磺港里,25.2259,121.6411,23369,02-24985965,
六三社區活動中心,新北市金山區六股里,25.23009,121.62071,45,,
金山區獅頭山公園,新北市金山區磺港里,25.2311,121.6493,500,02-24985966,
聖德宮,新北市金山區三界里,25.23111,121.61991,187,02-24985966,
新北市三芝區八賢里活動中心,新北市三芝區八賢里,25.23707,121.5131,45,02-26362111-299,1
屯山國小,新北市淡水區中和里,25.2373,121.4564,251,,1
中角國小,新北市金山區萬壽里,25.2398,121.6306,249,,
萬壽活動中心,新北市金山區萬壽里,25.2405,121.63135,73,,
妙濟寺,新北市石門區乾華里,25.25408,121.59234,62,02-2638-3591,
新北市三芝區公有市場,新北市三芝區埔坪里,25.2564,121.5036,90,02-26362111,
三芝區公所,新北市三芝區埔頭里,25.2578,121.5011,60,02-26362111251,1
新北市三芝區三芝國民小學,新北市三芝區埔頭里,25.2579,121.5016,956,26362005,
三芝農會,新北市三芝區埔頭里,25.2585,121.5011,63,26363111,
新北市三芝區橫山國民小學,新北市三芝區橫山里,25.25889,121.52976,319,02-26362473-13,
新北市立三芝國民中學,新北市三芝區埔坪里,25.26,121.5028,1182,26362004-19,1
乾華國小禮堂,新北市石門區茂林里,25.2693,121.5923,671,02-26381269,
茂林里活動中心,新北市石門區茂林里,25.27188,121.59183,110,,
草里里活動中心,新北市石門區草里里,25.28074,121.60672,78,,1
北海岸風景管理處德茂里活動中心,新北市石門區德茂里,25.28326,121.51916,25,,
老梅國小教室,新北市石門區老梅里,25.2889,121.545,426,02-26381721605,
富基里活動中心,新北市石門區富基里,25.28902,121.54063,69,,1
老梅里活動中心,新北市石門區老梅里,25.28943,121.5452,54,,1
山溪里活動中心,新北市石門區山溪里,25.29089,121.55172,275,,
石門里活動中心,新北市石門區石門里,25.29119,121.56588,52,,
石門區體育館,新北市石門區石門里,25.2912,121.5645,325,,1
石門區公所,新北市石門區尖鹿里,25.2912,121.5679,312,02-26381721702,
石門國民中學,新北市石門區石門里,25.2913,121.5646,435,,
石門國小,新北市石門區尖鹿里,25.29186,121.56704,695,963061365,
尖鹿里活動中心,新北市石門區尖鹿里,25.29202,121.56684,25,,
義仁社區活動中心,嘉義縣竹崎鄉義仁村,25.5234,120.5472,30,05-2110551,
仁愛國小教室,連江縣南竿鄉仁愛村,26.1409,119.9311,,912547147,1
馬祖綜合福利園區,連江縣北竿鄉,26.1525,119.9428,,933935062,1
國立馬祖高中,連江縣南竿鄉介壽村,26.1541,119.9551,,988071001,1
連江縣體育館,連江縣南竿鄉介壽村,26.155,119.9533,,921932002,1
老人活動中心,連江縣南竿鄉介壽村,26.1551,119.9575,,920121824,1
中正國中小學教室,連江縣南竿鄉馬祖村,26.1591,119.9254,,928812999,1
介壽國中小學教室,連江縣南竿鄉介壽村,26.1601,119.9551,,919919621,1
福沃候船大樓,連江縣南竿鄉福沃村,26.1605,119.9494,,937505830,1
港務大樓,連江縣北竿鄉白沙村,26.20572,119.96914,100,937505820,
?里國小,連江縣北竿鄉,26.21534,119.97437,,937077397,
塘岐國小,連江縣北竿鄉塘岐村,26.22355,119.99702,,937770312,
楊公八使廟,連江縣北竿鄉后沃村,26.22371,120.007,,321930208,
中山國中,連江縣北竿鄉芹壁村,26.22402,119.98049,,919919713,
老人活動中心,連江縣北竿鄉塘岐村,26.22553,119.99741,,919133461,
塘歧羽球館,連江縣北竿鄉塘岐村,26.2271,119.99663,,911837560,
三合殿,連江縣北竿鄉橋仔村,26.23461,119.99338,,932072150,
東引鄉活動中心,連江縣東引鄉樂華村,26.36691,120.48795,,933768131,
東引國中小教室,連江縣東引鄉中柳村,26.36792,120.48845,,921932933,
東引鄉體育館,連江縣東引鄉中柳村,26.36836,120.48789,,933768131,
